ecosystem_id,product_brand_id,date_year_month,forecast_share
4000,5101,202501,0.2324626845300892
4000,5101,202502,0.2252399727150227
4000,5101,202503,0.22371864015717763
4000,5101,202504,0.22739392769139935
4000,5101,202505,0.22252419286159494
4000,5101,202506,0.21970745576169293
4000,5102,202501,0.15244644346365857
4000,5102,202502,0.15252012399997497
4000,5102,202503,0.1534932581137204
4000,5102,202504,0.15254942539894498
4000,5102,202505,0.1526381141383055
4000,5102,202506,0.15242747619437724
4000,5105,202501,0.3554839463641927
4000,5105,202502,0.28239744031329433
4000,5105,202503,0.24096171504457253
4000,5105,202504,0.3103239121674947
4000,5105,202505,0.25775366965907004
4000,5105,202506,0.20903720853048569
4000,5109,202501,0.5013069838947947
4000,5109,202502,0.587441359946428
4000,5109,202503,0.4624463911315848
4000,5109,202504,0.5732140159510125
4000,5109,202505,0.6374860096849079
4000,5109,202506,0.6259857690549993
4000,5112,202501,0.31579083941534947
4000,5112,202502,0.2221918048231321
4000,5112,202503,0.29191893447750233
4000,5112,202504,0.3005798343538218
4000,5112,202505,0.23694805617733045
4000,5112,202506,0.3149470242978297
4000,5116,202501,0.29125787780030776
4000,5116,202502,0.2962068342971296
4000,5116,202503,0.2904519325772116
4000,5116,202504,0.28486519130775784
4000,5116,202505,0.28900349380938434
4000,5116,202506,0.28352123250041805
4000,5117,202501,0.1783479222241157
4000,5117,202502,0.17818297053183832
4000,5117,202503,0.17719108021490532
4000,5117,202504,0.1748948443875203
4000,5117,202505,0.17500804522784041
4000,5117,202506,0.17447447432199634
4000,5118,202501,0.1304568757787487
4000,5118,202502,0.1290092682060584
4000,5118,202503,0.13155357871298798
4000,5118,202504,0.12929328765898165
4000,5118,202505,0.1279949285866854
4000,5118,202506,0.13193188336241904
4001,5101,202501,0.24653405091231448
4001,5101,202502,0.2477605219752004
4001,5101,202503,0.25213612081198916
4001,5101,202504,0.2529157012130726
4001,5101,202505,0.2513618328613925
4001,5101,202506,0.2541959208269315
4001,5102,202501,0.21972942573520135
4001,5102,202502,0.21424718870066917
4001,5102,202503,0.20657450277216718
4001,5102,202504,0.2102615487783464
4001,5102,202505,0.2079275961620917
4001,5102,202506,0.20465949531669417
4001,5105,202501,0.19743209571575604
4001,5105,202502,0.16505936565953114
4001,5105,202503,0.1507697723536142
4001,5105,202504,0.22583589095273526
4001,5105,202505,0.17020049628835882
4001,5105,202506,0.12021712237208672
4001,5109,202501,0.42734378343325
4001,5109,202502,0.42753861150980327
4001,5109,202503,0.4422939260112894
4001,5109,202504,0.3980309939316699
4001,5109,202505,0.49476976307480447
4001,5109,202506,0.7122204076379223
4001,5112,202501,0.18998867287278784
4001,5112,202502,0.20059264539043276
4001,5112,202503,0.1816662426220467
4001,5112,202504,0.2065776131558952
4001,5112,202505,0.12211761425449366
4001,5112,202506,0.17942671595113627
4001,5116,202501,0.28931445759657554
4001,5116,202502,0.2957916999656577
4001,5116,202503,0.2975896968148747
4001,5116,202504,0.2839897280746994
4001,5116,202505,0.2826930110695107
4001,5116,202506,0.2854058495751558
4001,5117,202501,0.16340299408330097
4001,5117,202502,0.16846108922691608
4001,5117,202503,0.1662402116348315
4001,5117,202504,0.16572615659563733
4001,5117,202505,0.16725976644577614
4001,5117,202506,0.16367495400294674
4001,5118,202501,0.10287242692402382
4001,5118,202502,0.09829499556470359
4001,5118,202503,0.09861303296396591
4001,5118,202504,0.10427428867336898
4001,5118,202505,0.10155374401994421
4001,5118,202506,0.10230029493758785
4002,5101,202501,0.22667621700576615
4002,5101,202502,0.22308882487137124
4002,5101,202503,0.22399169404577143
4002,5101,202504,0.22099044847932106
4002,5101,202505,0.21989320189079592
4002,5101,202506,0.21737444089528393
4002,5102,202501,0.20320471043522573
4002,5102,202502,0.19721305906615116
4002,5102,202503,0.20174620322230852
4002,5102,202504,0.2019547711044626
4002,5102,202505,0.20506396768530122
4002,5102,202506,0.20449939077486945
4002,5105,202501,0.4231845906927198
4002,5105,202502,0.40242981378180537
4002,5105,202503,0.429224974027522
4002,5105,202504,0.3728056511205711
4002,5105,202505,0.34788611876028397
4002,5105,202506,0.41661724548904394
4002,5109,202501,0.77291448198999
4002,5109,202502,0.6906437347931597
4002,5109,202503,0.6837278105611371
4002,5109,202504,0.7346660474336721
4002,5109,202505,0.7163223117715347
4002,5109,202506,0.7782598471221638
4002,5112,202501,0.3780002360099681
4002,5112,202502,0.4703500834271411
4002,5112,202503,0.48415333463601795
4002,5112,202504,0.45089945240412993
4002,5112,202505,0.4395813426835824
4002,5112,202506,0.5401078073748181
4002,5116,202501,0.27570925872892693
4002,5116,202502,0.27155639991414515
4002,5116,202503,0.2675765410875866
4002,5116,202504,0.2604746762165818
4002,5116,202505,0.2600119443748618
4002,5116,202506,0.2555003342216232
4002,5117,202501,0.16571774274905066
4002,5117,202502,0.16490508971632556
4002,5117,202503,0.1710984032561693
4002,5117,202504,0.18578044245666006
4002,5117,202505,0.19218190478223554
4002,5117,202506,0.1991977601557431
4002,5118,202501,0.11529297187459951
4002,5118,202502,0.11496284851012425
4002,5118,202503,0.11273139886131481
4002,5118,202504,0.11149424760363089
4002,5118,202505,0.1084456346388961
4002,5118,202506,0.10629160252460224
4003,5101,202501,0.28383269129103905
4003,5101,202502,0.28464963891807366
4003,5101,202503,0.2839421608620772
4003,5101,202504,0.28292773524297216
4003,5101,202505,0.28418278788218
4003,5101,202506,0.2837585715170557
4003,5102,202501,0.1651037137509288
4003,5102,202502,0.1650814694304015
4003,5102,202503,0.16493744339346936
4003,5102,202504,0.16529402044255095
4003,5102,202505,0.16436045801263768
4003,5102,202506,0.16489930176945938
4003,5105,202501,0.44428897665303024
4003,5105,202502,0.5061221476698022
4003,5105,202503,0.519123994866487
4003,5105,202504,0.31541134944295846
4003,5105,202505,0.3850469552316262
4003,5105,202506,0.42121881393114396
4003,5109,202501,0.6782466263631148
4003,5109,202502,0.6089379491677059
4003,5109,202503,0.6214000608326273
4003,5109,202504,0.6226979164665426
4003,5109,202505,0.6417890161504229
4003,5109,202506,0.6527793678870676
4003,5112,202501,0.21201517179024543
4003,5112,202502,0.3528555202275758
4003,5112,202503,0.3627438024037129
4003,5112,202504,0.33304047080034044
4003,5112,202505,0.32790935214493383
4003,5112,202506,0.31868659416357153
4003,5116,202501,0.20775398766214337
4003,5116,202502,0.207624633215945
4003,5116,202503,0.20702474528981246
4003,5116,202504,0.2043410171903443
4003,5116,202505,0.20267375278119884
4003,5116,202506,0.20327970505027507
4003,5117,202501,0.17279708762349044
4003,5117,202502,0.16703288037986005
4003,5117,202503,0.16304672160847167
4003,5117,202504,0.16156319178044998
4003,5117,202505,0.15798060242180695
4003,5117,202506,0.1561578762048885
4003,5118,202501,0.1534604685822275
4003,5118,202502,0.15466176516955618
4003,5118,202503,0.155512589629863
4003,5118,202504,0.14884761062023674
4003,5118,202505,0.15020629213016926
4003,5118,202506,0.15006153866343153
4004,5101,202501,0.3233689048281426
4004,5101,202502,0.3196335924072825
4004,5101,202503,0.31662679352662626
4004,5101,202504,0.31761384983855745
4004,5101,202505,0.31587585571034166
4004,5101,202506,0.31466666117433095
4004,5102,202501,0.16514005192546455
4004,5102,202502,0.16647560032853598
4004,5102,202503,0.16487132924083756
4004,5102,202504,0.17361688277166684
4004,5102,202505,0.1744061569869178
4004,5102,202506,0.17395821213693263
4004,5105,202501,0.45134815496705794
4004,5105,202502,0.5458645902539364
4004,5105,202503,0.5489259695795387
4004,5105,202504,0.4488675775347796
4004,5105,202505,0.18184374048145532
4004,5105,202506,0.35927003406269237
4004,5109,202501,0.5864596233095268
4004,5109,202502,0.5482695454798496
4004,5109,202503,0.6540691282534615
4004,5109,202504,0.7331908408193042
4004,5109,202505,0.7369325446017337
4004,5109,202506,0.7014909280144107
4004,5112,202501,0.34359682433321337
4004,5112,202502,0.33419747926224125
4004,5112,202503,0.3480340725242668
4004,5112,202504,0.2764924789698206
4004,5112,202505,0.2732959571600303
4004,5112,202506,0.27587984577872354
4004,5116,202501,0.3251543254303753
4004,5116,202502,0.31783785985701174
4004,5116,202503,0.32159678899307104
4004,5116,202504,0.3271860835595699
4004,5116,202505,0.3149460593832119
4004,5116,202506,0.31461035453197084
4004,5117,202501,0.2144430698995346
4004,5117,202502,0.21376857383626277
4004,5117,202503,0.20784418990610523
4004,5117,202504,0.21430407139894558
4004,5117,202505,0.2151124223256915
4004,5117,202506,0.21062566163712218
4004,5118,202501,0.07810851814999542
4004,5118,202502,0.08109232321897687
4004,5118,202503,0.07990920219534864
4004,5118,202504,0.07712499453305434
4004,5118,202505,0.0785361452014638
4004,5118,202506,0.07821538942148083
4005,5101,202501,0.27979574360762904
4005,5101,202502,0.27752284631584473
4005,5101,202503,0.2778252530104216
4005,5101,202504,0.28241038897808135
4005,5101,202505,0.28435018182863914
4005,5101,202506,0.28042269900395084
4005,5102,202501,0.17713476575716397
4005,5102,202502,0.1797510915454825
4005,5102,202503,0.17904401796982353
4005,5102,202504,0.18480980665212668
4005,5102,202505,0.18274531736445324
4005,5102,202506,0.18306326544404444
4005,5105,202501,0.13383565583097742
4005,5105,202502,0.14577017463460656
4005,5105,202503,0.1421645018905864
4005,5105,202504,0.17360798303676947
4005,5105,202505,0.184540348124935
4005,5105,202506,0.11933577430785872
4005,5109,202501,0.262390913711979
4005,5109,202502,0.30191926811800934
4005,5109,202503,0.2706825834681055
4005,5109,202504,0.2312379934364134
4005,5109,202505,0.18811411913660608
4005,5109,202506,0.27096411326945
4005,5112,202501,0.6473790175184192
4005,5112,202502,0.6461247811110181
4005,5112,202503,0.6402387890085383
4005,5112,202504,0.4747769134731942
4005,5112,202505,0.2795207078857106
4005,5112,202506,0.2869847617021227
4005,5116,202501,0.2658024071259553
4005,5116,202502,0.2686251482579566
4005,5116,202503,0.26579324817041505
4005,5116,202504,0.252406083583568
4005,5116,202505,0.2525834909946275
4005,5116,202506,0.24902362640880454
4005,5117,202501,0.24993034225031596
4005,5117,202502,0.24563847641732736
4005,5117,202503,0.24458178999759894
4005,5117,202504,0.24985509060643854
4005,5117,202505,0.24956998756824164
4005,5117,202506,0.24605515196093242
4005,5118,202501,0.11257201530790444
4005,5118,202502,0.11277817179204089
4005,5118,202503,0.11312957832592666
4005,5118,202504,0.11651091245467564
4005,5118,202505,0.11589800932770872
4005,5118,202506,0.1172648151852943
4006,5101,202501,0.19840478941227593
4006,5101,202502,0.1984276297617223
4006,5101,202503,0.20100893164234504
4006,5101,202504,0.2001311935601999
4006,5101,202505,0.20023045300002587
4006,5101,202506,0.20020412382352376
4006,5102,202501,0.19239694903412666
4006,5102,202502,0.1918132203687257
4006,5102,202503,0.1923193914839301
4006,5102,202504,0.1940798266506616
4006,5102,202505,0.19413211053102944
4006,5102,202506,0.19343307036048257
4006,5105,202501,0.21945400114680919
4006,5105,202502,0.1912919100143089
4006,5105,202503,0.22918293140307994
4006,5105,202504,0.2575098821484637
4006,5105,202505,0.2003588005161279
4006,5105,202506,0.14145503116723418
4006,5109,202501,0.4931977173155772
4006,5109,202502,0.42348218195609943
4006,5109,202503,0.35762020989716015
4006,5109,202504,0.3869158674669883
4006,5109,202505,0.5429006765918443
4006,5109,202506,0.7609729527354521
4006,5112,202501,0.5106243279332725
4006,5112,202502,0.3764392118180674
4006,5112,202503,0.570767289572462
4006,5112,202504,0.3532958375008187
4006,5112,202505,0.1804046265414461
4006,5112,202506,0.27844428203631355
4006,5116,202501,0.2839232082875517
4006,5116,202502,0.2826891552125736
4006,5116,202503,0.2865000663620072
4006,5116,202504,0.2777406663204035
4006,5116,202505,0.2769314961872339
4006,5116,202506,0.27643834151884034
4006,5117,202501,0.14583376326214237
4006,5117,202502,0.14231655284576616
4006,5117,202503,0.1378546894945167
4006,5117,202504,0.14618221291902794
4006,5117,202505,0.14751792951379927
4006,5117,202506,0.14891198345965131
4006,5118,202501,0.11713596745726831
4006,5118,202502,0.11621390759310679
4006,5118,202503,0.11562933466374138
4006,5118,202504,0.11764353290578032
4006,5118,202505,0.11722459706680405
4006,5118,202506,0.1162678641197451
4007,5101,202501,0.19527086044928121
4007,5101,202502,0.1935167121230103
4007,5101,202503,0.19383851956899278
4007,5101,202504,0.19430873739187415
4007,5101,202505,0.19520572844881914
4007,5101,202506,0.1943546750927515
4007,5102,202501,0.17395000533081684
4007,5102,202502,0.17388095522656186
4007,5102,202503,0.1734918877554857
4007,5102,202504,0.17025681200702994
4007,5102,202505,0.16981323302475113
4007,5102,202506,0.16956693337713885
4007,5105,202501,0.06996340995785608
4007,5105,202502,0.0589764871154482
4007,5105,202503,0.05988839020437153
4007,5105,202504,0.07186833941810966
4007,5105,202505,0.07976892261983484
4007,5105,202506,0.07684738195319331
4007,5109,202501,0.2860222100472912
4007,5109,202502,0.32731075450111946
4007,5109,202503,0.2984014561271451
4007,5109,202504,0.3697349860837653
4007,5109,202505,0.4082832835555757
4007,5109,202506,0.19371433797571508
4007,5112,202501,0.12093056792617633
4007,5112,202502,0.15484532588170635
4007,5112,202503,0.11694458438378601
4007,5112,202504,0.12382042716612758
4007,5112,202505,0.11435235440269398
4007,5112,202506,0.09526382205853086
4007,5116,202501,0.2278207183375008
4007,5116,202502,0.23441417895529137
4007,5116,202503,0.237301613698088
4007,5116,202504,0.22954219454003072
4007,5116,202505,0.23420247365903316
4007,5116,202506,0.23401167872713416
4007,5117,202501,0.23790116746929668
4007,5117,202502,0.22957552920247556
4007,5117,202503,0.22911160398042613
4007,5117,202504,0.23298297162095905
4007,5117,202505,0.23011800944003766
4007,5117,202506,0.2307557574125801
4007,5118,202501,0.11347419214077423
4007,5118,202502,0.11177793413472253
4007,5118,202503,0.11094550905516541
4007,5118,202504,0.10952201085418709
4007,5118,202505,0.10939999218464011
4007,5118,202506,0.10782760824649192
4008,5101,202501,0.24470962615323782
4008,5101,202502,0.24609299695281614
4008,5101,202503,0.24562891836429102
4008,5101,202504,0.24882172648534823
4008,5101,202505,0.24835118626059063
4008,5101,202506,0.24957693731689765
4008,5102,202501,0.22764772260688113
4008,5102,202502,0.2211070471330131
4008,5102,202503,0.2171409466244108
4008,5102,202504,0.22213110294812233
4008,5102,202505,0.22299179064614388
4008,5102,202506,0.22281951111342327
4008,5105,202501,0.28872867952182574
4008,5105,202502,0.28679368869951877
4008,5105,202503,0.3890332086582493
4008,5105,202504,0.3717588316183425
4008,5105,202505,0.33143141003221754
4008,5105,202506,0.422430638367843
4008,5109,202501,0.4080469358212754
4008,5109,202502,0.5453191878077543
4008,5109,202503,0.4992899253579451
4008,5109,202504,0.3893179598580836
4008,5109,202505,0.39545578129789366
4008,5109,202506,0.542034556888536
4008,5112,202501,0.2357265829951694
4008,5112,202502,0.3631189802155634
4008,5112,202503,0.36355544238072396
4008,5112,202504,0.346692037968307
4008,5112,202505,0.46461168598466485
4008,5112,202506,0.3361178939990128
4008,5116,202501,0.337344000663892
4008,5116,202502,0.3321230387189485
4008,5116,202503,0.3348672615628006
4008,5116,202504,0.334471954595323
4008,5116,202505,0.3345983385765821
4008,5116,202506,0.33509966951904097
4008,5117,202501,0.15330873276417165
4008,5117,202502,0.15743337374459068
4008,5117,202503,0.154495115245354
4008,5117,202504,0.15916682542941546
4008,5117,202505,0.15878677058193222
4008,5117,202506,0.16175422561148517
4008,5118,202501,0.12164160740785414
4008,5118,202502,0.12001220153773548
4008,5118,202503,0.1189410671377552
4008,5118,202504,0.11813962189747283
4008,5118,202505,0.11757741642545638
4008,5118,202506,0.1168453863312114
4009,5101,202501,0.2481740785255947
4009,5101,202502,0.2503228496979465
4009,5101,202503,0.24983303802928145
4009,5101,202504,0.24661502628079202
4009,5101,202505,0.24631188352220043
4009,5101,202506,0.24559653084173125
4009,5102,202501,0.22086932378734087
4009,5102,202502,0.21561912416157517
4009,5102,202503,0.20990734731422123
4009,5102,202504,0.21812151883324354
4009,5102,202505,0.21863116992804674
4009,5102,202506,0.2155612202564985
4009,5105,202501,0.28659019365104355
4009,5105,202502,0.3266636912258825
4009,5105,202503,0.34493672663917885
4009,5105,202504,0.459761341458292
4009,5105,202505,0.41398138543782237
4009,5105,202506,0.48588574366484005
4009,5109,202501,0.3533636508672298
4009,5109,202502,0.38608795014640446
4009,5109,202503,0.41552249629409665
4009,5109,202504,0.4270410522313749
4009,5109,202505,0.3116239701088587
4009,5109,202506,0.4871832695838177
4009,5112,202501,0.2800726458139114
4009,5112,202502,0.3671182365865842
4009,5112,202503,0.36071473432261947
4009,5112,202504,0.2295395816710927
4009,5112,202505,0.27212141577369936
4009,5112,202506,0.20082587544419647
4009,5116,202501,0.26489667348497126
4009,5116,202502,0.26576756073483393
4009,5116,202503,0.2703011806284402
4009,5116,202504,0.2677387902982987
4009,5116,202505,0.2715054456377371
4009,5116,202506,0.2723333755101043
4009,5117,202501,0.2419826113920776
4009,5117,202502,0.23960009621690276
4009,5117,202503,0.23862338404672276
4009,5117,202504,0.24159097991426046
4009,5117,202505,0.23784710910271076
4009,5117,202506,0.2373431366488772
4009,5118,202501,0.16859484301052302
4009,5118,202502,0.16883634773368555
4009,5118,202503,0.16543563885973947
4009,5118,202504,0.16258303020063028
4009,5118,202505,0.16240465975463886
4009,5118,202506,0.1619787087898067
4010,5101,202501,0.23842285623658024
4010,5101,202502,0.24059270921951909
4010,5101,202503,0.24503250513395064
4010,5101,202504,0.24727565377320967
4010,5101,202505,0.24722888313363522
4010,5101,202506,0.25189456968457613
4010,5102,202501,0.19108239499572743
4010,5102,202502,0.18349590306730448
4010,5102,202503,0.18068379922656996
4010,5102,202504,0.17755730748088316
4010,5102,202505,0.17336220913675826
4010,5102,202506,0.17062101790010845
4010,5105,202501,0.34455130256736977
4010,5105,202502,0.21972424471324237
4010,5105,202503,0.17189191647366012
4010,5105,202504,0.27782791880015284
4010,5105,202505,0.2354433265802723
4010,5105,202506,0.29818315187824235
4010,5109,202501,0.5051475445343964
4010,5109,202502,0.46454591317965127
4010,5109,202503,0.537395585155674
4010,5109,202504,0.5276899208937126
4010,5109,202505,0.6553669811664051
4010,5109,202506,0.561641458775859
4010,5112,202501,0.5247476010438715
4010,5112,202502,0.5388937762351576
4010,5112,202503,0.4138949864263242
4010,5112,202504,0.6441252739360027
4010,5112,202505,0.33057664247012214
4010,5112,202506,0.3486734408688252
4010,5116,202501,0.25711072062571244
4010,5116,202502,0.2584138219751353
4010,5116,202503,0.261048427245162
4010,5116,202504,0.25580886106980216
4010,5116,202505,0.25650628177318135
4010,5116,202506,0.2593785733043715
4010,5117,202501,0.1505134960539745
4010,5117,202502,0.14841648767402146
4010,5117,202503,0.14584923979449665
4010,5117,202504,0.14999736334656485
4010,5117,202505,0.1465739831231032
4010,5117,202506,0.14610821086723955
4010,5118,202501,0.0877602306282525
4010,5118,202502,0.08906956678662116
4010,5118,202503,0.08717012167797339
4010,5118,202504,0.08811409286838558
4010,5118,202505,0.08827014850951179
4010,5118,202506,0.0875443803823249
4011,5101,202501,0.3178146349804417
4011,5101,202502,0.3098530848984801
4011,5101,202503,0.30403930824638814
4011,5101,202504,0.3084265717855151
4011,5101,202505,0.3066366841694272
4011,5101,202506,0.3070190929218353
4011,5102,202501,0.17135669107246226
4011,5102,202502,0.17162993609718594
4011,5102,202503,0.1776530622218782
4011,5102,202504,0.17283243715302135
4011,5102,202505,0.17543085927436092
4011,5102,202506,0.1752908967021536
4011,5105,202501,0.21651521860788356
4011,5105,202502,0.18036566661294381
4011,5105,202503,0.21987467033044167
4011,5105,202504,0.15497047809807954
4011,5105,202505,0.17306361281946597
4011,5105,202506,0.14846515473712737
4011,5109,202501,0.33871760386657185
4011,5109,202502,0.2931542751201668
4011,5109,202503,0.3188735471017085
4011,5109,202504,0.2726583410094718
4011,5109,202505,0.36807222133273837
4011,5109,202506,0.4617762014597256
4011,5112,202501,0.1333204836421705
4011,5112,202502,0.1825442342370974
4011,5112,202503,0.1535037912747589
4011,5112,202504,0.18035201961637756
4011,5112,202505,0.15751955768240494
4011,5112,202506,0.20991647906312738
4011,5116,202501,0.3366121064913034
4011,5116,202502,0.33665198326550355
4011,5116,202503,0.334445478013942
4011,5116,202504,0.3343773744309342
4011,5116,202505,0.32903932870311003
4011,5116,202506,0.32860738855146454
4011,5117,202501,0.18494777410404287
4011,5117,202502,0.18521446551106907
4011,5117,202503,0.18496842820267786
4011,5117,202504,0.18496050946280204
4011,5117,202505,0.18686397648897302
4011,5117,202506,0.1848602386807064
4011,5118,202501,0.11333453139415359
4011,5118,202502,0.11454730316531349
4011,5118,202503,0.11395409920041139
4011,5118,202504,0.11262715607248328
4011,5118,202505,0.1136491141209446
4011,5118,202506,0.11397901038748746
4012,5101,202501,0.14194656431263425
4012,5101,202502,0.14345755211540864
4012,5101,202503,0.14441980356336953
4012,5101,202504,0.1466777038924364
4012,5101,202505,0.14742121438475422
4012,5101,202506,0.14814401462086418
4012,5102,202501,0.18823926848775005
4012,5102,202502,0.18026374942567192
4012,5102,202503,0.17845554438449351
4012,5102,202504,0.17631524127463596
4012,5102,202505,0.17155249352840812
4012,5102,202506,0.17046572806903432
4012,5105,202501,0.49266967685108
4012,5105,202502,0.3725659640576525
4012,5105,202503,0.39336218445140836
4012,5105,202504,0.38979708992963963
4012,5105,202505,0.4871251606958339
4012,5105,202506,0.25116860360635573
4012,5109,202501,0.46486322945514763
4012,5109,202502,0.530928907121765
4012,5109,202503,0.5446872826301244
4012,5109,202504,0.5708319252316812
4012,5109,202505,0.45474999724086457
4012,5109,202506,0.364852809812553
4012,5112,202501,0.21069741010810147
4012,5112,202502,0.2256518096748365
4012,5112,202503,0.22799537126432126
4012,5112,202504,0.21125288371019224
4012,5112,202505,0.18217472620919997
4012,5112,202506,0.16634444784653246
4012,5116,202501,0.27297359933798687
4012,5116,202502,0.27353153065118624
4012,5116,202503,0.2738427276040535
4012,5116,202504,0.27270867144702526
4012,5116,202505,0.27303916188758476
4012,5116,202506,0.27212571489954823
4012,5117,202501,0.23856036154309052
4012,5117,202502,0.23262389009098214
4012,5117,202503,0.23172657625753829
4012,5117,202504,0.2276097295601706
4012,5117,202505,0.22579387699830838
4012,5117,202506,0.22928372474303996
4012,5118,202501,0.0983766263391485
4012,5118,202502,0.09775883391097329
4012,5118,202503,0.09669297893511683
4012,5118,202504,0.09949304699241056
4012,5118,202505,0.09767672984555807
4012,5118,202506,0.09752780849225647
4013,5101,202501,0.23695425068115936
4013,5101,202502,0.23572686663512712
4013,5101,202503,0.23945481179512318
4013,5101,202504,0.23931233953401698
4013,5101,202505,0.22757068849053996
4013,5101,202506,0.23152326181712218
4013,5102,202501,0.140678140207488
4013,5102,202502,0.14189197752539098
4013,5102,202503,0.13819920188158913
4013,5102,202504,0.13414270254626
4013,5102,202505,0.13485139371307994
4013,5102,202506,0.13321944796087545
4013,5105,202501,0.31262108012964906
4013,5105,202502,0.28633680296643355
4013,5105,202503,0.36586846863490174
4013,5105,202504,0.2562207684727943
4013,5105,202505,0.33095868649602556
4013,5105,202506,0.365162593396969
4013,5109,202501,0.32657013907937266
4013,5109,202502,0.2962100967797825
4013,5109,202503,0.4402456868055027
4013,5109,202504,0.352937541866882
4013,5109,202505,0.3689068412859354
4013,5109,202506,0.3028489299409102
4013,5112,202501,0.12313744640086688
4013,5112,202502,0.19410545798829565
4013,5112,202503,0.20298536111414137
4013,5112,202504,0.1328244094651603
4013,5112,202505,0.18317327351385573
4013,5112,202506,0.17833532373524572
4013,5116,202501,0.21280815384341395
4013,5116,202502,0.20901898142153322
4013,5116,202503,0.21174500513896652
4013,5116,202504,0.21153688008384317
4013,5116,202505,0.21036850736425303
4013,5116,202506,0.21138156147545278
4013,5117,202501,0.24752118094523987
4013,5117,202502,0.2495723803299713
4013,5117,202503,0.25096224497540653
4013,5117,202504,0.2493463457476801
4013,5117,202505,0.25126090993676675
4013,5117,202506,0.2505691003614501
4013,5118,202501,0.14324523990216065
4013,5118,202502,0.14559655282271822
4013,5118,202503,0.13951760808381486
4013,5118,202504,0.1426704123421068
4013,5118,202505,0.1419283418103466
4013,5118,202506,0.1398371930518107
4014,5101,202501,0.22277787496380796
4014,5101,202502,0.22253328193176886
4014,5101,202503,0.22283484959926206
4014,5101,202504,0.22585103274225224
4014,5101,202505,0.22777775501130826
4014,5101,202506,0.22776755435138699
4014,5102,202501,0.11464832641215984
4014,5102,202502,0.11136994608367454
4014,5102,202503,0.10621565247177368
4014,5102,202504,0.10697113385691429
4014,5102,202505,0.1066933636680049
4014,5102,202506,0.10634732193859962
4014,5105,202501,0.18111936427788822
4014,5105,202502,0.18036766775842988
4014,5105,202503,0.17432535455863982
4014,5105,202504,0.14835658362930912
4014,5105,202505,0.15897750339970015
4014,5105,202506,0.15312711350912372
4014,5109,202501,0.688001514523304
4014,5109,202502,0.5691217584123076
4014,5109,202503,0.7376643959291296
4014,5109,202504,0.7853721551395555
4014,5109,202505,0.7996403366703766
4014,5109,202506,0.6105275949203091
4014,5112,202501,0.1544233128634912
4014,5112,202502,0.21844381977053354
4014,5112,202503,0.3212546310503117
4014,5112,202504,0.24162389087729375
4014,5112,202505,0.1792674308787949
4014,5112,202506,0.23894658015942222
4014,5116,202501,0.3241435708900368
4014,5116,202502,0.3150745556939715
4014,5116,202503,0.3183309242109465
4014,5116,202504,0.322858702359587
4014,5116,202505,0.3176337608857214
4014,5116,202506,0.31933610376127897
4014,5117,202501,0.1568162491936052
4014,5117,202502,0.15907933356656012
4014,5117,202503,0.15810317958828016
4014,5117,202504,0.1556868013244454
4014,5117,202505,0.15634737519952283
4014,5117,202506,0.15661026780034212
4014,5118,202501,0.10426752972767898
4014,5118,202502,0.10592310555177636
4014,5118,202503,0.1046809862884272
4014,5118,202504,0.10359382190280987
4014,5118,202505,0.10445894561016701
4014,5118,202506,0.10284799507935256
4015,5101,202501,0.2759267050359689
4015,5101,202502,0.2769838499852735
4015,5101,202503,0.27570233057574184
4015,5101,202504,0.2772713610572479
4015,5101,202505,0.27744005871277877
4015,5101,202506,0.27746867827119964
4015,5102,202501,0.1824581600848609
4015,5102,202502,0.18362345754849205
4015,5102,202503,0.18379746310389386
4015,5102,202504,0.18469611462638386
4015,5102,202505,0.18498003894543497
4015,5102,202506,0.18503229965525167
4015,5105,202501,0.4608079932324228
4015,5105,202502,0.5047713943974415
4015,5105,202503,0.4944735116811402
4015,5105,202504,0.31360525394842276
4015,5105,202505,0.3744369646858874
4015,5105,202506,0.4857598057556051
4015,5109,202501,0.5941092958253176
4015,5109,202502,0.5418058642062886
4015,5109,202503,0.5644004905359508
4015,5109,202504,0.5640029958192985
4015,5109,202505,0.5662127532727073
4015,5109,202506,0.5803121261861602
4015,5112,202501,0.2879448270557729
4015,5112,202502,0.3486224328535759
4015,5112,202503,0.38921144615998576
4015,5112,202504,0.26477508052961496
4015,5112,202505,0.2188886773102398
4015,5112,202506,0.4182282982840257
4015,5116,202501,0.29673110058502894
4015,5116,202502,0.29496414913922026
4015,5116,202503,0.2987210490258738
4015,5116,202504,0.2891539951467344
4015,5116,202505,0.28706290552594355
4015,5116,202506,0.28945946288693664
4015,5117,202501,0.178270851830099
4015,5117,202502,0.17509251208133447
4015,5117,202503,0.17773294346936044
4015,5117,202504,0.1790523714160219
4015,5117,202505,0.17950154277436683
4015,5117,202506,0.1761402910327146
4015,5118,202501,0.11499702179954059
4015,5118,202502,0.11659916515368556
4015,5118,202503,0.11309395754732061
4015,5118,202504,0.11634071009672742
4015,5118,202505,0.1148118809722863
4015,5118,202506,0.1156630813313722
4016,5101,202501,0.30002982936479405
4016,5101,202502,0.29975430663463165
4016,5101,202503,0.3015645958415174
4016,5101,202504,0.2995167990100139
4016,5101,202505,0.29913399022267984
4016,5101,202506,0.29958263709977384
4016,5102,202501,0.17843147136777207
4016,5102,202502,0.17849258422649017
4016,5102,202503,0.17705876433676085
4016,5102,202504,0.17367026688480008
4016,5102,202505,0.17299845170244083
4016,5102,202506,0.17348170485989892
4016,5105,202501,0.4486095849251792
4016,5105,202502,0.37872745214243675
4016,5105,202503,0.332042843212003
4016,5105,202504,0.29689098931217967
4016,5105,202505,0.2972374548896638
4016,5105,202506,0.43057358119204076
4016,5109,202501,0.44420051470600064
4016,5109,202502,0.469817099145348
4016,5109,202503,0.5071359923256257
4016,5109,202504,0.5174369831421978
4016,5109,202505,0.5130373845957622
4016,5109,202506,0.4474145758792442
4016,5112,202501,0.24532531392856438
4016,5112,202502,0.4129688558760651
4016,5112,202503,0.48661195932921253
4016,5112,202504,0.20860224958302936
4016,5112,202505,0.2360702919388031
4016,5112,202506,0.30960650085100666
4016,5116,202501,0.2840530185001909
4016,5116,202502,0.28863382613041133
4016,5116,202503,0.29114095693502007
4016,5116,202504,0.29170674316031964
4016,5116,202505,0.2903435181105718
4016,5116,202506,0.2932663054622455
4016,5117,202501,0.2639561363959752
4016,5117,202502,0.26339339742031
4016,5117,202503,0.2591237382032063
4016,5117,202504,0.2574714166466164
4016,5117,202505,0.25799030864744327
4016,5117,202506,0.2562903862831921
4016,5118,202501,0.11643934472084487
4016,5118,202502,0.11524108137301821
4016,5118,202503,0.11466084798051661
4016,5118,202504,0.11129350502768695
4016,5118,202505,0.11064484300251944
4016,5118,202506,0.11011846282368332
4017,5101,202501,0.19162545286712881
4017,5101,202502,0.19286944008811852
4017,5101,202503,0.1961207029370383
4017,5101,202504,0.19204241507062006
4017,5101,202505,0.18950228263587632
4017,5101,202506,0.19185282464500733
4017,5102,202501,0.2076210653379707
4017,5102,202502,0.21268849627849723
4017,5102,202503,0.20842587523767322
4017,5102,202504,0.21159413074051817
4017,5102,202505,0.216323238823863
4017,5102,202506,0.21611299931757647
4017,5105,202501,0.3360394269352339
4017,5105,202502,0.30493190025353123
4017,5105,202503,0.302242085757122
4017,5105,202504,0.2068166096202772
4017,5105,202505,0.2890345231605675
4017,5105,202506,0.32218484739932335
4017,5109,202501,0.43606547179086275
4017,5109,202502,0.44952704229221857
4017,5109,202503,0.3919565259500743
4017,5109,202504,0.41004045862019695
4017,5109,202505,0.4710898973358614
4017,5109,202506,0.4844169346891787
4017,5112,202501,0.1856453783781743
4017,5112,202502,0.2642524426031223
4017,5112,202503,0.24253410895486205
4017,5112,202504,0.1810393649220961
4017,5112,202505,0.19506647907118324
4017,5112,202506,0.1571560096581478
4017,5116,202501,0.2924273103905424
4017,5116,202502,0.2975576294127979
4017,5116,202503,0.2983704619569679
4017,5116,202504,0.2893417698150737
4017,5116,202505,0.28745347231980134
4017,5116,202506,0.29627789415751743
4017,5117,202501,0.15596331645849246
4017,5117,202502,0.1521379758856741
4017,5117,202503,0.14812171552064474
4017,5117,202504,0.15147214571153245
4017,5117,202505,0.15430979471897963
4017,5117,202506,0.14894155549649654
4017,5118,202501,0.09711459440822631
4017,5118,202502,0.09740124250633814
4017,5118,202503,0.09830468504303568
4017,5118,202504,0.09650304640115816
4017,5118,202505,0.09680789303658185
4017,5118,202506,0.09708416820352991
4018,5101,202501,0.28731630169195516
4018,5101,202502,0.28582961749341806
4018,5101,202503,0.2816435212794355
4018,5101,202504,0.2762622958023784
4018,5101,202505,0.2800910835721879
4018,5101,202506,0.27877505443437506
4018,5102,202501,0.1613599024276605
4018,5102,202502,0.1610986451164474
4018,5102,202503,0.16121809775205603
4018,5102,202504,0.16290981163950413
4018,5102,202505,0.16315729809285823
4018,5102,202506,0.16282434266450246
4018,5105,202501,0.2444045010124321
4018,5105,202502,0.23357903316501305
4018,5105,202503,0.29516855190665897
4018,5105,202504,0.3030764993068573
4018,5105,202505,0.20805761516848015
4018,5105,202506,0.27783398090922695
4018,5109,202501,0.6190509994915605
4018,5109,202502,0.7633355792472796
4018,5109,202503,0.7617945735407834
4018,5109,202504,0.7494696318574343
4018,5109,202505,0.7552066312988823
4018,5109,202506,0.5503623810309196
4018,5112,202501,0.13823036871753944
4018,5112,202502,0.12711989385821257
4018,5112,202503,0.15502321854061696
4018,5112,202504,0.09972950603146442
4018,5112,202505,0.07053997972671427
4018,5112,202506,0.12066583370710297
4018,5116,202501,0.2749165542876804
4018,5116,202502,0.2799966742470717
4018,5116,202503,0.2841861462317228
4018,5116,202504,0.26927892019514665
4018,5116,202505,0.2734567907310171
4018,5116,202506,0.27860450264764997
4018,5117,202501,0.19926519939267506
4018,5117,202502,0.1950746604068863
4018,5117,202503,0.18716698405754986
4018,5117,202504,0.19035213653741392
4018,5117,202505,0.19433645857611562
4018,5117,202506,0.1871597783284738
4018,5118,202501,0.08193240159575788
4018,5118,202502,0.0818992736465528
4018,5118,202503,0.08148037904174843
4018,5118,202504,0.08182933350358276
4018,5118,202505,0.08104646207452579
4018,5118,202506,0.08142758072556251
4019,5101,202501,0.14638202129314629
4019,5101,202502,0.1454226162532909
4019,5101,202503,0.1486014260832268
4019,5101,202504,0.14736879538017952
4019,5101,202505,0.14544270422009706
4019,5101,202506,0.14394097321097069
4019,5102,202501,0.17393169177568527
4019,5102,202502,0.1782555641853821
4019,5102,202503,0.1793278011090131
4019,5102,202504,0.18115100375823928
4019,5102,202505,0.19003837443253377
4019,5102,202506,0.19772596141147455
4019,5105,202501,0.5992038488973834
4019,5105,202502,0.6072934914644178
4019,5105,202503,0.6342504274584119
4019,5105,202504,0.5877359636686437
4019,5105,202505,0.5264557074323584
4019,5105,202506,0.5770706674397432
4019,5109,202501,0.743455939254964
4019,5109,202502,0.6701697354193812
4019,5109,202503,0.6860849102473041
4019,5109,202504,0.6729580355909024
4019,5109,202505,0.6840473476335424
4019,5109,202506,0.6128937970320227
4019,5112,202501,0.45289863648262496
4019,5112,202502,0.5090849679763598
4019,5112,202503,0.5890083734918709
4019,5112,202504,0.41072181876897323
4019,5112,202505,0.5191807430275119
4019,5112,202506,0.4955560849291751
4019,5116,202501,0.2956674337607906
4019,5116,202502,0.29205806978262255
4019,5116,202503,0.28733756860886084
4019,5116,202504,0.2803387582865138
4019,5116,202505,0.27719002217390953
4019,5116,202506,0.27466676250928374
4019,5117,202501,0.18015151541645433
4019,5117,202502,0.1766592550533333
4019,5117,202503,0.1860810078554432
4019,5117,202504,0.19844447003697652
4019,5117,202505,0.20710246120915696
4019,5117,202506,0.21329657733214316
4019,5118,202501,0.12903127579981194
4019,5118,202502,0.128202242632581
4019,5118,202503,0.1284439682767668
4019,5118,202504,0.12267074667168809
4019,5118,202505,0.12075035751995641
4019,5118,202506,0.11954815113334291
4020,5101,202501,0.1610171732331418
4020,5101,202502,0.1501004099025792
4020,5101,202503,0.15203652693354178
4020,5101,202504,0.15352463832306856
4020,5101,202505,0.15218734402447037
4020,5101,202506,0.1511234189139314
4020,5102,202501,0.1296121085102896
4020,5102,202502,0.12538592185206335
4020,5102,202503,0.12443185776580375
4020,5102,202504,0.1234956375619801
4020,5102,202505,0.12290557815434365
4020,5102,202506,0.1233860635772375
4020,5105,202501,0.17964733506587868
4020,5105,202502,0.24583656081644129
4020,5105,202503,0.2873004589279003
4020,5105,202504,0.1923244505582678
4020,5105,202505,0.18612999120313783
4020,5105,202506,0.2915424159872957
4020,5109,202501,0.6040228526435415
4020,5109,202502,0.4839430652918569
4020,5109,202503,0.5091561482874617
4020,5109,202504,0.43635358883818515
4020,5109,202505,0.5239348405698422
4020,5109,202506,0.466944307819519
4020,5112,202501,0.21910161088370597
4020,5112,202502,0.13514912424057207
4020,5112,202503,0.17576781910721156
4020,5112,202504,0.2113180171707117
4020,5112,202505,0.1409799461336273
4020,5112,202506,0.16652578835209045
4020,5116,202501,0.18822821185253535
4020,5116,202502,0.18606723689189608
4020,5116,202503,0.18719159604620553
4020,5116,202504,0.1822190182129935
4020,5116,202505,0.1804783435682086
4020,5116,202506,0.18231664404358183
4020,5117,202501,0.20731831447472207
4020,5117,202502,0.20378076782500362
4020,5117,202503,0.20296341406132715
4020,5117,202504,0.2096242747226381
4020,5117,202505,0.20593568315572175
4020,5117,202506,0.2038432285810094
4020,5118,202501,0.09446180050361887
4020,5118,202502,0.09840503396799619
4020,5118,202503,0.09897881238670977
4020,5118,202504,0.09228217656422256
4020,5118,202505,0.09330241657693823
4020,5118,202506,0.09502660443400877
4021,5101,202501,0.18745917274098023
4021,5101,202502,0.1822683931289195
4021,5101,202503,0.1841669240552382
4021,5101,202504,0.17927298227957134
4021,5101,202505,0.17780832379943892
4021,5101,202506,0.17712503178462222
4021,5102,202501,0.24647994801525244
4021,5102,202502,0.2481353418379464
4021,5102,202503,0.2458243455547549
4021,5102,202504,0.24886478884010885
4021,5102,202505,0.24948011038474835
4021,5102,202506,0.2487603431204874
4021,5105,202501,0.16972355884904633
4021,5105,202502,0.17606261187062425
4021,5105,202503,0.2097822123059642
4021,5105,202504,0.1223859358896612
4021,5105,202505,0.12225851080968184
4021,5105,202506,0.14955236901197597
4021,5109,202501,0.7364697829833674
4021,5109,202502,0.7353481563260315
4021,5109,202503,0.7400954129057978
4021,5109,202504,0.7295838772082309
4021,5109,202505,0.7305293380109814
4021,5109,202506,0.741577175735214
4021,5112,202501,0.24476575463084926
4021,5112,202502,0.36754500126922773
4021,5112,202503,0.26035588501183793
4021,5112,202504,0.235982178282852
4021,5112,202505,0.2119116752265013
4021,5112,202506,0.21476431717043026
4021,5116,202501,0.2685872988376591
4021,5116,202502,0.2610257676711877
4021,5116,202503,0.26753533128209556
4021,5116,202504,0.26327719893659607
4021,5116,202505,0.2575181624902809
4021,5116,202506,0.25647491726196836
4021,5117,202501,0.14747419888962732
4021,5117,202502,0.14846889917603073
4021,5117,202503,0.14904158298903603
4021,5117,202504,0.14925893354369707
4021,5117,202505,0.15051269458456062
4021,5117,202506,0.15067272895206615
4021,5118,202501,0.11947598106022889
4021,5118,202502,0.11902588182603203
4021,5118,202503,0.11726334491118497
4021,5118,202504,0.1125630038647915
4021,5118,202505,0.11230887226880684
4021,5118,202506,0.10966026466937213
4022,5101,202501,0.21688099626693386
4022,5101,202502,0.22093330521244678
4022,5101,202503,0.2215941768643273
4022,5101,202504,0.2173963509844137
4022,5101,202505,0.22056017340998085
4022,5101,202506,0.2156139139022278
4022,5102,202501,0.1752220689766062
4022,5102,202502,0.16208181570070215
4022,5102,202503,0.16190805469716413
4022,5102,202504,0.16899220270000936
4022,5102,202505,0.1617724868276152
4022,5102,202506,0.1626713142294819
4022,5105,202501,0.2922021804825187
4022,5105,202502,0.30777234715644014
4022,5105,202503,0.2966979843701581
4022,5105,202504,0.41786392425576585
4022,5105,202505,0.4121370888401741
4022,5105,202506,0.42053213080127133
4022,5109,202501,0.5291771427304719
4022,5109,202502,0.40403417661294383
4022,5109,202503,0.5487428232119006
4022,5109,202504,0.552736694124634
4022,5109,202505,0.635387676024375
4022,5109,202506,0.520606512184419
4022,5112,202501,0.2751325445373342
4022,5112,202502,0.3128667448092062
4022,5112,202503,0.2074348726366188
4022,5112,202504,0.27972781278571257
4022,5112,202505,0.17274103848021807
4022,5112,202506,0.19181982904283737
4022,5116,202501,0.2440629765472336
4022,5116,202502,0.23979164312132728
4022,5116,202503,0.24089255924937722
4022,5116,202504,0.24265935207351672
4022,5116,202505,0.2367111398311185
4022,5116,202506,0.2376438984402373
4022,5117,202501,0.1928883798887929
4022,5117,202502,0.19276094728975532
4022,5117,202503,0.19274063008322811
4022,5117,202504,0.19803196329119657
4022,5117,202505,0.1980889046015952
4022,5117,202506,0.19624866092104173
4022,5118,202501,0.1473327132584925
4022,5118,202502,0.1497505549908954
4022,5118,202503,0.14709900273079424
4022,5118,202504,0.14081989940547568
4022,5118,202505,0.14171645410178613
4022,5118,202506,0.14267001695423112
4023,5101,202501,0.2044974009597674
4023,5101,202502,0.20812832712624857
4023,5101,202503,0.20645542583997262
4023,5101,202504,0.20824448414131316
4023,5101,202505,0.2119184224665501
4023,5101,202506,0.2098727959388466
4023,5102,202501,0.1669412926852154
4023,5102,202502,0.17292464865688137
4023,5102,202503,0.17462326393347608
4023,5102,202504,0.17048810522849905
4023,5102,202505,0.170311590012584
4023,5102,202506,0.17115576116959005
4023,5105,202501,0.31405225901869344
4023,5105,202502,0.2513033672918257
4023,5105,202503,0.33134012508038546
4023,5105,202504,0.3520990769763151
4023,5105,202505,0.39750609709619356
4023,5105,202506,0.3825522533367588
4023,5109,202501,0.37077784372024203
4023,5109,202502,0.48352144223175364
4023,5109,202503,0.35954028460002035
4023,5109,202504,0.3851368549805076
4023,5109,202505,0.4852185375236605
4023,5109,202506,0.3935516963291824
4023,5112,202501,0.09573162636861118
4023,5112,202502,0.054929737520091164
4023,5112,202503,0.08894427651754898
4023,5112,202504,0.10511995927686485
4023,5112,202505,0.09475455657354613
4023,5112,202506,0.0599369884833959
4023,5116,202501,0.2627835712834488
4023,5116,202502,0.2662729415304982
4023,5116,202503,0.26547988791186733
4023,5116,202504,0.26403058927100714
4023,5116,202505,0.2653656454243861
4023,5116,202506,0.26498573248276325
4023,5117,202501,0.23053863102976296
4023,5117,202502,0.23188631410848382
4023,5117,202503,0.22764500878208915
4023,5117,202504,0.23688192594105273
4023,5117,202505,0.2382110621329562
4023,5117,202506,0.235740563861441
4023,5118,202501,0.1038388266108232
4023,5118,202502,0.10476023244125772
4023,5118,202503,0.10268563719292167
4023,5118,202504,0.09744073014567954
4023,5118,202505,0.09692460248492993
4023,5118,202506,0.09695024585256651
4024,5101,202501,0.2065514021528468
4024,5101,202502,0.20841134107128623
4024,5101,202503,0.20871923688063249
4024,5101,202504,0.20675774449535367
4024,5101,202505,0.20772996051044795
4024,5101,202506,0.20715660596685495
4024,5102,202501,0.21224974069697852
4024,5102,202502,0.21299105976979205
4024,5102,202503,0.21214976430424362
4024,5102,202504,0.2125059999548641
4024,5102,202505,0.2121807292404321
4024,5102,202506,0.21216321539041877
4024,5105,202501,0.32597578493838314
4024,5105,202502,0.2884628464697435
4024,5105,202503,0.3388662581529953
4024,5105,202504,0.32076904232360004
4024,5105,202505,0.22380694247338512
4024,5105,202506,0.315493982036738
4024,5109,202501,0.5589467230561397
4024,5109,202502,0.5224606033637084
4024,5109,202503,0.6545237657643476
4024,5109,202504,0.7518694696030586
4024,5109,202505,0.703675654473605
4024,5109,202506,0.6053530995207616
4024,5112,202501,0.32866233682192464
4024,5112,202502,0.30826294723655734
4024,5112,202503,0.34230884844684295
4024,5112,202504,0.24786226585137416
4024,5112,202505,0.2777498614205176
4024,5112,202506,0.3379764830520155
4024,5116,202501,0.292307583922162
4024,5116,202502,0.29451713315357186
4024,5116,202503,0.2963244020844671
4024,5116,202504,0.2963120310317278
4024,5116,202505,0.2958438161574781
4024,5116,202506,0.29473183980321305
4024,5117,202501,0.18508021583112552
4024,5117,202502,0.18013032318768987
4024,5117,202503,0.18015034814474423
4024,5117,202504,0.17909705050346034
4024,5117,202505,0.1745286479339298
4024,5117,202506,0.17212464676945524
4024,5118,202501,0.11202779512493652
4024,5118,202502,0.1127128840930519
4024,5118,202503,0.11042781886533873
4024,5118,202504,0.11102441059383245
4024,5118,202505,0.1112492846055188
4024,5118,202506,0.11046338365208135
4025,5101,202501,0.3019171231060682
4025,5101,202502,0.30359073441568285
4025,5101,202503,0.3004069182156119
4025,5101,202504,0.30221919029095734
4025,5101,202505,0.29727335229705504
4025,5101,202506,0.30003642597441144
4025,5102,202501,0.12518259948000587
4025,5102,202502,0.12598397532835975
4025,5102,202503,0.12466922823046173
4025,5102,202504,0.12521914994184316
4025,5102,202505,0.12311173999990196
4025,5102,202506,0.12428875564220679
4025,5105,202501,0.284286497727307
4025,5105,202502,0.28925526013026204
4025,5105,202503,0.28672656617071784
4025,5105,202504,0.2845264904513117
4025,5105,202505,0.2524933914665148
4025,5105,202506,0.2786310558271334
4025,5109,202501,0.35687089074836414
4025,5109,202502,0.35048366117903595
4025,5109,202503,0.34738085703776317
4025,5109,202504,0.3312354203135107
4025,5109,202505,0.34715233116232685
4025,5109,202506,0.3696583458484203
4025,5112,202501,0.21812832530633822
4025,5112,202502,0.20397176441027343
4025,5112,202503,0.21456443251288718
4025,5112,202504,0.2308702178786635
4025,5112,202505,0.2205891194520617
4025,5112,202506,0.2615375267279414
4025,5116,202501,0.38953235932225444
4025,5116,202502,0.38910334558042375
4025,5116,202503,0.3844927341952663
4025,5116,202504,0.38273585574268515
4025,5116,202505,0.3847530253678449
4025,5116,202506,0.385173733843026
4025,5117,202501,0.15280816695379812
4025,5117,202502,0.15444650114068129
4025,5117,202503,0.1526180212151475
4025,5117,202504,0.15111785565942024
4025,5117,202505,0.15250588168042994
4025,5117,202506,0.15109497893857798
4025,5118,202501,0.11125793352664566
4025,5118,202502,0.113302073959344
4025,5118,202503,0.11506038175801146
4025,5118,202504,0.11613361653386244
4025,5118,202505,0.1165382969974703
4025,5118,202506,0.11687736682698217
4026,5101,202501,0.3199749921724379
4026,5101,202502,0.32005734901835503
4026,5101,202503,0.31707463096298993
4026,5101,202504,0.3227630959636025
4026,5101,202505,0.32261316431483456
4026,5101,202506,0.3204961040257078
4026,5102,202501,0.1467522521287882
4026,5102,202502,0.1459748160274224
4026,5102,202503,0.14686745480395985
4026,5102,202504,0.14319086513356846
4026,5102,202505,0.14211904801411673
4026,5102,202506,0.14475742951110315
4026,5105,202501,0.13725792261721106
4026,5105,202502,0.23930004581632128
4026,5105,202503,0.2189627336525299
4026,5105,202504,0.27363588249519816
4026,5105,202505,0.24678842183953073
4026,5105,202506,0.31576330805960134
4026,5109,202501,0.47795612751213584
4026,5109,202502,0.5332541756244433
4026,5109,202503,0.5868594757022999
4026,5109,202504,0.41093050587385677
4026,5109,202505,0.5239478662939203
4026,5109,202506,0.40561868351156405
4026,5112,202501,0.22300477999133672
4026,5112,202502,0.36018047426385663
4026,5112,202503,0.2556572020277509
4026,5112,202504,0.2713535295163795
4026,5112,202505,0.23800328558178488
4026,5112,202506,0.2252720076673863
4026,5116,202501,0.34460672722752494
4026,5116,202502,0.34498581627111036
4026,5116,202503,0.3445562680092224
4026,5116,202504,0.3460731070265352
4026,5116,202505,0.34459178898139325
4026,5116,202506,0.34230550405630406
4026,5117,202501,0.14418752927886425
4026,5117,202502,0.14367177944059958
4026,5117,202503,0.14248675032034605
4026,5117,202504,0.14184623194617219
4026,5117,202505,0.1416482032046554
4026,5117,202506,0.1404107487154877
4026,5118,202501,0.12182762246469456
4026,5118,202502,0.12051007241774826
4026,5118,202503,0.12140030182079724
4026,5118,202504,0.11889521840418599
4026,5118,202505,0.11742916976678372
4026,5118,202506,0.11827312653579006
4027,5101,202501,0.18636965865072322
4027,5101,202502,0.18334842047398675
4027,5101,202503,0.1839022319050594
4027,5101,202504,0.1928879374917376
4027,5101,202505,0.19444266844757924
4027,5101,202506,0.19514556524303037
4027,5102,202501,0.22571419441603302
4027,5102,202502,0.2213719371810985
4027,5102,202503,0.226250277020402
4027,5102,202504,0.2243085812917499
4027,5102,202505,0.22629105402796545
4027,5102,202506,0.22492151435340163
4027,5105,202501,0.2717873053192928
4027,5105,202502,0.2949624367583821
4027,5105,202503,0.17585828761036604
4027,5105,202504,0.20369688465192598
4027,5105,202505,0.24727915615615045
4027,5105,202506,0.19955629098507274
4027,5109,202501,0.332076925217998
4027,5109,202502,0.407086137760526
4027,5109,202503,0.32272425215858275
4027,5109,202504,0.29525855278563246
4027,5109,202505,0.43865717307923136
4027,5109,202506,0.32546311668489264
4027,5112,202501,0.17122077856986784
4027,5112,202502,0.1917120929582299
4027,5112,202503,0.22067105127145953
4027,5112,202504,0.1468276133082851
4027,5112,202505,0.1803359217711431
4027,5112,202506,0.2808549967470036
4027,5116,202501,0.2367063258885187
4027,5116,202502,0.2380272536445042
4027,5116,202503,0.2382127596704216
4027,5116,202504,0.24273831587464512
4027,5116,202505,0.24275476040650296
4027,5116,202506,0.24353851256948014
4027,5117,202501,0.2459531462007067
4027,5117,202502,0.24611580249547496
4027,5117,202503,0.2464390526349853
4027,5117,202504,0.24491247837832258
4027,5117,202505,0.24309323922078796
4027,5117,202506,0.24082862148557893
4027,5118,202501,0.1578008620174044
4027,5118,202502,0.15581671867786484
4027,5118,202503,0.15257250166532113
4027,5118,202504,0.14784728260224428
4027,5118,202505,0.1504266318656925
4027,5118,202506,0.149046474201349
4028,5101,202501,0.30808818382308234
4028,5101,202502,0.3063440708238177
4028,5101,202503,0.3042642900143379
4028,5101,202504,0.33192740604236676
4028,5101,202505,0.335842119748392
4028,5101,202506,0.33787259482154164
4028,5102,202501,0.1636446325219357
4028,5102,202502,0.16220232072139856
4028,5102,202503,0.1650757708341322
4028,5102,202504,0.1525533090911737
4028,5102,202505,0.15306229430181248
4028,5102,202506,0.1514755561310885
4028,5105,202501,0.25390948622780585
4028,5105,202502,0.23380087894942883
4028,5105,202503,0.24656065456228135
4028,5105,202504,0.23541438434947942
4028,5105,202505,0.22875464753034175
4028,5105,202506,0.21387748839975906
4028,5109,202501,0.603203543834485
4028,5109,202502,0.6338896878065611
4028,5109,202503,0.6617295935405495
4028,5109,202504,0.6530895806867428
4028,5109,202505,0.6742548730298052
4028,5109,202506,0.6611362365363259
4028,5112,202501,0.083949015334611
4028,5112,202502,0.11901240995470198
4028,5112,202503,0.11265645682920597
4028,5112,202504,0.14937181983493134
4028,5112,202505,0.06579168257104481
4028,5112,202506,0.1265869644326955
4028,5116,202501,0.2928409105095597
4028,5116,202502,0.29028185140181795
4028,5116,202503,0.2878280788401537
4028,5116,202504,0.28517861516458
4028,5116,202505,0.2853429787890247
4028,5116,202506,0.2845296590714007
4028,5117,202501,0.17842436445166934
4028,5117,202502,0.1733758494837291
4028,5117,202503,0.1742319552698947
4028,5117,202504,0.1752834537037366
4028,5117,202505,0.1740433331403658
4028,5117,202506,0.17127322262800085
4028,5118,202501,0.10331401854605218
4028,5118,202502,0.10841727855700442
4028,5118,202503,0.1088694965456743
4028,5118,202504,0.10326626522606397
4028,5118,202505,0.10562860142462929
4028,5118,202506,0.10696425126789953
4029,5101,202501,0.21853034706906027
4029,5101,202502,0.22017647316840266
4029,5101,202503,0.21337799735434287
4029,5101,202504,0.217440537285804
4029,5101,202505,0.21830740583901034
4029,5101,202506,0.21635890352964968
4029,5102,202501,0.2466571390013231
4029,5102,202502,0.24602613041398796
4029,5102,202503,0.24605618039017618
4029,5102,202504,0.2511399241781681
4029,5102,202505,0.24826956205482587
4029,5102,202506,0.25199263528871113
4029,5105,202501,0.34380459691341897
4029,5105,202502,0.3433971683139909
4029,5105,202503,0.4678538275462996
4029,5105,202504,0.40080872956549035
4029,5105,202505,0.4432381266597593
4029,5105,202506,0.4123197282904576
4029,5109,202501,0.4029229844556882
4029,5109,202502,0.44828120133725774
4029,5109,202503,0.5310793309465448
4029,5109,202504,0.49643463323410525
4029,5109,202505,0.48414380212954244
4029,5109,202506,0.42560311417212365
4029,5112,202501,0.292706437746495
4029,5112,202502,0.20846394465984863
4029,5112,202503,0.22339169620925614
4029,5112,202504,0.30906927632702624
4029,5112,202505,0.2554930497467183
4029,5112,202506,0.2849834831052339
4029,5116,202501,0.2956222749429619
4029,5116,202502,0.2928150215366428
4029,5116,202503,0.2934976780700534
4029,5116,202504,0.29797874305927335
4029,5116,202505,0.2926424783134557
4029,5116,202506,0.2948273231285994
4029,5117,202501,0.20905019780391607
4029,5117,202502,0.21591320746567763
4029,5117,202503,0.21687409927827975
4029,5117,202504,0.2096184298047207
4029,5117,202505,0.21443009277156522
4029,5117,202506,0.21298353970448297
4029,5118,202501,0.1241442954967775
4029,5118,202502,0.12384920606799549
4029,5118,202503,0.12178397650076336
4029,5118,202504,0.11713131069281701
4029,5118,202505,0.11689236742390852
4029,5118,202506,0.11467863656238236
4030,5101,202501,0.23963810939318375
4030,5101,202502,0.2282523651826452
4030,5101,202503,0.2284278745404507
4030,5101,202504,0.22808697692571403
4030,5101,202505,0.22391483954098926
4030,5101,202506,0.22342564383234056
4030,5102,202501,0.16527450193555135
4030,5102,202502,0.16490776115447803
4030,5102,202503,0.16696913090151816
4030,5102,202504,0.16770945914104618
4030,5102,202505,0.1675023764055574
4030,5102,202506,0.16522184841891385
4030,5105,202501,0.11528025451872652
4030,5105,202502,0.14304254517933904
4030,5105,202503,0.2071367392735409
4030,5105,202504,0.14191188375449865
4030,5105,202505,0.06492474550282872
4030,5105,202506,0.1200785333390818
4030,5109,202501,0.3413044185471531
4030,5109,202502,0.24341896853144174
4030,5109,202503,0.3135877856204625
4030,5109,202504,0.36045032236897007
4030,5109,202505,0.3320649678200865
4030,5109,202506,0.36762003045996566
4030,5112,202501,0.08552384348981724
4030,5112,202502,0.1252215564436168
4030,5112,202503,0.11103941708349048
4030,5112,202504,0.1982311817089839
4030,5112,202505,0.13941840290480942
4030,5112,202506,0.12182372928866926
4030,5116,202501,0.286904680617572
4030,5116,202502,0.2997701526657434
4030,5116,202503,0.3013166526339109
4030,5116,202504,0.31118440556791604
4030,5116,202505,0.30254339196633045
4030,5116,202506,0.2962787744780237
4030,5117,202501,0.16484674913857647
4030,5117,202502,0.15642859069820114
4030,5117,202503,0.15402094459226284
4030,5117,202504,0.15856457555637726
4030,5117,202505,0.15956504083522766
4030,5117,202506,0.15941346460424302
4030,5118,202501,0.08034389183151246
4030,5118,202502,0.0793644355786411
4030,5118,202503,0.0791508475138459
4030,5118,202504,0.07712226793442872
4030,5118,202505,0.07671965204497619
4030,5118,202506,0.07637680553192418
4031,5101,202501,0.16980940119668267
4031,5101,202502,0.1700733338240329
4031,5101,202503,0.17127951275075579
4031,5101,202504,0.17221383949283603
4031,5101,202505,0.1720815665828581
4031,5101,202506,0.1714090001536315
4031,5102,202501,0.15387953739727525
4031,5102,202502,0.14914841331062495
4031,5102,202503,0.1475036477021547
4031,5102,202504,0.14966191337892887
4031,5102,202505,0.14875326549885087
4031,5102,202506,0.15069218185627598
4031,5105,202501,0.2729314794977446
4031,5105,202502,0.20258423511670948
4031,5105,202503,0.15089448628344287
4031,5105,202504,0.23642190846668498
4031,5105,202505,0.24166196730098696
4031,5105,202506,0.26270476463298187
4031,5109,202501,0.4513998295639575
4031,5109,202502,0.35473167688585694
4031,5109,202503,0.4222321569144965
4031,5109,202504,0.4346392411729359
4031,5109,202505,0.4199485065336825
4031,5109,202506,0.46614955553368076
4031,5112,202501,0.1458103377055086
4031,5112,202502,0.12490195597220276
4031,5112,202503,0.16708470311148957
4031,5112,202504,0.1355415369056306
4031,5112,202505,0.07932678271469953
4031,5112,202506,0.13738183905285387
4031,5116,202501,0.25783937141081126
4031,5116,202502,0.25778349786878596
4031,5116,202503,0.26014890663603113
4031,5116,202504,0.26483434909682446
4031,5116,202505,0.2644381536387569
4031,5116,202506,0.26584114975541023
4031,5117,202501,0.19080946358603748
4031,5117,202502,0.19145744826281422
4031,5117,202503,0.19171165659099015
4031,5117,202504,0.19082812180570816
4031,5117,202505,0.19043414584167723
4031,5117,202506,0.19003659280590837
4031,5118,202501,0.10126675836654123
4031,5118,202502,0.10127507232736217
4031,5118,202503,0.09763073065574618
4031,5118,202504,0.09404374400585613
4031,5118,202505,0.09417016758962679
4031,5118,202506,0.091488572548547
4032,5101,202501,0.2115181071629625
4032,5101,202502,0.21232291994173585
4032,5101,202503,0.21448399822034855
4032,5101,202504,0.20795468400792283
4032,5101,202505,0.20817224997093767
4032,5101,202506,0.20892187137781848
4032,5102,202501,0.2311371371863947
4032,5102,202502,0.22580120880659676
4032,5102,202503,0.2131422695009591
4032,5102,202504,0.21822167123216998
4032,5102,202505,0.21605325680838677
4032,5102,202506,0.20798664521187024
4032,5105,202501,0.29668543883610626
4032,5105,202502,0.4051653865252576
4032,5105,202503,0.35777567186455395
4032,5105,202504,0.39914315275859114
4032,5105,202505,0.3257164956891009
4032,5105,202506,0.3643684975138153
4032,5109,202501,0.5758378429181132
4032,5109,202502,0.37434345897099125
4032,5109,202503,0.5648052031848502
4032,5109,202504,0.5455139120687083
4032,5109,202505,0.3767630327906408
4032,5109,202506,0.5266771102972152
4032,5112,202501,0.22324590038447745
4032,5112,202502,0.22332802044424122
4032,5112,202503,0.28607963414676024
4032,5112,202504,0.378148641794438
4032,5112,202505,0.2879505089858405
4032,5112,202506,0.2710181972176599
4032,5116,202501,0.31216539558812106
4032,5116,202502,0.31088983085613536
4032,5116,202503,0.30647266745357366
4032,5116,202504,0.3068116860683064
4032,5116,202505,0.3111951628730003
4032,5116,202506,0.30753833196164665
4032,5117,202501,0.17178377743126413
4032,5117,202502,0.17277660650813165
4032,5117,202503,0.17426613078217174
4032,5117,202504,0.17323646493247566
4032,5117,202505,0.17447578319564463
4032,5117,202506,0.1759582172941658
4032,5118,202501,0.1251409025309346
4032,5118,202502,0.12831293756459627
4032,5118,202503,0.1268393039386259
4032,5118,202504,0.12570190914834745
4032,5118,202505,0.12465553334887385
4032,5118,202506,0.12409057414933666
4033,5101,202501,0.22585630599145382
4033,5101,202502,0.22607296670303162
4033,5101,202503,0.22683059381298307
4033,5101,202504,0.2257255560731351
4033,5101,202505,0.2240014216358684
4033,5101,202506,0.22370538996717368
4033,5102,202501,0.21150566356936235
4033,5102,202502,0.21134430016938516
4033,5102,202503,0.21031655903313248
4033,5102,202504,0.22158392712469618
4033,5102,202505,0.2217894716772974
4033,5102,202506,0.22120465161116773
4033,5105,202501,0.4658736446646592
4033,5105,202502,0.5291053369615399
4033,5105,202503,0.41962241631878605
4033,5105,202504,0.42328704316079147
4033,5105,202505,0.43707257093117785
4033,5105,202506,0.43530240521897806
4033,5109,202501,0.6505010997173767
4033,5109,202502,0.6725841019348936
4033,5109,202503,0.6959417308880801
4033,5109,202504,0.7125162357536453
4033,5109,202505,0.694532172787566
4033,5109,202506,0.7645607124906818
4033,5112,202501,0.36150352521107093
4033,5112,202502,0.32535923071352885
4033,5112,202503,0.4381627093730735
4033,5112,202504,0.353398504173292
4033,5112,202505,0.205655814488707
4033,5112,202506,0.28399376023774414
4033,5116,202501,0.26961785567150115
4033,5116,202502,0.2672139766007938
4033,5116,202503,0.26602423189547136
4033,5116,202504,0.26419079533427103
4033,5116,202505,0.2629039919079827
4033,5116,202506,0.25963013842256527
4033,5117,202501,0.2068101423814688
4033,5117,202502,0.20415525769014958
4033,5117,202503,0.20396858161470202
4033,5117,202504,0.20443741569570992
4033,5117,202505,0.2022351653489976
4033,5117,202506,0.2015562493549656
4033,5118,202501,0.11192446439687083
4033,5118,202502,0.11268040985862778
4033,5118,202503,0.11311168250333299
4033,5118,202504,0.11033879588929434
4033,5118,202505,0.10976515783202995
4033,5118,202506,0.10957188475436497
4034,5101,202501,0.18479759536695833
4034,5101,202502,0.18699847366882003
4034,5101,202503,0.1877050979149813
4034,5101,202504,0.18610562590434024
4034,5101,202505,0.1894146532397391
4034,5101,202506,0.18763822148382817
4034,5102,202501,0.16162714639677067
4034,5102,202502,0.16083915002342852
4034,5102,202503,0.15994954706744488
4034,5102,202504,0.1662805777370934
4034,5102,202505,0.16843849661156565
4034,5102,202506,0.16808045087370418
4034,5105,202501,0.3364493318995369
4034,5105,202502,0.5723036844157823
4034,5105,202503,0.4735223590628333
4034,5105,202504,0.46723563927941786
4034,5105,202505,0.4440120703577607
4034,5105,202506,0.4516031031218826
4034,5109,202501,0.5440687603150058
4034,5109,202502,0.5851235211376408
4034,5109,202503,0.6315215949573837
4034,5109,202504,0.5248924728121834
4034,5109,202505,0.5765864287791156
4034,5109,202506,0.5257581828449386
4034,5112,202501,0.17690279760769304
4034,5112,202502,0.2525048600741933
4034,5112,202503,0.24677814252239783
4034,5112,202504,0.24241780945033145
4034,5112,202505,0.17830180639623333
4034,5112,202506,0.33174235588223855
4034,5116,202501,0.2966806653250941
4034,5116,202502,0.29774085240304365
4034,5116,202503,0.29702739990100346
4034,5116,202504,0.2980646761011394
4034,5116,202505,0.2996574853422901
4034,5116,202506,0.29823566167516957
4034,5117,202501,0.23347819310183776
4034,5117,202502,0.2286213511918968
4034,5117,202503,0.22460815863598027
4034,5117,202504,0.2248855021114453
4034,5117,202505,0.2189196189147778
4034,5117,202506,0.22034650408025147
4034,5118,202501,0.07265764722856048
4034,5118,202502,0.07291020233683847
4034,5118,202503,0.07347188197473005
4034,5118,202504,0.07219331368605254
4034,5118,202505,0.07269226721232398
4034,5118,202506,0.07217140611068262
4035,5101,202501,0.2147215286060371
4035,5101,202502,0.21233281182713395
4035,5101,202503,0.20656176751273664
4035,5101,202504,0.21039803491963147
4035,5101,202505,0.20726060410156133
4035,5101,202506,0.20346561269597632
4035,5102,202501,0.26506017494178613
4035,5102,202502,0.2656439979211346
4035,5102,202503,0.2671268424826711
4035,5102,202504,0.27442709589894554
4035,5102,202505,0.27979267676845965
4035,5102,202506,0.28089239238503005
4035,5105,202501,0.2597613131147016
4035,5105,202502,0.2924904848873891
4035,5105,202503,0.3343822022658179
4035,5105,202504,0.3345741848182172
4035,5105,202505,0.3743788901281941
4035,5105,202506,0.4237371875534368
4035,5109,202501,0.722910496591913
4035,5109,202502,0.7028202953252334
4035,5109,202503,0.7543927231726507
4035,5109,202504,0.7212888663116556
4035,5109,202505,0.7358702362657514
4035,5109,202506,0.6631844397684428
4035,5112,202501,0.3442209527814922
4035,5112,202502,0.4571132560435588
4035,5112,202503,0.5348440052545211
4035,5112,202504,0.49794356485051544
4035,5112,202505,0.3505271459364474
4035,5112,202506,0.4441002155814017
4035,5116,202501,0.2095651594958183
4035,5116,202502,0.20369022371475698
4035,5116,202503,0.20119238352074453
4035,5116,202504,0.19520001748318164
4035,5116,202505,0.19865312335419524
4035,5116,202506,0.19369199564999293
4035,5117,202501,0.24188325954675297
4035,5117,202502,0.2465906998756217
4035,5117,202503,0.2507286735166405
4035,5117,202504,0.2515307811928294
4035,5117,202505,0.24747532853547108
4035,5117,202506,0.25121930497628453
4035,5118,202501,0.09647310585747534
4035,5118,202502,0.09619763174401631
4035,5118,202503,0.09618296968763797
4035,5118,202504,0.09573397721090136
4035,5118,202505,0.09449460275545105
4035,5118,202506,0.09469145176500479
4036,5101,202501,0.26149589681479124
4036,5101,202502,0.275685014678538
4036,5101,202503,0.2655757594975516
4036,5101,202504,0.27576343055183156
4036,5101,202505,0.2714648410317965
4036,5101,202506,0.27290625308687794
4036,5102,202501,0.20287608231114668
4036,5102,202502,0.1789774344891143
4036,5102,202503,0.18374491797117237
4036,5102,202504,0.18639358657329183
4036,5102,202505,0.18089054412176145
4036,5102,202506,0.1803611819971898
4036,5105,202501,0.07675427069618325
4036,5105,202502,0.08647054687292323
4036,5105,202503,0.05027743498053558
4036,5105,202504,0.12177233651137141
4036,5105,202505,0.09414100452259362
4036,5105,202506,0.11549681048359463
4036,5109,202501,0.1404774762646688
4036,5109,202502,0.12877002080814295
4036,5109,202503,0.10014704400539581
4036,5109,202504,0.07431015198709581
4036,5109,202505,0.1473162075040752
4036,5109,202506,0.14412871919677656
4036,5112,202501,0.24316397961668978
4036,5112,202502,0.1989963447350844
4036,5112,202503,0.2488209850317468
4036,5112,202504,0.1912726038913536
4036,5112,202505,0.14705706979377703
4036,5112,202506,0.2837851452908195
4036,5116,202501,0.3683875516044651
4036,5116,202502,0.3717736258582622
4036,5116,202503,0.3809978338414069
4036,5116,202504,0.36791596727151976
4036,5116,202505,0.3649173243643885
4036,5116,202506,0.37129049265181396
4036,5117,202501,0.16615623159641094
4036,5117,202502,0.16126234970373943
4036,5117,202503,0.15969462164497822
4036,5117,202504,0.1671798714767925
4036,5117,202505,0.16658619265584165
4036,5117,202506,0.1677829422255212
4036,5118,202501,0.08892536844831453
4036,5118,202502,0.08813944795538378
4036,5118,202503,0.08410047208575622
4036,5118,202504,0.08709368575925684
4036,5118,202505,0.08785871153502983
4036,5118,202506,0.08381832482949621
4037,5101,202501,0.2183108090439637
4037,5101,202502,0.21842049398644933
4037,5101,202503,0.22558127056916952
4037,5101,202504,0.22773722055004372
4037,5101,202505,0.2300492560898196
4037,5101,202506,0.22948871275631563
4037,5102,202501,0.1671973485108824
4037,5102,202502,0.1616591530816473
4037,5102,202503,0.16002025396710337
4037,5102,202504,0.1589180574734402
4037,5102,202505,0.15871287377826135
4037,5102,202506,0.15794486025614596
4037,5105,202501,0.20087269218086534
4037,5105,202502,0.3025673813554869
4037,5105,202503,0.3721685856646751
4037,5105,202504,0.2859316664530999
4037,5105,202505,0.2611681432071559
4037,5105,202506,0.2442226783569275
4037,5109,202501,0.42678675822368506
4037,5109,202502,0.46224549239922125
4037,5109,202503,0.5463495040261661
4037,5109,202504,0.6651650886315529
4037,5109,202505,0.6788419780905479
4037,5109,202506,0.5384555959389282
4037,5112,202501,0.16622789451491268
4037,5112,202502,0.21005129487129118
4037,5112,202503,0.19147388704162238
4037,5112,202504,0.22427458478013207
4037,5112,202505,0.1701901543798966
4037,5112,202506,0.19714202633846709
4037,5116,202501,0.22821464019883148
4037,5116,202502,0.2228407516933417
4037,5116,202503,0.2264300705087146
4037,5116,202504,0.22438250460481965
4037,5116,202505,0.22102605040782494
4037,5116,202506,0.22457834713461264
4037,5117,202501,0.16484362626099464
4037,5117,202502,0.16758837959202036
4037,5117,202503,0.16617459661218642
4037,5117,202504,0.1672097405456314
4037,5117,202505,0.16730733663941175
4037,5117,202506,0.16453958195463467
4037,5118,202501,0.15094998249787261
4037,5118,202502,0.14920577566919815
4037,5118,202503,0.14677611427503257
4037,5118,202504,0.14124125314657412
4037,5118,202505,0.14288678487432738
4037,5118,202506,0.14488032362875647
4038,5101,202501,0.2483623924192725
4038,5101,202502,0.23116822484517272
4038,5101,202503,0.23063106025634658
4038,5101,202504,0.2305850554303115
4038,5101,202505,0.22779737755998916
4038,5101,202506,0.22540029194838568
4038,5102,202501,0.17311819826461067
4038,5102,202502,0.17620009746053794
4038,5102,202503,0.17676622713727677
4038,5102,202504,0.17665433525742205
4038,5102,202505,0.17816976754010194
4038,5102,202506,0.17875915124984673
4038,5105,202501,0.19782612663288932
4038,5105,202502,0.15486469225459853
4038,5105,202503,0.23525093859125681
4038,5105,202504,0.15302055908968323
4038,5105,202505,0.2002326888245088
4038,5105,202506,0.26187250861901845
4038,5109,202501,0.4086448080767913
4038,5109,202502,0.35522858382070416
4038,5109,202503,0.328034447834265
4038,5109,202504,0.45222075732193445
4038,5109,202505,0.31451352490599366
4038,5109,202506,0.388595231612728
4038,5112,202501,0.4394993076866037
4038,5112,202502,0.3920366637251307
4038,5112,202503,0.5578142622062108
4038,5112,202504,0.5655454824805927
4038,5112,202505,0.612970675139478
4038,5112,202506,0.6345719135879039
4038,5116,202501,0.2526614420313761
4038,5116,202502,0.24759543325902664
4038,5116,202503,0.2480267241433937
4038,5116,202504,0.24809426715495395
4038,5116,202505,0.24677962452055408
4038,5116,202506,0.2461022531086942
4038,5117,202501,0.2578341899428791
4038,5117,202502,0.2589081289345276
4038,5117,202503,0.260018024509888
4038,5117,202504,0.2535546349267236
4038,5117,202505,0.2506888795535328
4038,5117,202506,0.25267460151982685
4038,5118,202501,0.10596309730999698
4038,5118,202502,0.10935949137821399
4038,5118,202503,0.10720891364764086
4038,5118,202504,0.10892368710288576
4038,5118,202505,0.11151695772596171
4038,5118,202506,0.10946932210649554
4039,5101,202501,0.2041690571516375
4039,5101,202502,0.20708195678975613
4039,5101,202503,0.20459023317011057
4039,5101,202504,0.20027756421231696
4039,5101,202505,0.20619897876558227
4039,5101,202506,0.202804006615944
4039,5102,202501,0.2902151073949785
4039,5102,202502,0.2902582452743111
4039,5102,202503,0.29197832840267945
4039,5102,202504,0.29368179637410513
4039,5102,202505,0.29159544698711803
4039,5102,202506,0.28989504402740923
4039,5105,202501,0.23717739734931806
4039,5105,202502,0.2660742280474281
4039,5105,202503,0.3069712276860074
4039,5105,202504,0.36809152618089075
4039,5105,202505,0.2498611307912038
4039,5105,202506,0.29518427744080344
4039,5109,202501,0.3248806532086514
4039,5109,202502,0.418682097227437
4039,5109,202503,0.43410210039948727
4039,5109,202504,0.45338201977624576
4039,5109,202505,0.3973777529910926
4039,5109,202506,0.3203791680267048
4039,5112,202501,0.3145326705886348
4039,5112,202502,0.2998377163057421
4039,5112,202503,0.2877331531020781
4039,5112,202504,0.19407529383945016
4039,5112,202505,0.21989168283798172
4039,5112,202506,0.24099859339403712
4039,5116,202501,0.2071423264823171
4039,5116,202502,0.2078845775900425
4039,5116,202503,0.20616002621301263
4039,5116,202504,0.20871627616677238
4039,5116,202505,0.2056757529956973
4039,5116,202506,0.20647199953866957
4039,5117,202501,0.25985969430053135
4039,5117,202502,0.2556962349470955
4039,5117,202503,0.25341627261285515
4039,5117,202504,0.24893708978787557
4039,5117,202505,0.2526549687887909
4039,5117,202506,0.24839725284780556
4039,5118,202501,0.14831004496907957
4039,5118,202502,0.15654643232302135
4039,5118,202503,0.15715213122685526
4039,5118,202504,0.15437026442128926
4039,5118,202505,0.15504013017740564
4039,5118,202506,0.15707520924430748
4040,5101,202501,0.30233228278451385
4040,5101,202502,0.3020973090230853
4040,5101,202503,0.302544629654001
4040,5101,202504,0.3007869131852041
4040,5101,202505,0.30162965518760004
4040,5101,202506,0.2999993281877753
4040,5102,202501,0.1762833563576999
4040,5102,202502,0.17539393072382478
4040,5102,202503,0.17484786751033168
4040,5102,202504,0.17470481001554675
4040,5102,202505,0.17576134942993743
4040,5102,202506,0.17492247818748205
4040,5105,202501,0.2857609404258528
4040,5105,202502,0.32529356900524703
4040,5105,202503,0.25160947063792705
4040,5105,202504,0.4092515392464943
4040,5105,202505,0.28512764107237365
4040,5105,202506,0.2687296794386966
4040,5109,202501,0.5803125658129173
4040,5109,202502,0.5093767068776823
4040,5109,202503,0.5266191697535025
4040,5109,202504,0.5513128180347495
4040,5109,202505,0.5080939007330232
4040,5109,202506,0.344648453591384
4040,5112,202501,0.24799413758333208
4040,5112,202502,0.27479454977677487
4040,5112,202503,0.26519641644012887
4040,5112,202504,0.29700924793199573
4040,5112,202505,0.25048821285267026
4040,5112,202506,0.3105441206275205
4040,5116,202501,0.22649925185485262
4040,5116,202502,0.23179761630004755
4040,5116,202503,0.23128509491433044
4040,5116,202504,0.23175197393103386
4040,5116,202505,0.23834173195323222
4040,5116,202506,0.23259280438857535
4040,5117,202501,0.24808733222656293
4040,5117,202502,0.25158414935552
4040,5117,202503,0.25781053164858503
4040,5117,202504,0.2574370652417866
4040,5117,202505,0.25072118374242125
4040,5117,202506,0.2584786351337006
4040,5118,202501,0.092789536799031
4040,5118,202502,0.09102322942895581
4040,5118,202503,0.0889368353812949
4040,5118,202504,0.08483309224475753
4040,5118,202505,0.0838141414957609
4040,5118,202506,0.08321121407681022
4041,5101,202501,0.2609452026601158
4041,5101,202502,0.2651485069706153
4041,5101,202503,0.26438054156033763
4041,5101,202504,0.2594856142647266
4041,5101,202505,0.26400132466511256
4041,5101,202506,0.2627670555364709
4041,5102,202501,0.21711865483477705
4041,5102,202502,0.21518031672398946
4041,5102,202503,0.22144034358976747
4041,5102,202504,0.21540444999062291
4041,5102,202505,0.21324520385644619
4041,5102,202506,0.21208576615166883
4041,5105,202501,0.13393153022136098
4041,5105,202502,0.19204302238808654
4041,5105,202503,0.1879656657294468
4041,5105,202504,0.14920798925183545
4041,5105,202505,0.18903893434747004
4041,5105,202506,0.3401057927941465
4041,5109,202501,0.33480729739733117
4041,5109,202502,0.42321616234033826
4041,5109,202503,0.34064263891763796
4041,5109,202504,0.3517313613904951
4041,5109,202505,0.40963386821044634
4041,5109,202506,0.36401541171842217
4041,5112,202501,0.2455746349616223
4041,5112,202502,0.2870574537787307
4041,5112,202503,0.2860873179470374
4041,5112,202504,0.24358175208679725
4041,5112,202505,0.24655669380175996
4041,5112,202506,0.2324115342006989
4041,5116,202501,0.31370221871973064
4041,5116,202502,0.3119220555700336
4041,5116,202503,0.30957299479444417
4041,5116,202504,0.3079661092929916
4041,5116,202505,0.3065260231545713
4041,5116,202506,0.304129937940615
4041,5117,202501,0.14669532986804598
4041,5117,202502,0.14314577619072086
4041,5117,202503,0.14445481295436752
4041,5117,202504,0.14649281639938236
4041,5117,202505,0.14795818898701601
4041,5117,202506,0.1455166582450359
4041,5118,202501,0.11514684098454174
4041,5118,202502,0.11527313892826038
4041,5118,202503,0.11748278379912172
4041,5118,202504,0.11796322445517633
4041,5118,202505,0.11762646086373095
4041,5118,202506,0.12138269015019822
4042,5101,202501,0.23816259651610328
4042,5101,202502,0.2275531642256876
4042,5101,202503,0.21633669920973728
4042,5101,202504,0.23595727760136426
4042,5101,202505,0.24194627096117502
4042,5101,202506,0.23812912490659632
4042,5102,202501,0.17888713088480016
4042,5102,202502,0.19243167968705957
4042,5102,202503,0.19784723915397437
4042,5102,202504,0.1913335877826354
4042,5102,202505,0.18947862719302416
4042,5102,202506,0.19046350546124172
4042,5105,202501,0.20629135459471218
4042,5105,202502,0.2590001338550222
4042,5105,202503,0.2957318826816006
4042,5105,202504,0.2853064788519515
4042,5105,202505,0.22149063524778428
4042,5105,202506,0.21287941885165798
4042,5109,202501,0.3460478912225367
4042,5109,202502,0.425237212885457
4042,5109,202503,0.26084043645709754
4042,5109,202504,0.2833952469548707
4042,5109,202505,0.2381786881292317
4042,5109,202506,0.1959762389626808
4042,5112,202501,0.3217500449300735
4042,5112,202502,0.435912960448649
4042,5112,202503,0.4078831395513623
4042,5112,202504,0.5083467357074047
4042,5112,202505,0.4154837946522468
4042,5112,202506,0.3052726565864542
4042,5116,202501,0.22165338375512017
4042,5116,202502,0.22518873236306702
4042,5116,202503,0.25899661495262116
4042,5116,202504,0.24613444130587858
4042,5116,202505,0.25228196115485607
4042,5116,202506,0.2606961983457697
4042,5117,202501,0.24943800053609416
4042,5117,202502,0.24883556427386294
4042,5117,202503,0.23120824549861455
4042,5117,202504,0.23883440371391992
4042,5117,202505,0.2336543023336314
4042,5117,202506,0.23031727671275215
4042,5118,202501,0.0793236412852952
4042,5118,202502,0.07460999233092043
4042,5118,202503,0.07343241873310238
4042,5118,202504,0.0725434991594668
4042,5118,202505,0.07046620863349383
4042,5118,202506,0.06985023905876074
4043,5101,202501,0.2749629246180813
4043,5101,202502,0.2654699552535134
4043,5101,202503,0.2666745116982876
4043,5101,202504,0.2692162958434281
4043,5101,202505,0.2608675435852728
4043,5101,202506,0.2647143775281608
4043,5102,202501,0.2282594205180635
4043,5102,202502,0.2330227235779961
4043,5102,202503,0.229981651074591
4043,5102,202504,0.2290053744762158
4043,5102,202505,0.22824443241395942
4043,5102,202506,0.23071689408835844
4043,5105,202501,0.20865229694977216
4043,5105,202502,0.2943091073775173
4043,5105,202503,0.3687431023812114
4043,5105,202504,0.41688772005406693
4043,5105,202505,0.38204258575888084
4043,5105,202506,0.37429823339638457
4043,5109,202501,0.4545312856684558
4043,5109,202502,0.39428641580154283
4043,5109,202503,0.3713388843103031
4043,5109,202504,0.4981842287912735
4043,5109,202505,0.43697054354237147
4043,5109,202506,0.48191148975315035
4043,5112,202501,0.3897678860092785
4043,5112,202502,0.3826115267225949
4043,5112,202503,0.5296656749430217
4043,5112,202504,0.4614685182991763
4043,5112,202505,0.4156816450158667
4043,5112,202506,0.5687425068822609
4043,5116,202501,0.3381078829855939
4043,5116,202502,0.34186606425494925
4043,5116,202503,0.33404861263115343
4043,5116,202504,0.3332502152094212
4043,5116,202505,0.33647756968228504
4043,5116,202506,0.33274881994289734
4043,5117,202501,0.15212998620702772
4043,5117,202502,0.15331907484103605
4043,5117,202503,0.14903587714531014
4043,5117,202504,0.14965187051846915
4043,5117,202505,0.14655156939135794
4043,5117,202506,0.14615581353323961
4043,5118,202501,0.1249185674204697
4043,5118,202502,0.1239660855339781
4043,5118,202503,0.1284324206015443
4043,5118,202504,0.12548475140246945
4043,5118,202505,0.12706616328731907
4043,5118,202506,0.12614647720765962
4044,5101,202501,0.22494179158524116
4044,5101,202502,0.22606350525116575
4044,5101,202503,0.22773124547497983
4044,5101,202504,0.22537138178245045
4044,5101,202505,0.2313594488623346
4044,5101,202506,0.23364005217559716
4044,5102,202501,0.14697214714562423
4044,5102,202502,0.13921136695434425
4044,5102,202503,0.1385712991366442
4044,5102,202504,0.14359475152607312
4044,5102,202505,0.13694058867405356
4044,5102,202506,0.1368349929880063
4044,5105,202501,0.21103582161762466
4044,5105,202502,0.1871738234924537
4044,5105,202503,0.1930842891542502
4044,5105,202504,0.15130099811574665
4044,5105,202505,0.13739769831442694
4044,5105,202506,0.1459264216216249
4044,5109,202501,0.23071474454985763
4044,5109,202502,0.1878459495296557
4044,5109,202503,0.19591673604971338
4044,5109,202504,0.20063966382129458
4044,5109,202505,0.24445548440368287
4044,5109,202506,0.20324322122738242
4044,5112,202501,0.11850502542403345
4044,5112,202502,0.16483082097108717
4044,5112,202503,0.13631983286997773
4044,5112,202504,0.1075149334855206
4044,5112,202505,0.0994662595243412
4044,5112,202506,0.11288732983047949
4044,5116,202501,0.25880866792060453
4044,5116,202502,0.2616944660700716
4044,5116,202503,0.2646015653332362
4044,5116,202504,0.2625232555029401
4044,5116,202505,0.2645896872063733
4044,5116,202506,0.2606184168959035
4044,5117,202501,0.2060886248257414
4044,5117,202502,0.20179491733424149
4044,5117,202503,0.2000326301141473
4044,5117,202504,0.20438641223036547
4044,5117,202505,0.20042578343127995
4044,5117,202506,0.19214033378800985
4044,5118,202501,0.13879810005457366
4044,5118,202502,0.13844779536718366
4044,5118,202503,0.13978758372558592
4044,5118,202504,0.13605398343015426
4044,5118,202505,0.13435925145341016
4044,5118,202506,0.13166686257801324
4045,5101,202501,0.2283481412120745
4045,5101,202502,0.225043488754387
4045,5101,202503,0.21945422241862053
4045,5101,202504,0.2286475525037082
4045,5101,202505,0.2261123115668399
4045,5101,202506,0.2249732682005157
4045,5102,202501,0.18484676521034868
4045,5102,202502,0.18084647464859932
4045,5102,202503,0.18108868771093084
4045,5102,202504,0.18036452812641848
4045,5102,202505,0.17847155942944562
4045,5102,202506,0.1805989225664251
4045,5105,202501,0.13339211308275734
4045,5105,202502,0.19821033208449448
4045,5105,202503,0.11644837532623811
4045,5105,202504,0.17190934131492933
4045,5105,202505,0.12407420025412293
4045,5105,202506,0.13455183090819464
4045,5109,202501,0.675097511275377
4045,5109,202502,0.6742678022894372
4045,5109,202503,0.606446252820354
4045,5109,202504,0.25417124232586585
4045,5109,202505,0.401218928743359
4045,5109,202506,0.6561683558553151
4045,5112,202501,0.35134004891950044
4045,5112,202502,0.36678366986735356
4045,5112,202503,0.4088849334351336
4045,5112,202504,0.5822204255730812
4045,5112,202505,0.35375324422612
4045,5112,202506,0.18989279281859392
4045,5116,202501,0.26795181446322186
4045,5116,202502,0.2636884470273422
4045,5116,202503,0.2650166590516393
4045,5116,202504,0.26697776704893766
4045,5116,202505,0.2637549150987141
4045,5116,202506,0.26806245033183324
4045,5117,202501,0.25389942798407034
4045,5117,202502,0.257592493023577
4045,5117,202503,0.2579884252824412
4045,5117,202504,0.25088653069772965
4045,5117,202505,0.2530992782863698
4045,5117,202506,0.24986636899127657
4045,5118,202501,0.1624750039236854
4045,5118,202502,0.1657337084636726
4045,5118,202503,0.16383342594964784
4045,5118,202504,0.17227848351107988
4045,5118,202505,0.17509707173188171
4045,5118,202506,0.17468856788456122
4046,5101,202501,0.1943623990957926
4046,5101,202502,0.19274968552945132
4046,5101,202503,0.1887726410412237
4046,5101,202504,0.1956604063137864
4046,5101,202505,0.1956829446404022
4046,5101,202506,0.19621104149340193
4046,5102,202501,0.23629654940879238
4046,5102,202502,0.233850647970828
4046,5102,202503,0.24941466811722465
4046,5102,202504,0.24909200352939134
4046,5102,202505,0.2483143259732507
4046,5102,202506,0.24904753406725869
4046,5105,202501,0.18091863918895926
4046,5105,202502,0.1713941797372542
4046,5105,202503,0.2241246734518774
4046,5105,202504,0.25240636285764007
4046,5105,202505,0.2332091006570695
4046,5105,202506,0.20553308864119257
4046,5109,202501,0.5830617830863343
4046,5109,202502,0.5819945958429726
4046,5109,202503,0.6024009061845411
4046,5109,202504,0.5701151074005191
4046,5109,202505,0.584102876349957
4046,5109,202506,0.6108690469512954
4046,5112,202501,0.3663076013338245
4046,5112,202502,0.39109781402386223
4046,5112,202503,0.3639941659772763
4046,5112,202504,0.32879484899468964
4046,5112,202505,0.37387928758008976
4046,5112,202506,0.18597112650528003
4046,5116,202501,0.2572637988659646
4046,5116,202502,0.25721775841012645
4046,5116,202503,0.25757679507098197
4046,5116,202504,0.2547862268609148
4046,5116,202505,0.2528254901519965
4046,5116,202506,0.2537429726527769
4046,5117,202501,0.171656623269009
4046,5117,202502,0.17718541745018887
4046,5117,202503,0.1772527459059116
4046,5117,202504,0.1721371221918426
4046,5117,202505,0.17329127549678122
4046,5117,202506,0.17052048334679648
4046,5118,202501,0.15712177284777348
4046,5118,202502,0.15391445401808276
4046,5118,202503,0.15072035927614794
4046,5118,202504,0.15185424426577743
4046,5118,202505,0.15374642719530313
4046,5118,202506,0.1528021607456092
4047,5101,202501,0.21288309247648016
4047,5101,202502,0.2205964808644679
4047,5101,202503,0.21526520833223922
4047,5101,202504,0.21698877111854165
4047,5101,202505,0.21857264160279277
4047,5101,202506,0.22599330530854875
4047,5102,202501,0.1602491432411168
4047,5102,202502,0.1578491220978783
4047,5102,202503,0.15851725139899892
4047,5102,202504,0.1569478584852398
4047,5102,202505,0.15993875289819662
4047,5102,202506,0.1573860012009863
4047,5105,202501,0.12451019292378135
4047,5105,202502,0.10115155661896534
4047,5105,202503,0.15356949778496645
4047,5105,202504,0.11462247546529397
4047,5105,202505,0.11156203442489117
4047,5105,202506,0.11182646656874815
4047,5109,202501,0.3689680147232515
4047,5109,202502,0.24409103518066438
4047,5109,202503,0.199167159668845
4047,5109,202504,0.2151707150500657
4047,5109,202505,0.47181934025607647
4047,5109,202506,0.37821031473309163
4047,5112,202501,0.3392472868273768
4047,5112,202502,0.36976300430006315
4047,5112,202503,0.36963291264654025
4047,5112,202504,0.4159601123230786
4047,5112,202505,0.45252405100996906
4047,5112,202506,0.43477596271487157
4047,5116,202501,0.1702323948994672
4047,5116,202502,0.17504079890325497
4047,5116,202503,0.17954918621255783
4047,5116,202504,0.17513873846177166
4047,5116,202505,0.17305699528286536
4047,5116,202506,0.1767958363029428
4047,5117,202501,0.18921001660186923
4047,5117,202502,0.1827773636043449
4047,5117,202503,0.18517380320541305
4047,5117,202504,0.19380196591837004
4047,5117,202505,0.19338138083099615
4047,5117,202506,0.18960454010919617
4047,5118,202501,0.1490365106661125
4047,5118,202502,0.1513843694337774
4047,5118,202503,0.1443884496969566
4047,5118,202504,0.13983053360875608
4047,5118,202505,0.14131514654285143
4047,5118,202506,0.13929593209974783
4048,5101,202501,0.1412338174441289
4048,5101,202502,0.13810403655863968
4048,5101,202503,0.13851074963696225
4048,5101,202504,0.1431608827432191
4048,5101,202505,0.14028717485898562
4048,5101,202506,0.13728371422930008
4048,5102,202501,0.16147847133661491
4048,5102,202502,0.16301968956944268
4048,5102,202503,0.1587181398219721
4048,5102,202504,0.16377717746311993
4048,5102,202505,0.16398627520177342
4048,5102,202506,0.16143237609406894
4048,5105,202501,0.22542382680704404
4048,5105,202502,0.25564454092297173
4048,5105,202503,0.19066220174023626
4048,5105,202504,0.1819168323673212
4048,5105,202505,0.26403043655784125
4048,5105,202506,0.2112992462417125
4048,5109,202501,0.4208401467961721
4048,5109,202502,0.4118812850453964
4048,5109,202503,0.45375826802033814
4048,5109,202504,0.40970636477584954
4048,5109,202505,0.5104160945569538
4048,5109,202506,0.6945091590381979
4048,5112,202501,0.19856800552325166
4048,5112,202502,0.260394451041121
4048,5112,202503,0.44025697199824504
4048,5112,202504,0.3007987642611424
4048,5112,202505,0.22085531148932966
4048,5112,202506,0.18446777193598315
4048,5116,202501,0.2525013489665089
4048,5116,202502,0.2553733601746145
4048,5116,202503,0.25951906515586043
4048,5116,202504,0.2560519750930192
4048,5116,202505,0.25600138766405084
4048,5116,202506,0.2582589646048198
4048,5117,202501,0.2359521942163987
4048,5117,202502,0.2262427676340313
4048,5117,202503,0.22618147149027318
4048,5117,202504,0.236562280346926
4048,5117,202505,0.23425207758584768
4048,5117,202506,0.2341686003066833
4048,5118,202501,0.09174611171835635
4048,5118,202502,0.09207333658933098
4048,5118,202503,0.0922419267511973
4048,5118,202504,0.08808061501281747
4048,5118,202505,0.08855161848550518
4048,5118,202506,0.088376221097091
4049,5101,202501,0.1570799944316658
4049,5101,202502,0.1578033575011843
4049,5101,202503,0.15693104043391587
4049,5101,202504,0.15697615143154597
4049,5101,202505,0.15706068843056248
4049,5101,202506,0.15773425729190366
4049,5102,202501,0.19604264135251942
4049,5102,202502,0.19678699772918024
4049,5102,202503,0.1961614764760623
4049,5102,202504,0.19633984677576127
4049,5102,202505,0.19726822600616858
4049,5102,202506,0.19576711463358093
4049,5105,202501,0.21959484574779672
4049,5105,202502,0.17058574855091008
4049,5105,202503,0.26917932707674314
4049,5105,202504,0.23948638709376668
4049,5105,202505,0.24904904111043277
4049,5105,202506,0.2428240864254955
4049,5109,202501,0.36841998722279184
4049,5109,202502,0.4705117133043364
4049,5109,202503,0.5054855370550155
4049,5109,202504,0.46829449802005374
4049,5109,202505,0.5383689064927862
4049,5109,202506,0.596889770602976
4049,5112,202501,0.2184626509649353
4049,5112,202502,0.2773080645665702
4049,5112,202503,0.3565872950100915
4049,5112,202504,0.22620100091868328
4049,5112,202505,0.25038951582236
4049,5112,202506,0.19402274533855293
4049,5116,202501,0.2229370754181945
4049,5116,202502,0.2251002358883594
4049,5116,202503,0.21111143396366946
4049,5116,202504,0.21682357963656085
4049,5116,202505,0.21679035404441596
4049,5116,202506,0.20900993927106407
4049,5117,202501,0.24579629420174176
4049,5117,202502,0.2460063837132838
4049,5117,202503,0.24869640230664783
4049,5117,202504,0.24803823541830974
4049,5117,202505,0.24839525059508155
4049,5117,202506,0.24948411832188075
4049,5118,202501,0.076228959879315
4049,5118,202502,0.07594017896227732
4049,5118,202503,0.07799509468408627
4049,5118,202504,0.07463810413234097
4049,5118,202505,0.07340111112425536
4049,5118,202506,0.07676583146079931
4050,5101,202501,0.18156701549045165
4050,5101,202502,0.18164298688713973
4050,5101,202503,0.17569520230016045
4050,5101,202504,0.17801111199417083
4050,5101,202505,0.17968157773539423
4050,5101,202506,0.17703380462567636
4050,5102,202501,0.1390308285102251
4050,5102,202502,0.14059095908631664
4050,5102,202503,0.14070930532221465
4050,5102,202504,0.13786185644669752
4050,5102,202505,0.1376430650257588
4050,5102,202506,0.13905765765329392
4050,5105,202501,0.208634604071085
4050,5105,202502,0.14789039131712134
4050,5105,202503,0.177792338288405
4050,5105,202504,0.21314135633648348
4050,5105,202505,0.200909828957348
4050,5105,202506,0.1524332976357816
4050,5109,202501,0.5724477125341181
4050,5109,202502,0.59282394573871
4050,5109,202503,0.5011000543149484
4050,5109,202504,0.5125029918782402
4050,5109,202505,0.6048467668636534
4050,5109,202506,0.6147447074414755
4050,5112,202501,0.2991719437742773
4050,5112,202502,0.258724719837193
4050,5112,202503,0.2553109104060284
4050,5112,202504,0.3099686758196898
4050,5112,202505,0.21288783400445044
4050,5112,202506,0.2171250497011534
4050,5116,202501,0.29167096468406506
4050,5116,202502,0.2925614279342268
4050,5116,202503,0.29287038781770564
4050,5116,202504,0.29254155253473085
4050,5116,202505,0.29523951797110604
4050,5116,202506,0.2960220011678909
4050,5117,202501,0.1722532543335919
4050,5117,202502,0.17325415999715754
4050,5117,202503,0.1713812493739455
4050,5117,202504,0.17810825690182722
4050,5117,202505,0.17609255125251255
4050,5117,202506,0.17449842096463286
4050,5118,202501,0.13641955593428473
4050,5118,202502,0.1375681609223625
4050,5118,202503,0.13490883782499416
4050,5118,202504,0.1346049386849678
4050,5118,202505,0.13289733597544173
4050,5118,202506,0.1337628512247542
4051,5101,202501,0.2529588124370941
4051,5101,202502,0.24692245358402942
4051,5101,202503,0.24801682697654182
4051,5101,202504,0.25158938296621874
4051,5101,202505,0.24775532270631642
4051,5101,202506,0.2465503501206737
4051,5102,202501,0.24746642836768776
4051,5102,202502,0.2469482957243896
4051,5102,202503,0.22879142186380635
4051,5102,202504,0.23045335653420265
4051,5102,202505,0.2301381940096711
4051,5102,202506,0.23040278011491885
4051,5105,202501,0.252460006211309
4051,5105,202502,0.2372223624857967
4051,5105,202503,0.20015589444566304
4051,5105,202504,0.32341328627342936
4051,5105,202505,0.23212550680629399
4051,5105,202506,0.21148300504534479
4051,5109,202501,0.25183579481898155
4051,5109,202502,0.28375791154710084
4051,5109,202503,0.26487005711941275
4051,5109,202504,0.356575519722597
4051,5109,202505,0.25550015259087305
4051,5109,202506,0.25340149758102753
4051,5112,202501,0.12425004689588424
4051,5112,202502,0.13443982157399875
4051,5112,202503,0.14166407992378638
4051,5112,202504,0.10901723092074442
4051,5112,202505,0.11252009812869118
4051,5112,202506,0.12954374914610076
4051,5116,202501,0.20668155506405023
4051,5116,202502,0.20767971008481054
4051,5116,202503,0.20973623878095582
4051,5116,202504,0.20899257323651055
4051,5116,202505,0.20877844887724445
4051,5116,202506,0.2086140042041027
4051,5117,202501,0.22359220257626264
4051,5117,202502,0.2113732275537994
4051,5117,202503,0.21192470203534508
4051,5117,202504,0.21250893553900702
4051,5117,202505,0.21223370230240324
4051,5117,202506,0.2111035759791576
4051,5118,202501,0.10278772909302533
4051,5118,202502,0.10349358523164462
4051,5118,202503,0.10262059156042111
4051,5118,202504,0.10065245353387167
4051,5118,202505,0.10008041183056468
4051,5118,202506,0.09930652264963041
4052,5101,202501,0.23661545528600633
4052,5101,202502,0.22224671490259057
4052,5101,202503,0.22512261443620396
4052,5101,202504,0.22090579984309308
4052,5101,202505,0.21397697381639827
4052,5101,202506,0.21209838115911617
4052,5102,202501,0.1903788694520106
4052,5102,202502,0.19176943516023454
4052,5102,202503,0.18995270343897352
4052,5102,202504,0.19199319171249773
4052,5102,202505,0.19344095026595223
4052,5102,202506,0.19345475562289008
4052,5105,202501,0.17827464055446357
4052,5105,202502,0.22008195285345425
4052,5105,202503,0.2597543809414124
4052,5105,202504,0.2825904765084094
4052,5105,202505,0.29899121732854833
4052,5105,202506,0.27728323916742287
4052,5109,202501,0.1575192795407474
4052,5109,202502,0.14100708870723092
4052,5109,202503,0.10099987855706997
4052,5109,202504,0.15217535498753634
4052,5109,202505,0.18243307555853785
4052,5109,202506,0.19984487247819227
4052,5112,202501,0.1522928588620389
4052,5112,202502,0.1780460226274486
4052,5112,202503,0.23401001763953394
4052,5112,202504,0.1690003022857574
4052,5112,202505,0.12962064231304293
4052,5112,202506,0.1341046678266797
4052,5116,202501,0.2535665917240273
4052,5116,202502,0.25237093275423095
4052,5116,202503,0.2476211348524238
4052,5116,202504,0.25500194354110994
4052,5116,202505,0.25318634865723566
4052,5116,202506,0.26719695888281314
4052,5117,202501,0.1898956524333905
4052,5117,202502,0.18931065738104888
4052,5117,202503,0.1906609462005892
4052,5117,202504,0.18637806218672653
4052,5117,202505,0.18972709500225604
4052,5117,202506,0.18551016904308848
4052,5118,202501,0.13368293370077014
4052,5118,202502,0.1373509790655661
4052,5118,202503,0.13773865027182813
4052,5118,202504,0.13678459483884572
4052,5118,202505,0.13738349268496847
4052,5118,202506,0.13590178405203512
4053,5101,202501,0.27538366590066515
4053,5101,202502,0.2676254507325266
4053,5101,202503,0.2707238686975513
4053,5101,202504,0.2712573015765946
4053,5101,202505,0.26858191230901995
4053,5101,202506,0.2710374532975167
4053,5102,202501,0.17221813199001598
4053,5102,202502,0.17281943109298478
4053,5102,202503,0.1727108958693103
4053,5102,202504,0.17535214663414087
4053,5102,202505,0.17628243294817883
4053,5102,202506,0.1745275720355964
4053,5105,202501,0.3600198111176107
4053,5105,202502,0.4002841768031303
4053,5105,202503,0.308238645724527
4053,5105,202504,0.32871684644895355
4053,5105,202505,0.28433262574939544
4053,5105,202506,0.2888353905340229
4053,5109,202501,0.5912993728313868
4053,5109,202502,0.43981373418295183
4053,5109,202503,0.5783987455810241
4053,5109,202504,0.5707979731404584
4053,5109,202505,0.5939135575166078
4053,5109,202506,0.5032289745072069
4053,5112,202501,0.4534713249771383
4053,5112,202502,0.35989256615489806
4053,5112,202503,0.4550801301519754
4053,5112,202504,0.35491944174355194
4053,5112,202505,0.447360758858804
4053,5112,202506,0.43398188680883404
4053,5116,202501,0.2734254954870246
4053,5116,202502,0.2777898464030539
4053,5116,202503,0.28050956784202025
4053,5116,202504,0.26891085292546435
4053,5116,202505,0.27749649400470416
4053,5116,202506,0.275608877909317
4053,5117,202501,0.16788256280609976
4053,5117,202502,0.16518955397514823
4053,5117,202503,0.16333250608888264
4053,5117,202504,0.16556223094753983
4053,5117,202505,0.16128640470712002
4053,5117,202506,0.16282815052552332
4053,5118,202501,0.08980287374938915
4053,5118,202502,0.09064181648135605
4053,5118,202503,0.09182273882540834
4053,5118,202504,0.09125147336668268
4053,5118,202505,0.0908495537212331
4053,5118,202506,0.08933534924473668
4054,5101,202501,0.2421052540337521
4054,5101,202502,0.24257837683590294
4054,5101,202503,0.24451370998785776
4054,5101,202504,0.2451930687364599
4054,5101,202505,0.24370308020478237
4054,5101,202506,0.2431567424779381
4054,5102,202501,0.1998235971642287
4054,5102,202502,0.19856045511667114
4054,5102,202503,0.19579912306841527
4054,5102,202504,0.19800602107584908
4054,5102,202505,0.195655136013423
4054,5102,202506,0.1976241269287769
4054,5105,202501,0.2147512266417359
4054,5105,202502,0.1987852151804964
4054,5105,202503,0.1991618771541256
4054,5105,202504,0.23688733947346954
4054,5105,202505,0.2137610990535156
4054,5105,202506,0.2172618928501878
4054,5109,202501,0.4102827969998636
4054,5109,202502,0.38839171713137516
4054,5109,202503,0.3819892170071457
4054,5109,202504,0.468946695457216
4054,5109,202505,0.47464565613276183
4054,5109,202506,0.3586612279020417
4054,5112,202501,0.27411032014321757
4054,5112,202502,0.2379384820783501
4054,5112,202503,0.22804359656660284
4054,5112,202504,0.3047684803847895
4054,5112,202505,0.17036773654660667
4054,5112,202506,0.2772891272601587
4054,5116,202501,0.28595796906614396
4054,5116,202502,0.2847546370196884
4054,5116,202503,0.28205745890566314
4054,5116,202504,0.28800596568466524
4054,5116,202505,0.28524493758741065
4054,5116,202506,0.28426970076789765
4054,5117,202501,0.1576193982061554
4054,5117,202502,0.1580282947578686
4054,5117,202503,0.15729133809040766
4054,5117,202504,0.15877816165292147
4054,5117,202505,0.15667499519284758
4054,5117,202506,0.1568942091205501
4054,5118,202501,0.11281127901852328
4054,5118,202502,0.11169546327882786
4054,5118,202503,0.1133003952597119
4054,5118,202504,0.10752933632202671
4054,5118,202505,0.1068473365808456
4054,5118,202506,0.10847797865576583
4055,5101,202501,0.2684322348817165
4055,5101,202502,0.3015114561263978
4055,5101,202503,0.30278673877476636
4055,5101,202504,0.31570216690929165
4055,5101,202505,0.3238218887778612
4055,5101,202506,0.3207782692404007
4055,5102,202501,0.19951833911635392
4055,5102,202502,0.19001915320269303
4055,5102,202503,0.18900481602425484
4055,5102,202504,0.18460895143964873
4055,5102,202505,0.18287378948056696
4055,5102,202506,0.1831893872772216
4055,5105,202501,0.45227696122690453
4055,5105,202502,0.3682284366362217
4055,5105,202503,0.21763685536327454
4055,5105,202504,0.35068976703244165
4055,5105,202505,0.22662225038876965
4055,5105,202506,0.3493298490437252
4055,5109,202501,0.07924717143287623
4055,5109,202502,0.0767896156858742
4055,5109,202503,0.04819836663645181
4055,5109,202504,0.08886840863215126
4055,5109,202505,0.08326739787534329
4055,5109,202506,0.09804101167963107
4055,5112,202501,0.07386154864803364
4055,5112,202502,0.07589021990890543
4055,5112,202503,0.1085172471542211
4055,5112,202504,0.08493846253005014
4055,5112,202505,0.08312984813800794
4055,5112,202506,0.0669979212793314
4055,5116,202501,0.2514260305997098
4055,5116,202502,0.24907079289161463
4055,5116,202503,0.25045071550176434
4055,5116,202504,0.23809630223016742
4055,5116,202505,0.22514021092737876
4055,5116,202506,0.2229499519308318
4055,5117,202501,0.22122181896472168
4055,5117,202502,0.23419717409610333
4055,5117,202503,0.2341369536154422
4055,5117,202504,0.23582809071442687
4055,5117,202505,0.23960648577312596
4055,5117,202506,0.24026189416635296
4055,5118,202501,0.11914839386588999
4055,5118,202502,0.11546904894493992
4055,5118,202503,0.11305107241436052
4055,5118,202504,0.11410984235484281
4055,5118,202505,0.11769531106124388
4055,5118,202506,0.11696119026452297
4056,5101,202501,0.22891937274682714
4056,5101,202502,0.22965341900843325
4056,5101,202503,0.2297198234819818
4056,5101,202504,0.22182226400298283
4056,5101,202505,0.22184232611035182
4056,5101,202506,0.22078855910410974
4056,5102,202501,0.1940316528796832
4056,5102,202502,0.19475021350648947
4056,5102,202503,0.19447221439984314
4056,5102,202504,0.19821049267218518
4056,5102,202505,0.19806432604094049
4056,5102,202506,0.19717150116027482
4056,5105,202501,0.29091319287741
4056,5105,202502,0.3480143845823313
4056,5105,202503,0.25544309655412667
4056,5105,202504,0.3145806414160006
4056,5105,202505,0.45452275667964437
4056,5105,202506,0.24906426151004002
4056,5109,202501,0.3778729692341995
4056,5109,202502,0.4517606387155072
4056,5109,202503,0.40553397244104356
4056,5109,202504,0.34589921176582805
4056,5109,202505,0.4802684964614339
4056,5109,202506,0.5067177627990747
4056,5112,202501,0.3113558524498294
4056,5112,202502,0.3348911033313519
4056,5112,202503,0.4660936047859382
4056,5112,202504,0.417361344994818
4056,5112,202505,0.3474604202563215
4056,5112,202506,0.4443701697946149
4056,5116,202501,0.33048748714757703
4056,5116,202502,0.3268385957732005
4056,5116,202503,0.32970120605825237
4056,5116,202504,0.33294254615267216
4056,5116,202505,0.32837117922076575
4056,5116,202506,0.3359670671309144
4056,5117,202501,0.202241696904321
4056,5117,202502,0.2032962915366427
4056,5117,202503,0.19973779186025162
4056,5117,202504,0.20089099398425858
4056,5117,202505,0.20317655691400724
4056,5117,202506,0.1994115568665755
4056,5118,202501,0.10485253379303157
4056,5118,202502,0.10578491184141008
4056,5118,202503,0.10465144989159642
4056,5118,202504,0.10357375813964471
4056,5118,202505,0.10349320171297006
4056,5118,202506,0.10259277608891215
4057,5101,202501,0.2515451381350629
4057,5101,202502,0.24497171064749051
4057,5101,202503,0.24258392280879248
4057,5101,202504,0.25597974023291836
4057,5101,202505,0.250156134864403
4057,5101,202506,0.25850020740588214
4057,5102,202501,0.1720696270126707
4057,5102,202502,0.17813577925165813
4057,5102,202503,0.182922340651045
4057,5102,202504,0.18337842523504042
4057,5102,202505,0.1842394439136998
4057,5102,202506,0.18307966214589763
4057,5105,202501,0.22967784473019126
4057,5105,202502,0.28148207694945815
4057,5105,202503,0.1355096127869568
4057,5105,202504,0.4527306920588592
4057,5105,202505,0.39855342828565543
4057,5105,202506,0.37910323632648013
4057,5109,202501,0.7575707543964413
4057,5109,202502,0.6359762704138583
4057,5109,202503,0.5668113942688742
4057,5109,202504,0.7079197804436846
4057,5109,202505,0.7032491006153587
4057,5109,202506,0.6448074148243942
4057,5112,202501,0.44356199215858505
4057,5112,202502,0.47952838870023196
4057,5112,202503,0.5812462664680413
4057,5112,202504,0.6171987492462601
4057,5112,202505,0.6252916686323154
4057,5112,202506,0.5793036255418107
4057,5116,202501,0.2862824827805571
4057,5116,202502,0.2878573165032483
4057,5116,202503,0.28489671113794907
4057,5116,202504,0.27589342100022723
4057,5116,202505,0.2686402929164205
4057,5116,202506,0.26430802296852857
4057,5117,202501,0.18570603242347136
4057,5117,202502,0.18915227231645004
4057,5117,202503,0.19890604175120596
4057,5117,202504,0.20009195411918076
4057,5117,202505,0.2021599656328085
4057,5117,202506,0.20382093673231333
4057,5118,202501,0.1272982213233711
4057,5118,202502,0.12590291754843738
4057,5118,202503,0.12423691554249512
4057,5118,202504,0.12530640687902292
4057,5118,202505,0.12244654316446545
4057,5118,202506,0.12442224099001682
4058,5101,202501,0.18105738636139324
4058,5101,202502,0.1831723718966688
4058,5101,202503,0.1837031107731891
4058,5101,202504,0.18474997434835894
4058,5101,202505,0.1882687818129445
4058,5101,202506,0.18969692342070144
4058,5102,202501,0.2004576097026497
4058,5102,202502,0.1946472381503571
4058,5102,202503,0.19607212386217834
4058,5102,202504,0.18718391008653562
4058,5102,202505,0.19016363504602143
4058,5102,202506,0.18757080935233864
4058,5105,202501,0.3766450597160755
4058,5105,202502,0.2509376280648915
4058,5105,202503,0.35906855207587207
4058,5105,202504,0.41734472717624166
4058,5105,202505,0.45443397489449
4058,5105,202506,0.40802202672477433
4058,5109,202501,0.4003755141087906
4058,5109,202502,0.4031349355396539
4058,5109,202503,0.33316425644700814
4058,5109,202504,0.3972761708115991
4058,5109,202505,0.3816570325149776
4058,5109,202506,0.34384629831115865
4058,5112,202501,0.2798926981232064
4058,5112,202502,0.26198390107429087
4058,5112,202503,0.3340618534022023
4058,5112,202504,0.284776067844664
4058,5112,202505,0.1585971671995699
4058,5112,202506,0.3114850687219023
4058,5116,202501,0.27895266964299253
4058,5116,202502,0.27847355773775473
4058,5116,202503,0.27800959875499504
4058,5116,202504,0.2820792099527222
4058,5116,202505,0.2770025994816756
4058,5116,202506,0.2805700857699439
4058,5117,202501,0.21557997317815566
4058,5117,202502,0.21615484394152412
4058,5117,202503,0.21563740806443274
4058,5117,202504,0.2129712952724518
4058,5117,202505,0.21176972622860396
4058,5117,202506,0.20799403972727476
4058,5118,202501,0.10354297729586867
4058,5118,202502,0.1036620279158878
4058,5118,202503,0.10833569885185526
4058,5118,202504,0.10477390382496642
4058,5118,202505,0.10487764669342461
4058,5118,202506,0.10834547494649553
4059,5101,202501,0.20067954041836306
4059,5101,202502,0.19979189834942357
4059,5101,202503,0.19670648966586277
4059,5101,202504,0.205470228723918
4059,5101,202505,0.20830829320215086
4059,5101,202506,0.20866355358866073
4059,5102,202501,0.15461128719548045
4059,5102,202502,0.1518047214405008
4059,5102,202503,0.146062176403399
4059,5102,202504,0.14423535309043564
4059,5102,202505,0.14185340779402242
4059,5102,202506,0.13968068813484827
4059,5105,202501,0.45497480297032544
4059,5105,202502,0.34724097565797923
4059,5105,202503,0.33027932032454976
4059,5105,202504,0.38995552167048336
4059,5105,202505,0.3803720654503204
4059,5105,202506,0.29706868436136963
4059,5109,202501,0.6053718543588117
4059,5109,202502,0.36486926067430503
4059,5109,202503,0.5770676627307243
4059,5109,202504,0.46491952126820213
4059,5109,202505,0.49379908485409335
4059,5109,202506,0.5764007665675195
4059,5112,202501,0.3038666880314232
4059,5112,202502,0.29399783121872874
4059,5112,202503,0.22691260445565697
4059,5112,202504,0.20178434254975483
4059,5112,202505,0.1403715323434282
4059,5112,202506,0.1584792837369624
4059,5116,202501,0.231184886888539
4059,5116,202502,0.23436413378840218
4059,5116,202503,0.23800535498571326
4059,5116,202504,0.22789653804255758
4059,5116,202505,0.22718084475478315
4059,5116,202506,0.23037185700670595
4059,5117,202501,0.23452384753701452
4059,5117,202502,0.2257709406240519
4059,5117,202503,0.2242514851250029
4059,5117,202504,0.22856357144774286
4059,5117,202505,0.22516823210061485
4059,5117,202506,0.22677646546750863
4059,5118,202501,0.12398593481465474
4059,5118,202502,0.12391991737761222
4059,5118,202503,0.12135223691626955
4059,5118,202504,0.12229386153388062
4059,5118,202505,0.12311415148460002
4059,5118,202506,0.12078812967598666
4060,5101,202501,0.19947175712313622
4060,5101,202502,0.19799619496525137
4060,5101,202503,0.19465054685019756
4060,5101,202504,0.1970090031140349
4060,5101,202505,0.19527988256489537
4060,5101,202506,0.19535934600789992
4060,5102,202501,0.18837148134943354
4060,5102,202502,0.1875130133799296
4060,5102,202503,0.192877293424363
4060,5102,202504,0.19249667075488006
4060,5102,202505,0.1912161650461969
4060,5102,202506,0.1922062884637689
4060,5105,202501,0.21688914557040964
4060,5105,202502,0.18959237339211524
4060,5105,202503,0.1876021850119485
4060,5105,202504,0.2090631954396653
4060,5105,202505,0.13914264896375425
4060,5105,202506,0.16343698947323101
4060,5109,202501,0.601225854614124
4060,5109,202502,0.5478148558999714
4060,5109,202503,0.4966362904134439
4060,5109,202504,0.396416321084023
4060,5109,202505,0.5569620546036034
4060,5109,202506,0.4924096266582029
4060,5112,202501,0.6214238441869688
4060,5112,202502,0.719153695486249
4060,5112,202503,0.724326228107975
4060,5112,202504,0.7773573695038885
4060,5112,202505,0.7389432005248496
4060,5112,202506,0.43242775793275057
4060,5116,202501,0.3380979129740972
4060,5116,202502,0.33671159119354666
4060,5116,202503,0.33471179009574376
4060,5116,202504,0.33543371544682193
4060,5116,202505,0.33302754682273417
4060,5116,202506,0.3328929326695271
4060,5117,202501,0.2075933319984242
4060,5117,202502,0.2079363409262505
4060,5117,202503,0.20521146053745107
4060,5117,202504,0.20419373582954634
4060,5117,202505,0.20615145790621336
4060,5117,202506,0.2087153023173184
4060,5118,202501,0.09573957156942173
4060,5118,202502,0.09649203758468285
4060,5118,202503,0.09682967160145331
4060,5118,202504,0.09642680787582202
4060,5118,202505,0.09712625278708889
4060,5118,202506,0.09664014566019617
4061,5101,202501,0.24142053261295615
4061,5101,202502,0.24234616168929737
4061,5101,202503,0.24109737427042313
4061,5101,202504,0.24096468231975585
4061,5101,202505,0.24082542314871863
4061,5101,202506,0.24064767178190413
4061,5102,202501,0.18548991233292866
4061,5102,202502,0.18182575365440934
4061,5102,202503,0.18208054817889338
4061,5102,202504,0.18192249897052226
4061,5102,202505,0.1809105571918951
4061,5102,202506,0.18113916338587005
4061,5105,202501,0.16558030034774004
4061,5105,202502,0.161944606586578
4061,5105,202503,0.16241780834915864
4061,5105,202504,0.16220212021236116
4061,5105,202505,0.10958892057433015
4061,5105,202506,0.10900690050950806
4061,5109,202501,0.40343586045285235
4061,5109,202502,0.4077930584233199
4061,5109,202503,0.40698942711167446
4061,5109,202504,0.41666132929381877
4061,5109,202505,0.6402281221202054
4061,5109,202506,0.46997642168535325
4061,5112,202501,0.2585361421475335
4061,5112,202502,0.2621544284443814
4061,5112,202503,0.17939131569862732
4061,5112,202504,0.22173592227044822
4061,5112,202505,0.14795559634259986
4061,5112,202506,0.18008630409739082
4061,5116,202501,0.262055742727772
4061,5116,202502,0.26308652352140743
4061,5116,202503,0.26137604596659725
4061,5116,202504,0.2621886204454516
4061,5116,202505,0.26273461113367047
4061,5116,202506,0.26419150795511237
4061,5117,202501,0.16528809779130013
4061,5117,202502,0.15881949559787484
4061,5117,202503,0.15972239009423525
4061,5117,202504,0.16049374912442005
4061,5117,202505,0.15771763194265223
4061,5117,202506,0.15392535103782995
4061,5118,202501,0.14896039074260303
4061,5118,202502,0.1523580504013955
4061,5118,202503,0.1485607986375326
4061,5118,202504,0.14611902218386372
4061,5118,202505,0.1454087676157143
4061,5118,202506,0.14661622429252605
4062,5101,202501,0.27902958261891786
4062,5101,202502,0.27651046570433696
4062,5101,202503,0.2636973133395522
4062,5101,202504,0.2645667035031252
4062,5101,202505,0.2610682929115938
4062,5101,202506,0.25613013016143904
4062,5102,202501,0.1627927988996898
4062,5102,202502,0.16298955336287396
4062,5102,202503,0.16495305294085402
4062,5102,202504,0.17234172644930382
4062,5102,202505,0.17392016069707988
4062,5102,202506,0.17560826090309234
4062,5105,202501,0.3297352127244615
4062,5105,202502,0.369210190542411
4062,5105,202503,0.4704879123456943
4062,5105,202504,0.44257194717641696
4062,5105,202505,0.5020946600213274
4062,5105,202506,0.34353890631328743
4062,5109,202501,0.5692457705070528
4062,5109,202502,0.5214790235406317
4062,5109,202503,0.6120329013906409
4062,5109,202504,0.6389042446559784
4062,5109,202505,0.6290508381966188
4062,5109,202506,0.6599680215015904
4062,5112,202501,0.3114982407927397
4062,5112,202502,0.2821773016185135
4062,5112,202503,0.2987112888078336
4062,5112,202504,0.3534449273383678
4062,5112,202505,0.3498166877850625
4062,5112,202506,0.3796534697714772
4062,5116,202501,0.3056169166714532
4062,5116,202502,0.3075134274017664
4062,5116,202503,0.30747937533863384
4062,5116,202504,0.304305995085224
4062,5116,202505,0.30955023710479995
4062,5116,202506,0.3089873439473342
4062,5117,202501,0.18445202223588325
4062,5117,202502,0.18359105388701352
4062,5117,202503,0.18366178050516724
4062,5117,202504,0.18352778712307444
4062,5117,202505,0.17898887429411175
4062,5117,202506,0.1801209344962662
4062,5118,202501,0.13781803867812337
4062,5118,202502,0.13774841408403826
4062,5118,202503,0.13660915145930294
4062,5118,202504,0.1372903973907456
4062,5118,202505,0.13622228854343996
4062,5118,202506,0.13642673356399446
4063,5101,202501,0.27696876922356234
4063,5101,202502,0.27107645220907445
4063,5101,202503,0.26880645526247743
4063,5101,202504,0.2722995263878423
4063,5101,202505,0.2702171879714169
4063,5101,202506,0.26961454897391157
4063,5102,202501,0.12098562471833153
4063,5102,202502,0.1193811078151491
4063,5102,202503,0.11591787804827391
4063,5102,202504,0.11547388322600337
4063,5102,202505,0.11542731747500673
4063,5102,202506,0.1159327843994244
4063,5105,202501,0.34000996528771316
4063,5105,202502,0.5504905087927514
4063,5105,202503,0.49254052455170483
4063,5105,202504,0.4907850685334846
4063,5105,202505,0.48429247483235127
4063,5105,202506,0.5158636755587106
4063,5109,202501,0.5040622563342171
4063,5109,202502,0.504712384364788
4063,5109,202503,0.4317285392795026
4063,5109,202504,0.682967901127942
4063,5109,202505,0.6024900377888239
4063,5109,202506,0.5881747531401013
4063,5112,202501,0.23331296703153404
4063,5112,202502,0.2263906064268241
4063,5112,202503,0.2978443426478447
4063,5112,202504,0.1874640997972912
4063,5112,202505,0.17218402388417708
4063,5112,202506,0.17543344984491874
4063,5116,202501,0.3205731625960222
4063,5116,202502,0.32127362769180545
4063,5116,202503,0.32205033254692983
4063,5116,202504,0.31771694841412895
4063,5116,202505,0.31516570799320553
4063,5116,202506,0.3160371805417818
4063,5117,202501,0.21252448345951583
4063,5117,202502,0.21317311770565353
4063,5117,202503,0.21491543818272194
4063,5117,202504,0.21914784427928222
4063,5117,202505,0.21898684252031078
4063,5117,202506,0.22073340878126838
4063,5118,202501,0.13047436595278616
4063,5118,202502,0.1312556288027166
4063,5118,202503,0.1282478045776418
4063,5118,202504,0.12997914042284073
4063,5118,202505,0.1295405578533737
4063,5118,202506,0.12900339997253357
4064,5101,202501,0.2569566492262284
4064,5101,202502,0.259221835117631
4064,5101,202503,0.2575666674927268
4064,5101,202504,0.2560520689328157
4064,5101,202505,0.25745959036694566
4064,5101,202506,0.25540277983545356
4064,5102,202501,0.18439792614390418
4064,5102,202502,0.17409738590016827
4064,5102,202503,0.17332888598738677
4064,5102,202504,0.18056730409023944
4064,5102,202505,0.17785560790143504
4064,5102,202506,0.17701223378617276
4064,5105,202501,0.44929363773837583
4064,5105,202502,0.4990390868115546
4064,5105,202503,0.36982902341100643
4064,5105,202504,0.40560460064762366
4064,5105,202505,0.3693681252732642
4064,5105,202506,0.43671951448097923
4064,5109,202501,0.45740104364184714
4064,5109,202502,0.4249559454513996
4064,5109,202503,0.37522226939489867
4064,5109,202504,0.4861243101318904
4064,5109,202505,0.5169948313059459
4064,5109,202506,0.5827774186791917
4064,5112,202501,0.37522621830425007
4064,5112,202502,0.37334178023357273
4064,5112,202503,0.35751003071849513
4064,5112,202504,0.7188156133853495
4064,5112,202505,0.3536640896063916
4064,5112,202506,0.39549364990903196
4064,5116,202501,0.3572765244123563
4064,5116,202502,0.3531441169930643
4064,5116,202503,0.35366283340640375
4064,5116,202504,0.3506964644614712
4064,5116,202505,0.3472667955030397
4064,5116,202506,0.3499395648434606
4064,5117,202501,0.2212188589601132
4064,5117,202502,0.22136755655053883
4064,5117,202503,0.2202620513489418
4064,5117,202504,0.22039377688353104
4064,5117,202505,0.21571193428072913
4064,5117,202506,0.2159269345302484
4064,5118,202501,0.06276487719355917
4064,5118,202502,0.06377496535903636
4064,5118,202503,0.06353753827541221
4064,5118,202504,0.06339357765173019
4064,5118,202505,0.06336604371185044
4064,5118,202506,0.06373945187268042
4065,5101,202501,0.34790774207644865
4065,5101,202502,0.3428945629925698
4065,5101,202503,0.3299716737422965
4065,5101,202504,0.3260782508036138
4065,5101,202505,0.3240290148037952
4065,5101,202506,0.31730233788841816
4065,5102,202501,0.16127528455995527
4065,5102,202502,0.16982197366162097
4065,5102,202503,0.17128215987914153
4065,5102,202504,0.17348431198496714
4065,5102,202505,0.18045083105374007
4065,5102,202506,0.17991203800630168
4065,5105,202501,0.25035188885972204
4065,5105,202502,0.2213538321675376
4065,5105,202503,0.2549362199257162
4065,5105,202504,0.20097360749175303
4065,5105,202505,0.20618282781638733
4065,5105,202506,0.2991914078641255
4065,5109,202501,0.544573320202765
4065,5109,202502,0.49502865431679155
4065,5109,202503,0.516606607939115
4065,5109,202504,0.5192783016545356
4065,5109,202505,0.6202641404530735
4065,5109,202506,0.550429150731546
4065,5112,202501,0.31447834699436045
4065,5112,202502,0.3700448628344419
4065,5112,202503,0.32746164964537655
4065,5112,202504,0.3154366970253896
4065,5112,202505,0.3271433711942189
4065,5112,202506,0.27828407480210987
4065,5116,202501,0.2917801255170703
4065,5116,202502,0.29112724843696525
4065,5116,202503,0.29591744539025644
4065,5116,202504,0.27598480738107145
4065,5116,202505,0.27791220242988995
4065,5116,202506,0.285288265392816
4065,5117,202501,0.21684606873197948
4065,5117,202502,0.21537041710207255
4065,5117,202503,0.21272400307328193
4065,5117,202504,0.22213280993846052
4065,5117,202505,0.221795169594312
4065,5117,202506,0.21618270843217502
4065,5118,202501,0.07186004702219626
4065,5118,202502,0.07161250818717438
4065,5118,202503,0.07097335993409508
4065,5118,202504,0.07321510439250208
4065,5118,202505,0.07231665630227545
4065,5118,202506,0.07121015899156569
4066,5101,202501,0.23013394356313502
4066,5101,202502,0.23427682359411361
4066,5101,202503,0.233610242540939
4066,5101,202504,0.22676565824081582
4066,5101,202505,0.22711662811096395
4066,5101,202506,0.22423816231626997
4066,5102,202501,0.17427696185502117
4066,5102,202502,0.17141503622822993
4066,5102,202503,0.17124755265280045
4066,5102,202504,0.17284830882247967
4066,5102,202505,0.17262122905655197
4066,5102,202506,0.17340661938611898
4066,5105,202501,0.15841150600048623
4066,5105,202502,0.2193687304527206
4066,5105,202503,0.23946524362833674
4066,5105,202504,0.2925951931787898
4066,5105,202505,0.2080286068237682
4066,5105,202506,0.18896221743300795
4066,5109,202501,0.26048572388646485
4066,5109,202502,0.28777468626583935
4066,5109,202503,0.2650850528009477
4066,5109,202504,0.2954088106575184
4066,5109,202505,0.33633814432287784
4066,5109,202506,0.22690412917636985
4066,5112,202501,0.2969725032531014
4066,5112,202502,0.2833474806057467
4066,5112,202503,0.28885932409757825
4066,5112,202504,0.32732679226427014
4066,5112,202505,0.32297560890156946
4066,5112,202506,0.3002806395007154
4066,5116,202501,0.24718512079109925
4066,5116,202502,0.2469854466957343
4066,5116,202503,0.2467459095859134
4066,5116,202504,0.256458712924002
4066,5116,202505,0.2559740962753871
4066,5116,202506,0.2583949020911583
4066,5117,202501,0.2360990356082431
4066,5117,202502,0.23588330927896076
4066,5117,202503,0.23658133364668874
4066,5117,202504,0.23079863490741837
4066,5117,202505,0.23008401775718865
4066,5117,202506,0.2277633225354196
4066,5118,202501,0.13461186878829004
4066,5118,202502,0.1314439188163654
4066,5118,202503,0.1289024145704029
4066,5118,202504,0.1299544614985242
4066,5118,202505,0.12937434679158966
4066,5118,202506,0.12818869172549002
4067,5101,202501,0.28280618129069796
4067,5101,202502,0.28291136722347593
4067,5101,202503,0.28358774991702396
4067,5101,202504,0.28607711734711416
4067,5101,202505,0.28555487288590314
4067,5101,202506,0.2841269988403584
4067,5102,202501,0.2258350789143456
4067,5102,202502,0.22544407229149596
4067,5102,202503,0.2256545871976652
4067,5102,202504,0.22000827449818425
4067,5102,202505,0.2183543123245873
4067,5102,202506,0.21823463229162918
4067,5105,202501,0.5665039146769697
4067,5105,202502,0.5554186023473259
4067,5105,202503,0.5215449380969321
4067,5105,202504,0.5537908158699381
4067,5105,202505,0.5229768012623704
4067,5105,202506,0.5640404004615877
4067,5109,202501,0.4577694310755355
4067,5109,202502,0.47991545032608424
4067,5109,202503,0.5287097478461855
4067,5109,202504,0.31449912824966475
4067,5109,202505,0.32571337405119477
4067,5109,202506,0.3725578084036887
4067,5112,202501,0.15767346583881245
4067,5112,202502,0.25543044317164837
4067,5112,202503,0.292623086168109
4067,5112,202504,0.21274049762769703
4067,5112,202505,0.13198761119191352
4067,5112,202506,0.22166230214893315
4067,5116,202501,0.3110320552609275
4067,5116,202502,0.3093798993134558
4067,5116,202503,0.3096416038219038
4067,5116,202504,0.3064742356613943
4067,5116,202505,0.30296975330771597
4067,5116,202506,0.29816915790693055
4067,5117,202501,0.18355885033787428
4067,5117,202502,0.18293094778454208
4067,5117,202503,0.18195021892118274
4067,5117,202504,0.1851154091297454
4067,5117,202505,0.1868465739079187
4067,5117,202506,0.1865516679735893
4067,5118,202501,0.0947817362208361
4067,5118,202502,0.09624354247749123
4067,5118,202503,0.09665092942120908
4067,5118,202504,0.09516276378441837
4067,5118,202505,0.09609278525463394
4067,5118,202506,0.09736256106994512
4068,5101,202501,0.26485442136788107
4068,5101,202502,0.26628755532914844
4068,5101,202503,0.2669424435573794
4068,5101,202504,0.2683533467342911
4068,5101,202505,0.2697022842625348
4068,5101,202506,0.26949555136724873
4068,5102,202501,0.18054252948596167
4068,5102,202502,0.18070649355901747
4068,5102,202503,0.1751163543126862
4068,5102,202504,0.1701080215926283
4068,5102,202505,0.1684682147326463
4068,5102,202506,0.1685028038408714
4068,5105,202501,0.42714967212677957
4068,5105,202502,0.3880696861420725
4068,5105,202503,0.3032639813446684
4068,5105,202504,0.3574375654809329
4068,5105,202505,0.4014143799584875
4068,5105,202506,0.2931793241250554
4068,5109,202501,0.43391776569169366
4068,5109,202502,0.38943688200175464
4068,5109,202503,0.45269692780325915
4068,5109,202504,0.39729877899690785
4068,5109,202505,0.42347746426563165
4068,5109,202506,0.45157782480004954
4068,5112,202501,0.2406154080985677
4068,5112,202502,0.2931043323216799
4068,5112,202503,0.32859904047923005
4068,5112,202504,0.3297754944328259
4068,5112,202505,0.2830178639597738
4068,5112,202506,0.366671185770757
4068,5116,202501,0.33122057649595527
4068,5116,202502,0.32810665314814724
4068,5116,202503,0.330031264490498
4068,5116,202504,0.3298567204809056
4068,5116,202505,0.32976214986724145
4068,5116,202506,0.3316546021601883
4068,5117,202501,0.23630589455675124
4068,5117,202502,0.23829794073515126
4068,5117,202503,0.23778036092121652
4068,5117,202504,0.23565752217682245
4068,5117,202505,0.23454533123455462
4068,5117,202506,0.23480540864883026
4068,5118,202501,0.08343373787043061
4068,5118,202502,0.08121764488905966
4068,5118,202503,0.07900868841155265
4068,5118,202504,0.08015689200312108
4068,5118,202505,0.07873088281753571
4068,5118,202506,0.07693009080337476
4069,5101,202501,0.16214336268653615
4069,5101,202502,0.16210720745853296
4069,5101,202503,0.16182985418402543
4069,5101,202504,0.15820740525444296
4069,5101,202505,0.1576726843503826
4069,5101,202506,0.15807466934493983
4069,5102,202501,0.18684272090541199
4069,5102,202502,0.18615225133202326
4069,5102,202503,0.18531969236655393
4069,5102,202504,0.18598195566912093
4069,5102,202505,0.18834941526188284
4069,5102,202506,0.18769683524872205
4069,5105,202501,0.3366844000565073
4069,5105,202502,0.28484205313245997
4069,5105,202503,0.20420396406922436
4069,5105,202504,0.3978513919093334
4069,5105,202505,0.421832593503029
4069,5105,202506,0.431066003207524
4069,5109,202501,0.5232577926266049
4069,5109,202502,0.5945189530495354
4069,5109,202503,0.3707513662473415
4069,5109,202504,0.39538839036122186
4069,5109,202505,0.4577526609114624
4069,5109,202506,0.46314940027300944
4069,5112,202501,0.3890894093275323
4069,5112,202502,0.46662656190216895
4069,5112,202503,0.4124380624007141
4069,5112,202504,0.29401059463407475
4069,5112,202505,0.24928614597729615
4069,5112,202506,0.1688629808090891
4069,5116,202501,0.24870801560668876
4069,5116,202502,0.24486780465992067
4069,5116,202503,0.23823905830889877
4069,5116,202504,0.24318953198754056
4069,5116,202505,0.24582549711122115
4069,5116,202506,0.23820869443139986
4069,5117,202501,0.2253815814639238
4069,5117,202502,0.22272021673186365
4069,5117,202503,0.23092589286857748
4069,5117,202504,0.23151756478577373
4069,5117,202505,0.22449183217574567
4069,5117,202506,0.23014774211688363
4069,5118,202501,0.13696519342017385
4069,5118,202502,0.1378563002767959
4069,5118,202503,0.13622616010663866
4069,5118,202504,0.13448426408144884
4069,5118,202505,0.13514448939794982
4069,5118,202506,0.13338409966269577
4070,5101,202501,0.19703674734542448
4070,5101,202502,0.19474433971595204
4070,5101,202503,0.19106951235842218
4070,5101,202504,0.19446974194163563
4070,5101,202505,0.18928654564468642
4070,5101,202506,0.1899051747398252
4070,5102,202501,0.1690884839459227
4070,5102,202502,0.17124302236758418
4070,5102,202503,0.17174372344528532
4070,5102,202504,0.17044866460619607
4070,5102,202505,0.1711063071440477
4070,5102,202506,0.17015384207311954
4070,5105,202501,0.09819269621150996
4070,5105,202502,0.20874576716048426
4070,5105,202503,0.23224355701196933
4070,5105,202504,0.2196274968806305
4070,5105,202505,0.21178633626747392
4070,5105,202506,0.2066994100570149
4070,5109,202501,0.4396075250823446
4070,5109,202502,0.46209098556803624
4070,5109,202503,0.6933470134906125
4070,5109,202504,0.6820583022874446
4070,5109,202505,0.7013370774452756
4070,5109,202506,0.6766031240285324
4070,5112,202501,0.11089932733742947
4070,5112,202502,0.11733490432455929
4070,5112,202503,0.14431360173620844
4070,5112,202504,0.15658141607307577
4070,5112,202505,0.13667044466162043
4070,5112,202506,0.10993888075421292
4070,5116,202501,0.3464302117719943
4070,5116,202502,0.3605666541034193
4070,5116,202503,0.3639026490210135
4070,5116,202504,0.35461142113622535
4070,5116,202505,0.36078957761626834
4070,5116,202506,0.3555440738340368
4070,5117,202501,0.18707946729212901
4070,5117,202502,0.17834864802141226
4070,5117,202503,0.17381008217361227
4070,5117,202504,0.17810744812552343
4070,5117,202505,0.1751927286529379
4070,5117,202506,0.17287985650150167
4070,5118,202501,0.1015874414885675
4070,5118,202502,0.10116819503268004
4070,5118,202503,0.10121017560237322
4070,5118,202504,0.09954187881647417
4070,5118,202505,0.09947404749138199
4070,5118,202506,0.09962125406417023
4071,5101,202501,0.2492673466911737
4071,5101,202502,0.24318119929387583
4071,5101,202503,0.242116834317303
4071,5101,202504,0.24691398076869606
4071,5101,202505,0.2449806997429319
4071,5101,202506,0.24049798588840737
4071,5102,202501,0.1315591168059512
4071,5102,202502,0.13770201199406498
4071,5102,202503,0.13626762873545556
4071,5102,202504,0.13723455978782959
4071,5102,202505,0.1369142595176038
4071,5102,202506,0.1374095353344661
4071,5105,202501,0.2685149206821084
4071,5105,202502,0.23670752701573988
4071,5105,202503,0.32696224410624575
4071,5105,202504,0.3928493428740157
4071,5105,202505,0.45131491095575826
4071,5105,202506,0.4540701533984128
4071,5109,202501,0.52954045934188
4071,5109,202502,0.4250266319531774
4071,5109,202503,0.5155661492170273
4071,5109,202504,0.46702046048476586
4071,5109,202505,0.46343327108561705
4071,5109,202506,0.43763575470245053
4071,5112,202501,0.46299349012496577
4071,5112,202502,0.4804142971298885
4071,5112,202503,0.6178421137863308
4071,5112,202504,0.6223876084359884
4071,5112,202505,0.4205063818145986
4071,5112,202506,0.48934338281209894
4071,5116,202501,0.25629012591727257
4071,5116,202502,0.25451803556611935
4071,5116,202503,0.25507771819162944
4071,5116,202504,0.24981062990729952
4071,5116,202505,0.24737057454560585
4071,5116,202506,0.24530053908906377
4071,5117,202501,0.2005844655579825
4071,5117,202502,0.20583646587586163
4071,5117,202503,0.207218330936207
4071,5117,202504,0.20789145627902508
4071,5117,202505,0.2111356522907608
4071,5117,202506,0.21217102105182642
4071,5118,202501,0.15226806625991057
4071,5118,202502,0.15040345316292333
4071,5118,202503,0.14763198627151114
4071,5118,202504,0.14725725555178443
4071,5118,202505,0.14484215170801334
4071,5118,202506,0.14362449156661947
4072,5101,202501,0.22681410126633134
4072,5101,202502,0.22923121921381084
4072,5101,202503,0.23054457213452625
4072,5101,202504,0.23797071400591116
4072,5101,202505,0.2376109319696858
4072,5101,202506,0.23534546801276682
4072,5102,202501,0.18134340245270855
4072,5102,202502,0.18149789468775313
4072,5102,202503,0.17887678912136085
4072,5102,202504,0.17781743248635357
4072,5102,202505,0.1791660574457723
4072,5102,202506,0.17776018820155307
4072,5105,202501,0.28900506231578604
4072,5105,202502,0.2734205165012637
4072,5105,202503,0.3003065186031529
4072,5105,202504,0.3635102963284201
4072,5105,202505,0.24597313149866498
4072,5105,202506,0.22715121184328288
4072,5109,202501,0.5228950910639687
4072,5109,202502,0.5956032633160074
4072,5109,202503,0.5429907563750065
4072,5109,202504,0.4346064690405557
4072,5109,202505,0.568387166822813
4072,5109,202506,0.5329071192215437
4072,5112,202501,0.3002183096966551
4072,5112,202502,0.244811938727768
4072,5112,202503,0.30098236984998045
4072,5112,202504,0.33544156984305473
4072,5112,202505,0.3197590111283
4072,5112,202506,0.33955484997777885
4072,5116,202501,0.23482549581618095
4072,5116,202502,0.23747863318115892
4072,5116,202503,0.24062535119035106
4072,5116,202504,0.235331957722538
4072,5116,202505,0.23565513947633007
4072,5116,202506,0.23510126443792126
4072,5117,202501,0.20245744890779463
4072,5117,202502,0.20358853207811364
4072,5117,202503,0.1984247874971107
4072,5117,202504,0.20467812982022676
4072,5117,202505,0.20405273083721973
4072,5117,202506,0.20163194127956444
4072,5118,202501,0.07938546267863099
4072,5118,202502,0.07801449482301327
4072,5118,202503,0.07875799552671879
4072,5118,202504,0.079307998700851
4072,5118,202505,0.07859479497785399
4072,5118,202506,0.08030839806814666
4073,5101,202501,0.2311772718859584
4073,5101,202502,0.2336559844178751
4073,5101,202503,0.23197502622522315
4073,5101,202504,0.2297647279506353
4073,5101,202505,0.23445902942612912
4073,5101,202506,0.23253493042277512
4073,5102,202501,0.21397997132218755
4073,5102,202502,0.2075683774881149
4073,5102,202503,0.20311292878592926
4073,5102,202504,0.2022591844723528
4073,5102,202505,0.20492690213629552
4073,5102,202506,0.20495055372747428
4073,5105,202501,0.4613962236678968
4073,5105,202502,0.6048339778756644
4073,5105,202503,0.45111995773747426
4073,5105,202504,0.4515837127128711
4073,5105,202505,0.48064286803567735
4073,5105,202506,0.3994558910460564
4073,5109,202501,0.28415372422082924
4073,5109,202502,0.2908853643739253
4073,5109,202503,0.3692576685591108
4073,5109,202504,0.3065655876621995
4073,5109,202505,0.27132147944915164
4073,5109,202506,0.3665905586641551
4073,5112,202501,0.09897923996574692
4073,5112,202502,0.07789475741814737
4073,5112,202503,0.1392035891021588
4073,5112,202504,0.10610193078488707
4073,5112,202505,0.0705144654803794
4073,5112,202506,0.1694389103307598
4073,5116,202501,0.34603578660622614
4073,5116,202502,0.34049962807010453
4073,5116,202503,0.3378805440184678
4073,5116,202504,0.34329443252037645
4073,5116,202505,0.34331146606434115
4073,5116,202506,0.33395368827922706
4073,5117,202501,0.21590872294954863
4073,5117,202502,0.22130398962014294
4073,5117,202503,0.22264988855396423
4073,5117,202504,0.2186033404425349
4073,5117,202505,0.21936145296342932
4073,5117,202506,0.220878333474381
4073,5118,202501,0.09219012174595916
4073,5118,202502,0.0891924271415755
4073,5118,202503,0.08871102895178319
4073,5118,202504,0.09017389652058556
4073,5118,202505,0.08973084509851387
4073,5118,202506,0.09137469396146936
4074,5101,202501,0.1930110504802314
4074,5101,202502,0.19697607152267713
4074,5101,202503,0.19391710181283542
4074,5101,202504,0.1871669487831703
4074,5101,202505,0.19059017213147947
4074,5101,202506,0.19135923259737375
4074,5102,202501,0.2285265116856036
4074,5102,202502,0.22668820017571786
4074,5102,202503,0.22571938133475225
4074,5102,202504,0.2280226267171924
4074,5102,202505,0.22498772982491186
4074,5102,202506,0.22751508306136234
4074,5105,202501,0.36178372115519764
4074,5105,202502,0.26664002627173894
4074,5105,202503,0.1781784893139217
4074,5105,202504,0.2599448889661163
4074,5105,202505,0.27000257881097894
4074,5105,202506,0.3033696762678421
4074,5109,202501,0.46761870984967185
4074,5109,202502,0.570554129704372
4074,5109,202503,0.5249907394523978
4074,5109,202504,0.5299306546315162
4074,5109,202505,0.49894163666219254
4074,5109,202506,0.6880555454843003
4074,5112,202501,0.16874715527050646
4074,5112,202502,0.2291721927978845
4074,5112,202503,0.2807736016131423
4074,5112,202504,0.24981579144232757
4074,5112,202505,0.2543541393863315
4074,5112,202506,0.29750048473262025
4074,5116,202501,0.23564142382247777
4074,5116,202502,0.23544130059983348
4074,5116,202503,0.23402955091183875
4074,5116,202504,0.2299151662054678
4074,5116,202505,0.23159275513375832
4074,5116,202506,0.23010608669438215
4074,5117,202501,0.17621467027635415
4074,5117,202502,0.1843471505867899
4074,5117,202503,0.17690812192395824
4074,5117,202504,0.18259090818130827
4074,5117,202505,0.18549886737945578
4074,5117,202506,0.1797274160514508
4074,5118,202501,0.16188101151072665
4074,5118,202502,0.16046512305493418
4074,5118,202503,0.159966739682374
4074,5118,202504,0.15543769845070474
4074,5118,202505,0.15462595452212252
4074,5118,202506,0.15771137511642985
4075,5101,202501,0.2349823776052601
4075,5101,202502,0.2363908206438448
4075,5101,202503,0.2347410702119413
4075,5101,202504,0.23780679134050114
4075,5101,202505,0.23712027597044488
4075,5101,202506,0.23788686197954292
4075,5102,202501,0.21843236757045484
4075,5102,202502,0.21851087104216702
4075,5102,202503,0.21835326585984324
4075,5102,202504,0.21772586623481224
4075,5102,202505,0.2185633978846274
4075,5102,202506,0.2161467135915887
4075,5105,202501,0.24124959170763538
4075,5105,202502,0.23868287252699044
4075,5105,202503,0.20054935895174775
4075,5105,202504,0.1397576882522134
4075,5105,202505,0.14139453989465647
4075,5105,202506,0.1831242373428431
4075,5109,202501,0.5369020357667764
4075,5109,202502,0.5846823982794621
4075,5109,202503,0.556017292910785
4075,5109,202504,0.4659173711166833
4075,5109,202505,0.40306354942548767
4075,5109,202506,0.4874458124344411
4075,5112,202501,0.21313846105812775
4075,5112,202502,0.25477158805162703
4075,5112,202503,0.22136947060174372
4075,5112,202504,0.33678701282242046
4075,5112,202505,0.28807468777396245
4075,5112,202506,0.2990958654814606
4075,5116,202501,0.31954609460486066
4075,5116,202502,0.32092031237331925
4075,5116,202503,0.3233084128741371
4075,5116,202504,0.3172740245227446
4075,5116,202505,0.3196040128670098
4075,5116,202506,0.31893965141078134
4075,5117,202501,0.17063321702274728
4075,5117,202502,0.16841540565899868
4075,5117,202503,0.16765429190065753
4075,5117,202504,0.17093635165459167
4075,5117,202505,0.16946940345219624
4075,5117,202506,0.17078905793521493
4075,5118,202501,0.13001424182683433
4075,5118,202502,0.12746523487083145
4075,5118,202503,0.12706454867415973
4075,5118,202504,0.12817581496830763
4075,5118,202505,0.12643118041062645
4075,5118,202506,0.12609723945799697
4076,5101,202501,0.24334322922476945
4076,5101,202502,0.24224528106169252
4076,5101,202503,0.2423248610825505
4076,5101,202504,0.25273857985524895
4076,5101,202505,0.24723386313706863
4076,5101,202506,0.25324641505474377
4076,5102,202501,0.18118549692081828
4076,5102,202502,0.18046606810249058
4076,5102,202503,0.18023923442434955
4076,5102,202504,0.17690021080357948
4076,5102,202505,0.17697326712122385
4076,5102,202506,0.1751339323186044
4076,5105,202501,0.2626464054138133
4076,5105,202502,0.4031666974357496
4076,5105,202503,0.41532060189674597
4076,5105,202504,0.2849398162709287
4076,5105,202505,0.29070235295429514
4076,5105,202506,0.2845649796888068
4076,5109,202501,0.20514844637582255
4076,5109,202502,0.2179175901498844
4076,5109,202503,0.24552172677187695
4076,5109,202504,0.2988156557691764
4076,5109,202505,0.2175955399807822
4076,5109,202506,0.2551881121375926
4076,5112,202501,0.09648197612090229
4076,5112,202502,0.10198201806807504
4076,5112,202503,0.216387365295731
4076,5112,202504,0.1117465117637
4076,5112,202505,0.11151396157678833
4076,5112,202506,0.12181818524340486
4076,5116,202501,0.3374820016936019
4076,5116,202502,0.33876055851627745
4076,5116,202503,0.33967401675651215
4076,5116,202504,0.34599584326230093
4076,5116,202505,0.342612600596239
4076,5116,202506,0.3450530291922235
4076,5117,202501,0.1745797562162433
4076,5117,202502,0.1742789703831482
4076,5117,202503,0.17288281310324757
4076,5117,202504,0.16991590242661236
4076,5117,202505,0.1681564033279008
4076,5117,202506,0.1667861764494444
4076,5118,202501,0.09601051965005712
4076,5118,202502,0.09502623198582044
4076,5118,202503,0.094544628591441
4076,5118,202504,0.09479571664324861
4076,5118,202505,0.09627420613922763
4076,5118,202506,0.09561944765686016
4077,5101,202501,0.1677564072292709
4077,5101,202502,0.17082556092628942
4077,5101,202503,0.16965790537922631
4077,5101,202504,0.17447278316359066
4077,5101,202505,0.17328518821395814
4077,5101,202506,0.17618920039544014
4077,5102,202501,0.24740776170296752
4077,5102,202502,0.24600319698273623
4077,5102,202503,0.2483770379648067
4077,5102,202504,0.2481332954276465
4077,5102,202505,0.2486950270374756
4077,5102,202506,0.24556721093187067
4077,5105,202501,0.5561367861689436
4077,5105,202502,0.5103826057830562
4077,5105,202503,0.44847971207431675
4077,5105,202504,0.6035334273649534
4077,5105,202505,0.5896759010008934
4077,5105,202506,0.5314708958979039
4077,5109,202501,0.7956723307604083
4077,5109,202502,0.7208070367321262
4077,5109,202503,0.7422113510716102
4077,5109,202504,0.671041165870315
4077,5109,202505,0.6770965507231809
4077,5109,202506,0.7303132687878151
4077,5112,202501,0.3336815644977619
4077,5112,202502,0.413270974407651
4077,5112,202503,0.4353442303753164
4077,5112,202504,0.3676491339216151
4077,5112,202505,0.3977255638396358
4077,5112,202506,0.41853933007162275
4077,5116,202501,0.2675101817997219
4077,5116,202502,0.25839629809979436
4077,5116,202503,0.254222158572216
4077,5116,202504,0.2515052016426294
4077,5116,202505,0.24890739103923698
4077,5116,202506,0.24335114076259623
4077,5117,202501,0.273783008937941
4077,5117,202502,0.2888587345783672
4077,5117,202503,0.2912214584667389
4077,5117,202504,0.28891358475149254
4077,5117,202505,0.2963358247443989
4077,5117,202506,0.30049725197366506
4077,5118,202501,0.1242373902800307
4077,5118,202502,0.12312449882998172
4077,5118,202503,0.12235109848764726
4077,5118,202504,0.12515400632152254
4077,5118,202505,0.12532633828460513
4077,5118,202506,0.12178746546474231
4078,5101,202501,0.29471177446381297
4078,5101,202502,0.2959447084233657
4078,5101,202503,0.2959030550284153
4078,5101,202504,0.29731572985479887
4078,5101,202505,0.30396668696088897
4078,5101,202506,0.29906746305550463
4078,5102,202501,0.23599817353809655
4078,5102,202502,0.2354094518377778
4078,5102,202503,0.23292445684783972
4078,5102,202504,0.23342848921201584
4078,5102,202505,0.2313189174337078
4078,5102,202506,0.23093594435641326
4078,5105,202501,0.2714401485827497
4078,5105,202502,0.352001564436058
4078,5105,202503,0.31788332437867867
4078,5105,202504,0.36614306547095243
4078,5105,202505,0.3105157439342326
4078,5105,202506,0.32256471449912905
4078,5109,202501,0.6409592909828639
4078,5109,202502,0.654486068051581
4078,5109,202503,0.6198453573417589
4078,5109,202504,0.6921500557827224
4078,5109,202505,0.6969503058152052
4078,5109,202506,0.7037940182487862
4078,5112,202501,0.23876570538597425
4078,5112,202502,0.30280018210211884
4078,5112,202503,0.3670394876147228
4078,5112,202504,0.49441241374772726
4078,5112,202505,0.3583803035066364
4078,5112,202506,0.32506818099953444
4078,5116,202501,0.21004380375786136
4078,5116,202502,0.20998148466922736
4078,5116,202503,0.21251417155031152
4078,5116,202504,0.20662467537209436
4078,5116,202505,0.20719534089298147
4078,5116,202506,0.20393123330047727
4078,5117,202501,0.22182081660257286
4078,5117,202502,0.219029798648974
4078,5117,202503,0.2102503859389285
4078,5117,202504,0.22083429143813332
4078,5117,202505,0.21789328258638757
4078,5117,202506,0.21799503940573103
4078,5118,202501,0.09820965258576804
4078,5118,202502,0.09721966463721443
4078,5118,202503,0.09522329452861028
4078,5118,202504,0.09851592501856406
4078,5118,202505,0.09539093485873787
4078,5118,202506,0.09441803700572216
4079,5101,202501,0.4052047010584458
4079,5101,202502,0.4102535916696482
4079,5101,202503,0.4323707625450707
4079,5101,202504,0.4303638593015951
4079,5101,202505,0.4309639357560867
4079,5101,202506,0.4328701690225945
4079,5102,202501,0.18788287709942306
4079,5102,202502,0.17076369710794698
4079,5102,202503,0.1648996587574628
4079,5102,202504,0.1671910652838232
4079,5102,202505,0.16347726914223362
4079,5102,202506,0.1647093530354981
4079,5105,202501,0.2850595300109902
4079,5105,202502,0.2652841282630461
4079,5105,202503,0.275274487286534
4079,5105,202504,0.2557171829154434
4079,5105,202505,0.2660466057417409
4079,5105,202506,0.2567648221830458
4079,5109,202501,0.5194104738213692
4079,5109,202502,0.5251997573897917
4079,5109,202503,0.5385893636386463
4079,5109,202504,0.48686647488098184
4079,5109,202505,0.5351183790723757
4079,5109,202506,0.3349270279807977
4079,5112,202501,0.07045310052363922
4079,5112,202502,0.0831270683380346
4079,5112,202503,0.10056457023775518
4079,5112,202504,0.062462564466005364
4079,5112,202505,0.04879737613581485
4079,5112,202506,0.08847462706907314
4079,5116,202501,0.3211199104523071
4079,5116,202502,0.3200187465797681
4079,5116,202503,0.31740613379900967
4079,5116,202504,0.31605568331218103
4079,5116,202505,0.3145386040383132
4079,5116,202506,0.31596999613986815
4079,5117,202501,0.24089217948850064
4079,5117,202502,0.2413725427393234
4079,5117,202503,0.24319965592508003
4079,5117,202504,0.24694833470877772
4079,5117,202505,0.24572749452376333
4079,5117,202506,0.24309369415469584
4079,5118,202501,0.0903427826447326
4079,5118,202502,0.08900016882878174
4079,5118,202503,0.08475136803787874
4079,5118,202504,0.07964609757463449
4079,5118,202505,0.07989946269769538
4079,5118,202506,0.0781711652650775
