row_id,date_year_month,ecosystem_id,product_brand_id,forecast_units_eqv
H001920,202501,4000,5112,98.47444245962757
H001921,202502,4000,5112,103.09100547119448
H001922,202503,4000,5112,74.08031991193029
H001923,202504,4000,5112,71.03496361136476
H001924,202505,4000,5112,76.08749714318945
H001925,202506,4000,5112,74.20378758328793
H001926,202501,4001,5112,134.00383735085825
H001927,202502,4001,5112,138.4011763878857
H001928,202503,4001,5112,111.08604722624672
H001929,202504,4001,5112,89.0943833090575
H001930,202505,4001,5112,102.30219134411983
H001931,202506,4001,5112,96.50245533892202
H001932,202501,4002,5112,58.68392873083669
H001933,202502,4002,5112,60.97197362640469
H001934,202503,4002,5112,46.467729819496775
H001935,202504,4002,5112,41.160008925071565
H001936,202505,4002,5112,39.51040269521635
H001937,202506,4002,5112,42.82785737439733
H001938,202501,4003,5112,51.63223618166695
H001939,202502,4003,5112,52.220769421732435
H001940,202503,4003,5112,43.182911348298376
H001941,202504,4003,5112,37.529372049827245
H001942,202505,4003,5112,36.97703714044247
H001943,202506,4003,5112,39.182394770218586
H001944,202501,4004,5112,87.13194754278679
H001945,202502,4004,5112,92.11958798937323
H001946,202503,4004,5112,70.49061787718253
H001947,202504,4004,5112,64.56233987122567
H001948,202505,4004,5112,64.31848130969868
H001949,202506,4004,5112,68.83457943506052
H001950,202501,4005,5112,256.2212062097708
H001951,202502,4005,5112,248.17477433123662
H001952,202503,4005,5112,191.42176950498816
H001953,202504,4005,5112,167.74353825127974
H001954,202505,4005,5112,195.20676963864193
H001955,202506,4005,5112,174.24269415675263
H001956,202501,4006,5112,115.83450034937525
H001957,202502,4006,5112,138.6401132731779
H001958,202503,4006,5112,105.82268996123376
H001959,202504,4006,5112,95.1917970381621
H001960,202505,4006,5112,92.90034194555604
H001961,202506,4006,5112,106.86469905679226
H001962,202501,4007,5112,400.465659643279
H001963,202502,4007,5112,389.4899773576671
H001964,202503,4007,5112,311.61809384404984
H001965,202504,4007,5112,268.70578805110256
H001966,202505,4007,5112,293.007048253619
H001967,202506,4007,5112,273.5344433516351
H001968,202501,4008,5112,143.55137277690594
H001969,202502,4008,5112,141.58239748751558
H001970,202503,4008,5112,106.54221197978983
H001971,202504,4008,5112,95.1554282984151
H001972,202505,4008,5112,103.20392500563561
H001973,202506,4008,5112,103.857222706862
H001974,202501,4009,5112,183.43075741661968
H001975,202502,4009,5112,182.50325527340033
H001976,202503,4009,5112,146.30447750554606
H001977,202504,4009,5112,124.11518082018482
H001978,202505,4009,5112,133.86496478918178
H001979,202506,4009,5112,127.07689106723764
H001980,202501,4010,5112,141.43302411985155
H001981,202502,4010,5112,148.23452600862876
H001982,202503,4010,5112,108.01947024824088
H001983,202504,4010,5112,91.6893022861634
H001984,202505,4010,5112,106.55592268818263
H001985,202506,4010,5112,100.51335875066094
H001986,202501,4011,5112,292.18376454078356
H001987,202502,4011,5112,288.32217898067233
H001988,202503,4011,5112,225.72144283588352
H001989,202504,4011,5112,198.873526965048
H001990,202505,4011,5112,195.31192590879976
H001991,202506,4011,5112,198.00908505284752
H001992,202501,4012,5112,152.6624791411379
H001993,202502,4012,5112,141.01355487533118
H001994,202503,4012,5112,121.5219064051234
H001995,202504,4012,5112,105.5258305371715
H001996,202505,4012,5112,115.78022302155371
H001997,202506,4012,5112,117.6017839428242
H001998,202501,4013,5112,230.13545738430264
H001999,202502,4013,5112,214.55716661400774
H002000,202503,4013,5112,166.7368259251196
H002001,202504,4013,5112,142.32099453307455
H002002,202505,4013,5112,169.80847016210058
H002003,202506,4013,5112,149.24114225788145
H002004,202501,4014,5112,156.80220572807036
H002005,202502,4014,5112,147.11257027600718
H002006,202503,4014,5112,120.64734041467972
H002007,202504,4014,5112,97.40076017127353
H002008,202505,4014,5112,109.84993892588929
H002009,202506,4014,5112,116.6062138759552
H002010,202501,4015,5112,90.89097782603385
H002011,202502,4015,5112,101.73003040746363
H002012,202503,4015,5112,80.96691876946024
H002013,202504,4015,5112,68.26529777279593
H002014,202505,4015,5112,77.22623200497141
H002015,202506,4015,5112,72.50955107935232
H002016,202501,4016,5112,93.61779789922623
H002017,202502,4016,5112,92.39463519651824
H002018,202503,4016,5112,74.53265307665241
H002019,202504,4016,5112,62.362511640710835
H002020,202505,4016,5112,63.57226838414039
H002021,202506,4016,5112,66.45325876027272
H002022,202501,4017,5112,157.02291874904446
H002023,202502,4017,5112,165.83395708628944
H002024,202503,4017,5112,135.52919846941379
H002025,202504,4017,5112,84.6357953447806
H002026,202505,4017,5112,122.82660605659478
H002027,202506,4017,5112,121.74699618390956
H002028,202501,4018,5112,467.5824130048364
H002029,202502,4018,5112,430.4237369244088
H002030,202503,4018,5112,337.4309727296469
H002031,202504,4018,5112,314.096604481196
H002032,202505,4018,5112,330.72695019291893
H002033,202506,4018,5112,319.7572787891755
H002034,202501,4019,5112,37.695696372514355
H002035,202502,4019,5112,41.10189423405243
H002036,202503,4019,5112,31.39955397847909
H002037,202504,4019,5112,26.788484191850657
H002038,202505,4019,5112,27.55929424084533
H002039,202506,4019,5112,28.00600790482506
H002040,202501,4020,5112,478.91828562118224
H002041,202502,4020,5112,456.9076217984795
H002042,202503,4020,5112,367.45930162971285
H002043,202504,4020,5112,327.1778013729071
H002044,202505,4020,5112,361.95427117127747
H002045,202506,4020,5112,329.55826501405846
H002046,202501,4021,5112,381.313022894942
H002047,202502,4021,5112,374.72042307654846
H002048,202503,4021,5112,297.96862529060377
H002049,202504,4021,5112,251.35601767918402
H002050,202505,4021,5112,262.3665824980322
H002051,202506,4021,5112,253.95098098544048
H002052,202501,4022,5112,215.25461464973748
H002053,202502,4022,5112,201.33308038581842
H002054,202503,4022,5112,168.53435526777378
H002055,202504,4022,5112,146.06440931269884
H002056,202505,4022,5112,154.5936355068802
H002057,202506,4022,5112,169.0865463405986
H002058,202501,4023,5112,238.70492286668917
H002059,202502,4023,5112,226.19266142387113
H002060,202503,4023,5112,184.2573853282278
H002061,202504,4023,5112,166.09156584803353
H002062,202505,4023,5112,180.2739678666808
H002063,202506,4023,5112,171.467419104013
H002064,202501,4024,5112,73.67609553379116
H002065,202502,4024,5112,77.78972805061754
H002066,202503,4024,5112,59.62971516845566
H002067,202504,4024,5112,56.35433417156818
H002068,202505,4024,5112,61.86863578512473
H002069,202506,4024,5112,56.0302503769443
H002070,202501,4025,5112,1055.4377131715548
H002071,202502,4025,5112,992.1077941446758
H002072,202503,4025,5112,860.4813839096803
H002073,202504,4025,5112,813.200185664185
H002074,202505,4025,5112,869.2518971302806
H002075,202506,4025,5112,903.2365444806657
H002076,202501,4026,5112,191.34003560398082
H002077,202502,4026,5112,196.06167415412702
H002078,202503,4026,5112,159.94458489145214
H002079,202504,4026,5112,136.6886239655251
H002080,202505,4026,5112,147.72317491570743
H002081,202506,4026,5112,148.2857550119316
H002082,202501,4027,5112,363.43077090477266
H002083,202502,4027,5112,367.1433579566077
H002084,202503,4027,5112,286.16943068885195
H002085,202504,4027,5112,254.2953251503635
H002086,202505,4027,5112,275.3689415599065
H002087,202506,4027,5112,253.79930224007887
H002088,202501,4028,5112,512.6831848400574
H002089,202502,4028,5112,502.0143991319273
H002090,202503,4028,5112,399.5348279665954
H002091,202504,4028,5112,362.4902065105973
H002092,202505,4028,5112,393.51345590967304
H002093,202506,4028,5112,379.4035145320232
H002094,202501,4029,5112,69.052621679627
H002095,202502,4029,5112,72.72392637068415
H002096,202503,4029,5112,63.96868140151701
H002097,202504,4029,5112,51.26035395297108
H002098,202505,4029,5112,57.62580787463485
H002099,202506,4029,5112,51.625239237148556
H002100,202501,4030,5112,352.4970062756
H002101,202502,4030,5112,336.5018969562186
H002102,202503,4030,5112,280.99793598089764
H002103,202504,4030,5112,241.6220863027148
H002104,202505,4030,5112,270.0297384715941
H002105,202506,4030,5112,255.39684437276568
H002106,202501,4031,5112,250.9577392276496
H002107,202502,4031,5112,220.36700329658092
H002108,202503,4031,5112,177.71212038918716
H002109,202504,4031,5112,152.75045640515827
H002110,202505,4031,5112,190.74096626492417
H002111,202506,4031,5112,175.50609625487516
H002112,202501,4032,5112,125.91734238743109
H002113,202502,4032,5112,118.94628854181697
H002114,202503,4032,5112,103.22054591911625
H002115,202504,4032,5112,88.33249384178595
H002116,202505,4032,5112,99.24510485197669
H002117,202506,4032,5112,98.33596736606653
H002118,202501,4033,5112,85.46654109720099
H002119,202502,4033,5112,87.05992201709267
H002120,202503,4033,5112,61.910121461741525
H002121,202504,4033,5112,56.06588276193412
H002122,202505,4033,5112,56.981316859875704
H002123,202506,4033,5112,49.931948391421685
H002124,202501,4034,5112,131.68273695807562
H002125,202502,4034,5112,133.18006889794577
H002126,202503,4034,5112,102.5018521011615
H002127,202504,4034,5112,85.61602858339837
H002128,202505,4034,5112,99.17355244827824
H002129,202506,4034,5112,95.69676390994924
H002130,202501,4035,5112,28.162186653852775
H002131,202502,4035,5112,56.673838132892016
H002132,202503,4035,5112,38.010832094257225
H002133,202504,4035,5112,36.83328877099551
H002134,202505,4035,5112,33.412313574619404
H002135,202506,4035,5112,44.34553055404991
H002136,202501,4036,5112,715.0234817537133
H002137,202502,4036,5112,673.7661263129548
H002138,202503,4036,5112,525.2402164678717
H002139,202504,4036,5112,464.0164944428796
H002140,202505,4036,5112,501.9881063356009
H002141,202506,4036,5112,510.23224931306436
H002142,202501,4037,5112,351.2584584850859
H002143,202502,4037,5112,346.359931871828
H002144,202503,4037,5112,273.9668085596275
H002145,202504,4037,5112,235.08257567450278
H002146,202505,4037,5112,263.97633335418675
H002147,202506,4037,5112,235.54402711620278
H002148,202501,4038,5112,388.3640447286231
H002149,202502,4038,5112,364.09391103841284
H002150,202503,4038,5112,285.41704146943306
H002151,202504,4038,5112,257.0055240001088
H002152,202505,4038,5112,270.80546033658146
H002153,202506,4038,5112,250.3695207256676
H002154,202501,4039,5112,297.34594179064027
H002155,202502,4039,5112,288.84827610934536
H002156,202503,4039,5112,233.3349972754786
H002157,202504,4039,5112,195.96968717936275
H002158,202505,4039,5112,225.38670956034633
H002159,202506,4039,5112,204.9950165027152
H002160,202501,4040,5112,89.5070312870636
H002161,202502,4040,5112,99.13155369593882
H002162,202503,4040,5112,73.0013919105064
H002163,202504,4040,5112,61.679509628632196
H002164,202505,4040,5112,76.16358816966671
H002165,202506,4040,5112,52.66411173552467
H002166,202501,4041,5112,142.349818805853
H002167,202502,4041,5112,145.6286420940169
H002168,202503,4041,5112,110.33937903302129
H002169,202504,4041,5112,92.12522819141542
H002170,202505,4041,5112,101.61309207292928
H002171,202506,4041,5112,89.58253997451615
H002172,202501,4042,5112,508.22146414571944
H002173,202502,4042,5112,489.4218461390135
H002174,202503,4042,5112,374.5108648675079
H002175,202504,4042,5112,336.1445078184918
H002176,202505,4042,5112,366.6186922325909
H002177,202506,4042,5112,324.62758618864245
H002178,202501,4043,5112,93.94009794050892
H002179,202502,4043,5112,100.83371585997334
H002180,202503,4043,5112,77.81726327943322
H002181,202504,4043,5112,67.36948960772015
H002182,202505,4043,5112,65.54268661395132
H002183,202506,4043,5112,71.78371098220661
H002184,202501,4044,5112,447.07580739359116
H002185,202502,4044,5112,455.82077645720335
H002186,202503,4044,5112,365.8393420928146
H002187,202504,4044,5112,315.7311437195485
H002188,202505,4044,5112,350.4651310662171
H002189,202506,4044,5112,324.20860002738647
H002190,202501,4045,5112,259.49625334985683
H002191,202502,4045,5112,258.8766394563438
H002192,202503,4045,5112,189.15163503334588
H002193,202504,4045,5112,140.01374022992863
H002194,202505,4045,5112,186.58093533118446
H002195,202506,4045,5112,152.8458011738303
H002196,202501,4046,5112,530.9856873194959
H002197,202502,4046,5112,538.2816053880119
H002198,202503,4046,5112,430.6087692970129
H002199,202504,4046,5112,364.97098329464893
H002200,202505,4046,5112,405.867617533255
H002201,202506,4046,5112,387.44153442004443
H002202,202501,4047,5112,792.0931800889961
H002203,202502,4047,5112,804.4662360172041
H002204,202503,4047,5112,657.7251882794486
H002205,202504,4047,5112,574.7542984412528
H002206,202505,4047,5112,609.4769410347952
H002207,202506,4047,5112,595.2207339273838
H002208,202501,4048,5112,353.9789196954996
H002209,202502,4048,5112,342.39568733318083
H002210,202503,4048,5112,271.105511247845
H002211,202504,4048,5112,252.48935956074928
H002212,202505,4048,5112,262.1709214912422
H002213,202506,4048,5112,260.782414918162
H002214,202501,4049,5112,310.21928619529035
H002215,202502,4049,5112,304.8661443497386
H002216,202503,4049,5112,251.13227442293342
H002217,202504,4049,5112,225.5262822935039
H002218,202505,4049,5112,236.9761365519607
H002219,202506,4049,5112,241.44905375204792
H002220,202501,4050,5112,209.0073948493167
H002221,202502,4050,5112,214.5828204815669
H002222,202503,4050,5112,171.4326577647448
H002223,202504,4050,5112,139.54471785737678
H002224,202505,4050,5112,160.72398328052455
H002225,202506,4050,5112,157.73262944186226
H002226,202501,4051,5112,412.5364978445466
H002227,202502,4051,5112,400.010645277787
H002228,202503,4051,5112,322.3695686119505
H002229,202504,4051,5112,290.5398313762986
H002230,202505,4051,5112,307.687047346743
H002231,202506,4051,5112,259.41707580022006
H002232,202501,4052,5112,568.9762004656026
H002233,202502,4052,5112,541.794628391103
H002234,202503,4052,5112,450.96614083312517
H002235,202504,4052,5112,403.5194259799935
H002236,202505,4052,5112,428.50205999699904
H002237,202506,4052,5112,421.6497335999602
H002238,202501,4053,5112,79.21392500607875
H002239,202502,4053,5112,82.9057263875307
H002240,202503,4053,5112,67.55632248722948
H002241,202504,4053,5112,55.72269113307786
H002242,202505,4053,5112,62.205237625490554
H002243,202506,4053,5112,57.47505101681935
H002244,202501,4054,5112,125.40091507293039
H002245,202502,4054,5112,116.39504837561597
H002246,202503,4054,5112,96.44987473269528
H002247,202504,4054,5112,89.42079097220177
H002248,202505,4054,5112,92.2000289439846
H002249,202506,4054,5112,82.68276463505103
H002250,202501,4055,5112,744.4033319609373
H002251,202502,4055,5112,767.5471647362933
H002252,202503,4055,5112,633.7450581659714
H002253,202504,4055,5112,552.8058882702899
H002254,202505,4055,5112,557.0531993043659
H002255,202506,4055,5112,593.2006052301872
H002256,202501,4056,5112,131.29723360551333
H002257,202502,4056,5112,130.83396328491708
H002258,202503,4056,5112,97.26663563455236
H002259,202504,4056,5112,87.72512724640748
H002260,202505,4056,5112,91.97581445258561
H002261,202506,4056,5112,95.51741537315884
H002262,202501,4057,5112,41.59202653690407
H002263,202502,4057,5112,44.25958750780164
H002264,202503,4057,5112,38.877118265769376
H002265,202504,4057,5112,34.46526355014892
H002266,202505,4057,5112,31.321964917606937
H002267,202506,4057,5112,28.88235153801402
H002268,202501,4058,5112,107.10663257491689
H002269,202502,4058,5112,103.50811967918365
H002270,202503,4058,5112,83.6365387970203
H002271,202504,4058,5112,77.56792526926002
H002272,202505,4058,5112,86.88661724078703
H002273,202506,4058,5112,89.22647369981419
H002274,202501,4059,5112,332.1153354406344
H002275,202502,4059,5112,301.48819931789967
H002276,202503,4059,5112,255.20937184656592
H002277,202504,4059,5112,229.16063481823454
H002278,202505,4059,5112,263.63740911022876
H002279,202506,4059,5112,243.91580439122126
H002280,202501,4060,5112,146.389154475974
H002281,202502,4060,5112,185.29370651118282
H002282,202503,4060,5112,135.1570466434348
H002283,202504,4060,5112,134.4337610803062
H002284,202505,4060,5112,136.05150238614314
H002285,202506,4060,5112,150.14807229247413
H002286,202501,4061,5112,215.51618816223365
H002287,202502,4061,5112,213.81035187776152
H002288,202503,4061,5112,169.86369295630416
H002289,202504,4061,5112,143.28265390438105
H002290,202505,4061,5112,162.0580927027808
H002291,202506,4061,5112,150.36942450633572
H002292,202501,4062,5112,111.12101314667365
H002293,202502,4062,5112,110.34259209276817
H002294,202503,4062,5112,92.235156265539
H002295,202504,4062,5112,78.86965638610563
H002296,202505,4062,5112,88.92818615854735
H002297,202506,4062,5112,83.98470465594313
H002298,202501,4063,5112,251.32397644284384
H002299,202502,4063,5112,242.28155424009063
H002300,202503,4063,5112,196.5139136237001
H002301,202504,4063,5112,169.05705543116267
H002302,202505,4063,5112,203.3571521777162
H002303,202506,4063,5112,198.73904791955204
H002304,202501,4064,5112,180.441193878744
H002305,202502,4064,5112,178.81618292127666
H002306,202503,4064,5112,140.79932882275028
H002307,202504,4064,5112,122.63970170748915
H002308,202505,4064,5112,127.65376898647543
H002309,202506,4064,5112,128.73673224703663
H002310,202501,4065,5112,75.96751386455047
H002311,202502,4065,5112,80.89322001445699
H002312,202503,4065,5112,63.28998777945685
H002313,202504,4065,5112,51.446487359858615
H002314,202505,4065,5112,59.040051210788576
H002315,202506,4065,5112,56.211734801326685
H002316,202501,4066,5112,99.66775658650892
H002317,202502,4066,5112,103.98427983825998
H002318,202503,4066,5112,81.37306090861738
H002319,202504,4066,5112,69.91358120534316
H002320,202505,4066,5112,79.82098749794802
H002321,202506,4066,5112,74.90254625930247
H002322,202501,4067,5112,199.19377445682608
H002323,202502,4067,5112,189.4881324313284
H002324,202503,4067,5112,162.9230555546566
H002325,202504,4067,5112,144.13042367506432
H002326,202505,4067,5112,151.5485733966561
H002327,202506,4067,5112,142.6117926053316
H002328,202501,4068,5112,110.04970714965235
H002329,202502,4068,5112,116.22173212665024
H002330,202503,4068,5112,90.5509924873231
H002331,202504,4068,5112,75.86005804658043
H002332,202505,4068,5112,86.2790824687863
H002333,202506,4068,5112,79.64985490642577
H002334,202501,4069,5112,178.54517558866547
H002335,202502,4069,5112,177.92328042673725
H002336,202503,4069,5112,133.53139519885323
H002337,202504,4069,5112,119.38721087187913
H002338,202505,4069,5112,128.59604514866083
H002339,202506,4069,5112,118.00888567045732
H002340,202501,4070,5112,313.09595640800626
H002341,202502,4070,5112,270.5934424931905
H002342,202503,4070,5112,242.00994646565198
H002343,202504,4070,5112,221.2832067759708
H002344,202505,4070,5112,239.73393495627536
H002345,202506,4070,5112,220.13625257666624
H002346,202501,4071,5112,66.69209724584645
H002347,202502,4071,5112,98.59290420199841
H002348,202503,4071,5112,65.63319541207716
H002349,202504,4071,5112,57.1476083013062
H002350,202505,4071,5112,65.75384019481696
H002351,202506,4071,5112,71.53895666222856
H002352,202501,4072,5112,207.67403633135928
H002353,202502,4072,5112,210.03580744598506
H002354,202503,4072,5112,165.4388776241104
H002355,202504,4072,5112,143.11141723450635
H002356,202505,4072,5112,146.3488070338661
H002357,202506,4072,5112,145.066625379998
H002358,202501,4073,5112,210.87938196788048
H002359,202502,4073,5112,212.4759343170958
H002360,202503,4073,5112,175.04463226412057
H002361,202504,4073,5112,146.45868818648097
H002362,202505,4073,5112,151.81457595577987
H002363,202506,4073,5112,154.55047907023527
H002364,202501,4074,5112,235.19868481615578
H002365,202502,4074,5112,232.79638796971952
H002366,202503,4074,5112,190.88951991627334
H002367,202504,4074,5112,161.24025348055136
H002368,202505,4074,5112,180.31575128668342
H002369,202506,4074,5112,175.11799710447923
H002370,202501,4075,5112,105.84512750764085
H002371,202502,4075,5112,110.28639027482778
H002372,202503,4075,5112,79.72228838049239
H002373,202504,4075,5112,73.69830427084706
H002374,202505,4075,5112,84.13544163605442
H002375,202506,4075,5112,75.74004547061352
H002376,202501,4076,5112,655.2544932643021
H002377,202502,4076,5112,608.263189167693
H002378,202503,4076,5112,513.2662660970666
H002379,202504,4076,5112,455.48246067519807
H002380,202505,4076,5112,492.2140502960116
H002381,202506,4076,5112,455.75641544751136
H002382,202501,4077,5112,60.43191349596869
H002383,202502,4077,5112,63.73307944813619
H002384,202503,4077,5112,51.277255953754135
H002385,202504,4077,5112,43.632849655822255
H002386,202505,4077,5112,43.08441971979526
H002387,202506,4077,5112,42.43123922205692
H002388,202501,4078,5112,114.2991883801144
H002389,202502,4078,5112,115.33583413623279
H002390,202503,4078,5112,95.33585794749762
H002391,202504,4078,5112,81.21418597417194
H002392,202505,4078,5112,85.62853968109088
H002393,202506,4078,5112,82.62188407565188
H002394,202501,4079,5112,475.5851492589327
H002395,202502,4079,5112,463.4031542213595
H002396,202503,4079,5112,375.538575508377
H002397,202504,4079,5112,333.9338878086016
H002398,202505,4079,5112,348.55872656460934
H002399,202506,4079,5112,340.2472148890851
H001440,202501,4000,5109,138.5485614064878
H001441,202502,4000,5109,146.57475056403453
H001442,202503,4000,5109,127.44027840542448
H001443,202504,4000,5109,107.15972576636192
H001444,202505,4000,5109,116.58533012918427
H001445,202506,4000,5109,130.3367887808171
H001446,202501,4001,5109,173.67553486540135
H001447,202502,4001,5109,184.81681319110788
H001448,202503,4001,5109,155.8066851654406
H001449,202504,4001,5109,133.7789600157849
H001450,202505,4001,5109,129.1927793826819
H001451,202506,4001,5109,154.86398547824396
H001452,202501,4002,5109,42.41422656107984
H001453,202502,4002,5109,45.78468038980545
H001454,202503,4002,5109,40.89664879633844
H001455,202504,4002,5109,38.89277159876617
H001456,202505,4002,5109,41.849147193885415
H001457,202506,4002,5109,38.16546658719004
H001458,202501,4003,5109,73.48812703688297
H001459,202502,4003,5109,78.13602636352799
H001460,202503,4003,5109,68.03984783960911
H001461,202504,4003,5109,63.28233398605963
H001462,202505,4003,5109,59.86494924760163
H001463,202506,4003,5109,62.49209555852998
H001464,202501,4004,5109,83.31165630108727
H001465,202502,4004,5109,96.29006265182903
H001466,202503,4004,5109,76.48106960782698
H001467,202504,4004,5109,66.88342780079536
H001468,202505,4004,5109,75.40363226520805
H001469,202506,4004,5109,66.9277550750488
H001470,202501,4005,5109,204.07212803797606
H001471,202502,4005,5109,217.21664031602256
H001472,202503,4005,5109,181.46260438397803
H001473,202504,4005,5109,160.75378692483199
H001474,202505,4005,5109,162.76084318173557
H001475,202506,4005,5109,183.0813489718719
H001476,202501,4006,5109,176.726036883152
H001477,202502,4006,5109,199.8156638448993
H001478,202503,4006,5109,156.19339849148818
H001479,202504,4006,5109,138.74666122422198
H001480,202505,4006,5109,141.21049762724968
H001481,202506,4006,5109,155.28551703810012
H001482,202501,4007,5109,456.7649644249362
H001483,202502,4007,5109,472.6360848817699
H001484,202503,4007,5109,396.0157098840332
H001485,202504,4007,5109,336.6896916928631
H001486,202505,4007,5109,366.4078755579626
H001487,202506,4007,5109,403.22882492592305
H001488,202501,4008,5109,98.46228860917003
H001489,202502,4008,5109,99.83628533786249
H001490,202503,4008,5109,84.42513234762708
H001491,202504,4008,5109,77.19921491665565
H001492,202505,4008,5109,83.95501951417346
H001493,202506,4008,5109,79.73832060848798
H001494,202501,4009,5109,159.30758966122772
H001495,202502,4009,5109,177.03926048682968
H001496,202503,4009,5109,144.61024668634244
H001497,202504,4009,5109,129.04988590697164
H001498,202505,4009,5109,124.94523171453838
H001499,202506,4009,5109,130.88544854152119
H001500,202501,4010,5109,197.0761531156206
H001501,202502,4010,5109,206.43739845011754
H001502,202503,4010,5109,161.49973830640533
H001503,202504,4010,5109,145.1027739304159
H001504,202505,4010,5109,137.1900209798121
H001505,202506,4010,5109,151.9214963802167
H001506,202501,4011,5109,247.85665897081202
H001507,202502,4011,5109,257.8868603542047
H001508,202503,4011,5109,218.33983347754614
H001509,202504,4011,5109,196.63124438387837
H001510,202505,4011,5109,209.3810428116906
H001511,202506,4011,5109,239.27142339957828
H001512,202501,4012,5109,233.88670247057445
H001513,202502,4012,5109,248.8289029325947
H001514,202503,4012,5109,207.64381926302363
H001515,202504,4012,5109,182.5018612668916
H001516,202505,4012,5109,187.49620907164592
H001517,202506,4012,5109,219.26924475108254
H001518,202501,4013,5109,301.46406807152476
H001519,202502,4013,5109,310.9343484392221
H001520,202503,4013,5109,272.4126260980811
H001521,202504,4013,5109,246.9709753582793
H001522,202505,4013,5109,244.02574242785948
H001523,202506,4013,5109,266.06225560017447
H001524,202501,4014,5109,191.57009519172706
H001525,202502,4014,5109,199.777402445407
H001526,202503,4014,5109,160.99896012144544
H001527,202504,4014,5109,137.87580586696637
H001528,202505,4014,5109,145.80078702469103
H001529,202506,4014,5109,174.89487563262298
H001530,202501,4015,5109,65.33510251176305
H001531,202502,4015,5109,72.20269875386268
H001532,202503,4015,5109,63.32280703273021
H001533,202504,4015,5109,60.76281058312523
H001534,202505,4015,5109,54.94151989896388
H001535,202506,4015,5109,60.47297655893463
H001536,202501,4016,5109,92.8548174241368
H001537,202502,4016,5109,98.92456667109136
H001538,202503,4016,5109,87.79104366649108
H001539,202504,4016,5109,77.74333283467885
H001540,202505,4016,5109,73.6983521382735
H001541,202506,4016,5109,86.96816491432429
H001542,202501,4017,5109,249.22470863858047
H001543,202502,4017,5109,268.1318274641074
H001544,202503,4017,5109,205.76360980226465
H001545,202504,4017,5109,188.3933668268657
H001546,202505,4017,5109,192.53924679552551
H001547,202506,4017,5109,216.8983139282079
H001548,202501,4018,5109,444.6222941799075
H001549,202502,4018,5109,448.0394513649471
H001550,202503,4018,5109,368.0405859039156
H001551,202504,4018,5109,334.37973885657925
H001552,202505,4018,5109,349.18547230534864
H001553,202506,4018,5109,383.0986270804218
H001554,202501,4019,5109,30.523856859829852
H001555,202502,4019,5109,30.037187875515006
H001556,202503,4019,5109,31.75710752106362
H001557,202504,4019,5109,32.0108351893542
H001558,202505,4019,5109,33.000566228214296
H001559,202506,4019,5109,31.593967489067996
H001560,202501,4020,5109,435.32196221983827
H001561,202502,4020,5109,451.80360179402743
H001562,202503,4020,5109,375.99046577494124
H001563,202504,4020,5109,348.62028837921434
H001564,202505,4020,5109,358.83667221296594
H001565,202506,4020,5109,375.0316619973542
H001566,202501,4021,5109,296.708287091437
H001567,202502,4021,5109,299.0293259343692
H001568,202503,4021,5109,238.13250318675435
H001569,202504,4021,5109,233.75891361916499
H001570,202505,4021,5109,236.66692690845005
H001571,202506,4021,5109,269.8142544859031
H001572,202501,4022,5109,161.45787993861612
H001573,202502,4022,5109,175.93011487548597
H001574,202503,4022,5109,135.44516760923773
H001575,202504,4022,5109,124.4774584689812
H001576,202505,4022,5109,127.21218628606762
H001577,202506,4022,5109,157.66218566137226
H001578,202501,4023,5109,382.5127954674185
H001579,202502,4023,5109,386.42898871158536
H001580,202503,4023,5109,312.64482691714755
H001581,202504,4023,5109,283.2220356761828
H001582,202505,4023,5109,286.07364073040026
H001583,202506,4023,5109,312.84447685796283
H001584,202501,4024,5109,128.44036218962736
H001585,202502,4024,5109,142.4227624580061
H001586,202503,4024,5109,113.71825073349596
H001587,202504,4024,5109,119.85137728440056
H001588,202505,4024,5109,110.94530603310102
H001589,202506,4024,5109,130.13252445720238
H001590,202501,4025,5109,1009.353539225825
H001591,202502,4025,5109,970.5224319122273
H001592,202503,4025,5109,891.4886621985639
H001593,202504,4025,5109,788.4223081800384
H001594,202505,4025,5109,882.2836803955227
H001595,202506,4025,5109,934.3403145763463
H001596,202501,4026,5109,183.60898677597518
H001597,202502,4026,5109,196.08616856961658
H001598,202503,4026,5109,161.5854619245105
H001599,202504,4026,5109,140.8685685396667
H001600,202505,4026,5109,144.20896887443075
H001601,202506,4026,5109,164.24445428919577
H001602,202501,4027,5109,220.34966476473096
H001603,202502,4027,5109,231.40095895781954
H001604,202503,4027,5109,194.43442895399878
H001605,202504,4027,5109,165.90644846169474
H001606,202505,4027,5109,172.6595932780316
H001607,202506,4027,5109,197.50985713252257
H001608,202501,4028,5109,412.9017960864091
H001609,202502,4028,5109,415.82608026868223
H001610,202503,4028,5109,346.2726052196193
H001611,202504,4028,5109,313.82214710546333
H001612,202505,4028,5109,333.35688133925873
H001613,202506,4028,5109,337.5446637591627
H001614,202501,4029,5109,79.28124479687527
H001615,202502,4029,5109,94.33439964997649
H001616,202503,4029,5109,70.25543257530332
H001617,202504,4029,5109,75.0408078035111
H001618,202505,4029,5109,83.68614196110693
H001619,202506,4029,5109,93.0759080201623
H001620,202501,4030,5109,453.1157187700101
H001621,202502,4030,5109,459.19099670910236
H001622,202503,4030,5109,401.61780140416886
H001623,202504,4030,5109,377.74939027179926
H001624,202505,4030,5109,395.0607599447357
H001625,202506,4030,5109,446.2998793404713
H001626,202501,4031,5109,388.5421860428927
H001627,202502,4031,5109,402.04799582535753
H001628,202503,4031,5109,315.17338297937664
H001629,202504,4031,5109,306.608773137493
H001630,202505,4031,5109,308.18638097265716
H001631,202506,4031,5109,362.92326418750696
H001632,202501,4032,5109,187.8941521391977
H001633,202502,4032,5109,209.90708628969293
H001634,202503,4032,5109,167.2069456277684
H001635,202504,4032,5109,155.87503435801753
H001636,202505,4032,5109,154.4392054978736
H001637,202506,4032,5109,177.60900185321566
H001638,202501,4033,5109,91.76250852299222
H001639,202502,4033,5109,104.79646751572693
H001640,202503,4033,5109,85.2177253200441
H001641,202504,4033,5109,78.89592992468147
H001642,202505,4033,5109,73.74708139527728
H001643,202506,4033,5109,82.74925997014489
H001644,202501,4034,5109,101.94159762197283
H001645,202502,4034,5109,99.32051014348161
H001646,202503,4034,5109,82.63119241577863
H001647,202504,4034,5109,77.00461153324021
H001648,202505,4034,5109,78.54170960490178
H001649,202506,4034,5109,102.55071906156842
H001650,202501,4035,5109,84.18315687527583
H001651,202502,4035,5109,88.35554011978036
H001652,202503,4035,5109,74.48458405788102
H001653,202504,4035,5109,73.56098797882406
H001654,202505,4035,5109,65.67962121357563
H001655,202506,4035,5109,69.71327653904038
H001656,202501,4036,5109,593.6824553853232
H001657,202502,4036,5109,574.8961845510212
H001658,202503,4036,5109,497.64943035124446
H001659,202504,4036,5109,475.95898908308124
H001660,202505,4036,5109,503.3990138450928
H001661,202506,4036,5109,520.7719417033326
H001662,202501,4037,5109,471.45964238539557
H001663,202502,4037,5109,468.4436995825126
H001664,202503,4037,5109,407.8587025475243
H001665,202504,4037,5109,361.84483348202536
H001666,202505,4037,5109,384.3198577700641
H001667,202506,4037,5109,417.23898161601716
H001668,202501,4038,5109,522.0431570657884
H001669,202502,4038,5109,529.1451122204656
H001670,202503,4038,5109,450.2241413095818
H001671,202504,4038,5109,423.2339310503762
H001672,202505,4038,5109,459.70642617498
H001673,202506,4038,5109,489.83653819023147
H001674,202501,4039,5109,369.3340165685389
H001675,202502,4039,5109,391.63727485904724
H001676,202503,4039,5109,323.8993579066335
H001677,202504,4039,5109,288.59419768055034
H001678,202505,4039,5109,305.4671987556651
H001679,202506,4039,5109,348.61979279057766
H001680,202501,4040,5109,174.07426445604074
H001681,202502,4040,5109,198.91777985663404
H001682,202503,4040,5109,164.21503059730486
H001683,202504,4040,5109,138.41132017382344
H001684,202505,4040,5109,142.0961386900351
H001685,202506,4040,5109,156.85033636315177
H001686,202501,4041,5109,177.77757761883606
H001687,202502,4041,5109,190.4145294350135
H001688,202503,4041,5109,154.19067160189465
H001689,202504,4041,5109,135.51608949127694
H001690,202505,4041,5109,141.8205854980768
H001691,202506,4041,5109,158.06169122557702
H001692,202501,4042,5109,829.7787081959806
H001693,202502,4042,5109,813.7984210566526
H001694,202503,4042,5109,692.4034001157872
H001695,202504,4042,5109,639.8514046583375
H001696,202505,4042,5109,670.4250010812473
H001697,202506,4042,5109,710.4778884623136
H001698,202501,4043,5109,123.42347914681028
H001699,202502,4043,5109,130.8821966910251
H001700,202503,4043,5109,105.16149059398353
H001701,202504,4043,5109,96.6672832721
H001702,202505,4043,5109,94.12968065162066
H001703,202506,4043,5109,109.79809921840925
H001704,202501,4044,5109,459.4585978410953
H001705,202502,4044,5109,465.35060618918413
H001706,202503,4044,5109,406.5013243728189
H001707,202504,4044,5109,369.9549041788473
H001708,202505,4044,5109,397.14402222834065
H001709,202506,4044,5109,418.1689571899324
H001710,202501,4045,5109,368.2913906023875
H001711,202502,4045,5109,359.2047045249742
H001712,202503,4045,5109,301.18189219997276
H001713,202504,4045,5109,271.1352954514525
H001714,202505,4045,5109,285.920220846927
H001715,202506,4045,5109,313.88138035716787
H001716,202501,4046,5109,633.8707489724119
H001717,202502,4046,5109,623.8988920506205
H001718,202503,4046,5109,553.4777271350908
H001719,202504,4046,5109,505.8020873882063
H001720,202505,4046,5109,553.6205119673637
H001721,202506,4046,5109,557.7294577353164
H001722,202501,4047,5109,711.1381407213121
H001723,202502,4047,5109,713.1410523637471
H001724,202503,4047,5109,652.0424362656483
H001725,202504,4047,5109,593.6420687001813
H001726,202505,4047,5109,653.5222444982993
H001727,202506,4047,5109,698.6954634237197
H001728,202501,4048,5109,276.69828554554715
H001729,202502,4048,5109,272.7408381238982
H001730,202503,4048,5109,230.8192485763481
H001731,202504,4048,5109,207.7590411116255
H001732,202505,4048,5109,236.87884385154706
H001733,202506,4048,5109,246.96547280232602
H001734,202501,4049,5109,261.35231111025837
H001735,202502,4049,5109,261.0685558299663
H001736,202503,4049,5109,213.5245257923833
H001737,202504,4049,5109,187.4495468658524
H001738,202505,4049,5109,201.6009392525911
H001739,202506,4049,5109,229.85227861838118
H001740,202501,4050,5109,160.68425649080723
H001741,202502,4050,5109,171.59353454398007
H001742,202503,4050,5109,132.84066737002618
H001743,202504,4050,5109,124.65449175408482
H001744,202505,4050,5109,126.24413372470681
H001745,202506,4050,5109,144.64544895412257
H001746,202501,4051,5109,503.71069164992065
H001747,202502,4051,5109,498.28148118032857
H001748,202503,4051,5109,408.8893887386439
H001749,202504,4051,5109,394.3794139790059
H001750,202505,4051,5109,412.56667905914304
H001751,202506,4051,5109,476.8350948916848
H001752,202501,4052,5109,466.4665395986656
H001753,202502,4052,5109,479.827582163154
H001754,202503,4052,5109,423.506344364324
H001755,202504,4052,5109,392.02628823654777
H001756,202505,4052,5109,426.2291803657238
H001757,202506,4052,5109,471.1322760521125
H001758,202501,4053,5109,107.42336905200952
H001759,202502,4053,5109,115.44333599499389
H001760,202503,4053,5109,90.31956139091994
H001761,202504,4053,5109,91.17449656842608
H001762,202505,4053,5109,84.7298005570102
H001763,202506,4053,5109,93.91054066683719
H001764,202501,4054,5109,99.57724404802711
H001765,202502,4054,5109,112.16644406659545
H001766,202503,4054,5109,92.11787282177272
H001767,202504,4054,5109,88.70579323701735
H001768,202505,4054,5109,79.15335759072822
H001769,202506,4054,5109,86.38138760512591
H001770,202501,4055,5109,781.1502438144274
H001771,202502,4055,5109,797.6131478651605
H001772,202503,4055,5109,706.668147689203
H001773,202504,4055,5109,616.5079836365816
H001774,202505,4055,5109,664.823158547708
H001775,202506,4055,5109,723.3617573068858
H001776,202501,4056,5109,114.02256590883002
H001777,202502,4056,5109,121.94520145381715
H001778,202503,4056,5109,99.06931856795586
H001779,202504,4056,5109,105.27926806319442
H001780,202505,4056,5109,87.24972340300603
H001781,202506,4056,5109,112.0601707206254
H001782,202501,4057,5109,36.90011559486977
H001783,202502,4057,5109,35.10414273976015
H001784,202503,4057,5109,37.471157469749535
H001785,202504,4057,5109,37.862223066077085
H001786,202505,4057,5109,34.822493744723296
H001787,202506,4057,5109,35.613959069341675
H001788,202501,4058,5109,122.86773296411735
H001789,202502,4058,5109,130.03102419303076
H001790,202503,4058,5109,102.42727828144855
H001791,202504,4058,5109,94.45727010577816
H001792,202505,4058,5109,98.7248474515114
H001793,202506,4058,5109,112.26948838883229
H001794,202501,4059,5109,369.56782450960327
H001795,202502,4059,5109,386.69350173180595
H001796,202503,4059,5109,318.9616681313963
H001797,202504,4059,5109,309.4215992036352
H001798,202505,4059,5109,324.06506355949983
H001799,202506,4059,5109,375.66059709117303
H001800,202501,4060,5109,255.93673386714408
H001801,202502,4060,5109,264.09478692730914
H001802,202503,4060,5109,196.7203956824633
H001803,202504,4060,5109,180.42557680939862
H001804,202505,4060,5109,175.76989241316826
H001805,202506,4060,5109,198.09159422469577
H001806,202501,4061,5109,383.63670148556025
H001807,202502,4061,5109,400.1782227266343
H001808,202503,4061,5109,324.1646915954846
H001809,202504,4061,5109,282.702739834157
H001810,202505,4061,5109,290.3825653387376
H001811,202506,4061,5109,296.8448523489333
H001812,202501,4062,5109,119.32919615945583
H001813,202502,4062,5109,130.17801488707505
H001814,202503,4062,5109,110.6878939752889
H001815,202504,4062,5109,100.07692932304495
H001816,202505,4062,5109,97.69832832683456
H001817,202506,4062,5109,110.90166857102933
H001818,202501,4063,5109,212.25189150135392
H001819,202502,4063,5109,229.8603439693261
H001820,202503,4063,5109,184.59622308011123
H001821,202504,4063,5109,168.60715216845986
H001822,202505,4063,5109,183.23045001103972
H001823,202506,4063,5109,200.73626273167352
H001824,202501,4064,5109,174.06036547023723
H001825,202502,4064,5109,186.16348149065118
H001826,202503,4064,5109,144.72925388447777
H001827,202504,4064,5109,136.98762935848922
H001828,202505,4064,5109,131.31703130472073
H001829,202506,4064,5109,154.14595445720693
H001830,202501,4065,5109,101.40928587706172
H001831,202502,4065,5109,92.55029265391912
H001832,202503,4065,5109,80.6873390257069
H001833,202504,4065,5109,76.5609674131454
H001834,202505,4065,5109,71.17940435505848
H001835,202506,4065,5109,79.76271164206406
H001836,202501,4066,5109,129.96845046732636
H001837,202502,4066,5109,143.50439188082547
H001838,202503,4066,5109,117.12110740441689
H001839,202504,4066,5109,102.12602950738982
H001840,202505,4066,5109,99.71245422293661
H001841,202506,4066,5109,115.98535137525067
H001842,202501,4067,5109,272.1839232467164
H001843,202502,4067,5109,290.88543881428694
H001844,202503,4067,5109,248.40311759127425
H001845,202504,4067,5109,213.93952435547362
H001846,202505,4067,5109,237.67434866690914
H001847,202506,4067,5109,251.9608115794004
H001848,202501,4068,5109,96.67863569616516
H001849,202502,4068,5109,107.74303050518782
H001850,202503,4068,5109,86.29565408053543
H001851,202504,4068,5109,87.73492235438101
H001852,202505,4068,5109,84.68555969813286
H001853,202506,4068,5109,83.3505905552192
H001854,202501,4069,5109,113.51184555920767
H001855,202502,4069,5109,125.74294605631866
H001856,202503,4069,5109,97.69272228763515
H001857,202504,4069,5109,90.13258946600052
H001858,202505,4069,5109,90.02227928492066
H001859,202506,4069,5109,101.82003709914622
H001860,202501,4070,5109,292.3824529238901
H001861,202502,4070,5109,296.83716155534825
H001862,202503,4070,5109,229.5307282286241
H001863,202504,4070,5109,219.5948004973435
H001864,202505,4070,5109,221.97202045312122
H001865,202506,4070,5109,251.25678961041214
H001866,202501,4071,5109,71.79326699415239
H001867,202502,4071,5109,77.05333539899576
H001868,202503,4071,5109,66.46983884920985
H001869,202504,4071,5109,65.1256198071549
H001870,202505,4071,5109,61.409435326469016
H001871,202506,4071,5109,63.760974689800925
H001872,202501,4072,5109,332.55286459583795
H001873,202502,4072,5109,337.8518916053148
H001874,202503,4072,5109,272.854113438306
H001875,202504,4072,5109,247.05004973391223
H001876,202505,4072,5109,260.1765309559987
H001877,202506,4072,5109,272.9316721278767
H001878,202501,4073,5109,234.05264385155505
H001879,202502,4073,5109,237.16314953041675
H001880,202503,4073,5109,200.95421395747724
H001881,202504,4073,5109,168.96646466979323
H001882,202505,4073,5109,178.35430148484906
H001883,202506,4073,5109,189.49166913201165
H001884,202501,4074,5109,290.64214758383775
H001885,202502,4074,5109,304.9056600302749
H001886,202503,4074,5109,246.6268125298027
H001887,202504,4074,5109,230.6364876942315
H001888,202505,4074,5109,232.30540492406655
H001889,202506,4074,5109,275.7769420091697
H001890,202501,4075,5109,112.2445564722902
H001891,202502,4075,5109,123.64522352223325
H001892,202503,4075,5109,98.61314367857847
H001893,202504,4075,5109,100.792939022162
H001894,202505,4075,5109,98.14638572880769
H001895,202506,4075,5109,119.3107057578233
H001896,202501,4076,5109,556.6381777600627
H001897,202502,4076,5109,535.2351041536012
H001898,202503,4076,5109,448.6376571358971
H001899,202504,4076,5109,403.5377035071914
H001900,202505,4076,5109,450.26426696893816
H001901,202506,4076,5109,451.34909231249327
H001902,202501,4077,5109,48.676819657897234
H001903,202502,4077,5109,53.15220373543334
H001904,202503,4077,5109,47.716135253850524
H001905,202504,4077,5109,47.66167950364834
H001906,202505,4077,5109,43.69737299610589
H001907,202506,4077,5109,44.422461660039076
H001908,202501,4078,5109,93.56700982710741
H001909,202502,4078,5109,103.27545247554573
H001910,202503,4078,5109,80.52227878362437
H001911,202504,4078,5109,78.59384733403775
H001912,202505,4078,5109,66.69355010358557
H001913,202506,4078,5109,77.11676063350511
H001914,202501,4079,5109,966.4306649877898
H001915,202502,4079,5109,954.8960095252735
H001916,202503,4079,5109,818.7699252210977
H001917,202504,4079,5109,777.9248816343505
H001918,202505,4079,5109,863.6938580537941
H001919,202506,4079,5109,939.2317703320005
H000960,202501,4000,5105,36.33675357003995
H000961,202502,4000,5105,36.94374964297707
H000962,202503,4000,5105,35.552483027525206
H000963,202504,4000,5105,27.63934145526598
H000964,202505,4000,5105,31.268897748323628
H000965,202506,4000,5105,30.995651614511342
H000966,202501,4001,5105,119.4300488437973
H000967,202502,4001,5105,124.63213517734917
H000968,202503,4001,5105,103.01798091867998
H000969,202504,4001,5105,93.79105111483322
H000970,202505,4001,5105,96.06608810666096
H000971,202506,4001,5105,102.67180682717716
H000972,202501,4002,5105,19.4253724357084
H000973,202502,4002,5105,20.227904435582513
H000974,202503,4002,5105,20.1606039566665
H000975,202504,4002,5105,18.49863144643665
H000976,202505,4002,5105,16.288103811073295
H000977,202506,4002,5105,17.649894741899036
H000978,202501,4003,5105,36.28485827520366
H000979,202502,4003,5105,39.528388218700485
H000980,202503,4003,5105,34.4195094385896
H000981,202504,4003,5105,30.044585743542704
H000982,202505,4003,5105,26.31763644813521
H000983,202506,4003,5105,29.752017428718055
H000984,202501,4004,5105,36.986427704033375
H000985,202502,4004,5105,34.929106130375935
H000986,202503,4004,5105,34.01803732874671
H000987,202504,4004,5105,29.09998712062908
H000988,202505,4004,5105,30.073761476613573
H000989,202506,4004,5105,31.95436859360215
H000990,202501,4005,5105,120.38627010952816
H000991,202502,4005,5105,120.41241465913417
H000992,202503,4005,5105,100.182393887299
H000993,202504,4005,5105,98.54232868347975
H000994,202505,4005,5105,97.15664953090116
H000995,202506,4005,5105,102.34731722790217
H000996,202501,4006,5105,113.44077917361452
H000997,202502,4006,5105,119.39249911149477
H000998,202503,4006,5105,97.84526005706188
H000999,202504,4006,5105,89.90923018131329
H001000,202505,4006,5105,99.13914864617743
H001001,202506,4006,5105,98.07577270466827
H001002,202501,4007,5105,273.0663895683044
H001003,202502,4007,5105,284.42179444200315
H001004,202503,4007,5105,241.3356928087371
H001005,202504,4007,5105,215.41225616851708
H001006,202505,4007,5105,238.13932317803537
H001007,202506,4007,5105,239.11451788647153
H001008,202501,4008,5105,86.86957813489971
H001009,202502,4008,5105,90.8897084351699
H001010,202503,4008,5105,77.87102865546528
H001011,202504,4008,5105,66.17580859009183
H001012,202505,4008,5105,68.17180356680295
H001013,202506,4008,5105,69.26660771888486
H001014,202501,4009,5105,114.3337269308062
H001015,202502,4009,5105,117.34942210166713
H001016,202503,4009,5105,98.08197792312136
H001017,202504,4009,5105,90.05300249517393
H001018,202505,4009,5105,90.38701401572251
H001019,202506,4009,5105,95.65578488132627
H001020,202501,4010,5105,68.81795366237257
H001021,202502,4010,5105,67.64300308025567
H001022,202503,4010,5105,59.62082349104928
H001023,202504,4010,5105,60.47396452115976
H001024,202505,4010,5105,54.945602140205175
H001025,202506,4010,5105,59.71773854325321
H001026,202501,4011,5105,140.50941447604995
H001027,202502,4011,5105,137.27891517776033
H001028,202503,4011,5105,119.91267342415952
H001029,202504,4011,5105,111.99394131888971
H001030,202505,4011,5105,106.73321722165055
H001031,202506,4011,5105,101.57195443349639
H001032,202501,4012,5105,172.39633945570208
H001033,202502,4012,5105,173.748135061435
H001034,202503,4012,5105,148.45573059331693
H001035,202504,4012,5105,132.71883271675205
H001036,202505,4012,5105,144.30134984344988
H001037,202506,4012,5105,157.90555482970336
H001038,202501,4013,5105,128.4081829763535
H001039,202502,4013,5105,123.47730225570909
H001040,202503,4013,5105,94.14249913124576
H001041,202504,4013,5105,87.68843046905737
H001042,202505,4013,5105,91.2347096834714
H001043,202506,4013,5105,102.1080474704751
H001044,202501,4014,5105,135.8246825362878
H001045,202502,4014,5105,137.2755203694215
H001046,202503,4014,5105,122.3448637201557
H001047,202504,4014,5105,115.44649540861279
H001048,202505,4014,5105,116.65492056778051
H001049,202506,4014,5105,118.65285101274726
H001050,202501,4015,5105,29.48326986680881
H001051,202502,4015,5105,28.318125764429976
H001052,202503,4015,5105,23.945039402971204
H001053,202504,4015,5105,25.487805833788894
H001054,202505,4015,5105,22.3552317611364
H001055,202506,4015,5105,24.896115093363093
H001056,202501,4016,5105,37.86341134455133
H001057,202502,4016,5105,40.48320352068498
H001058,202503,4016,5105,33.95669981506186
H001059,202504,4016,5105,32.32715200552888
H001060,202505,4016,5105,25.261587468300423
H001061,202506,4016,5105,34.1212447587374
H001062,202501,4017,5105,108.36328653126212
H001063,202502,4017,5105,110.4785889794303
H001064,202503,4017,5105,90.65569794100485
H001065,202504,4017,5105,80.49384371005522
H001066,202505,4017,5105,80.45585551057496
H001067,202506,4017,5105,83.37620096539374
H001068,202501,4018,5105,203.01906043751708
H001069,202502,4018,5105,214.18644338018288
H001070,202503,4018,5105,180.62407332745912
H001071,202504,4018,5105,160.1169698939091
H001072,202505,4018,5105,171.08254950851745
H001073,202506,4018,5105,185.54984206747358
H001074,202501,4019,5105,30.195960473707952
H001075,202502,4019,5105,30.225231690930254
H001076,202503,4019,5105,24.881435412111795
H001077,202504,4019,5105,29.288926910072952
H001078,202505,4019,5105,27.656748015430427
H001079,202506,4019,5105,26.19490717416392
H001080,202501,4020,5105,203.88707792962785
H001081,202502,4020,5105,206.00015213931928
H001082,202503,4020,5105,173.47878901298185
H001083,202504,4020,5105,165.06243967528096
H001084,202505,4020,5105,168.0873099864218
H001085,202506,4020,5105,171.5681189719726
H001086,202501,4021,5105,177.39223436424405
H001087,202502,4021,5105,182.1534267817588
H001088,202503,4021,5105,155.52618711039
H001089,202504,4021,5105,136.5567831784056
H001090,202505,4021,5105,148.14763302997127
H001091,202506,4021,5105,155.11455044185902
H001092,202501,4022,5105,129.21364836840652
H001093,202502,4022,5105,131.30282422950302
H001094,202503,4022,5105,106.8605487280405
H001095,202504,4022,5105,100.0931683287204
H001096,202505,4022,5105,106.22128311618586
H001097,202506,4022,5105,116.4599332335061
H001098,202501,4023,5105,205.49628868017905
H001099,202502,4023,5105,212.3272253045229
H001100,202503,4023,5105,175.44348145456334
H001101,202504,4023,5105,156.53717009623685
H001102,202505,4023,5105,157.69298563478168
H001103,202506,4023,5105,163.56945276432057
H001104,202501,4024,5105,59.62607902554704
H001105,202502,4024,5105,59.49949452595301
H001106,202503,4024,5105,52.31163292349942
H001107,202504,4024,5105,44.75850066501185
H001108,202505,4024,5105,51.80909249576128
H001109,202506,4024,5105,51.939860302547
H001110,202501,4025,5105,889.5953646202342
H001111,202502,4025,5105,895.4939840584539
H001112,202503,4025,5105,746.3807554664087
H001113,202504,4025,5105,688.6445766085034
H001114,202505,4025,5105,723.1473738129093
H001115,202506,4025,5105,752.386756628517
H001116,202501,4026,5105,57.22260351802284
H001117,202502,4026,5105,58.385147999762346
H001118,202503,4026,5105,49.87098458302128
H001119,202504,4026,5105,48.4033657440002
H001120,202505,4026,5105,46.48437078223782
H001121,202506,4026,5105,51.50725909869092
H001122,202501,4027,5105,134.09950906283163
H001123,202502,4027,5105,141.48360574693874
H001124,202503,4027,5105,114.41521759033049
H001125,202504,4027,5105,97.1746999517728
H001126,202505,4027,5105,102.64837662189404
H001127,202506,4027,5105,107.51912246789611
H001128,202501,4028,5105,359.5845004511722
H001129,202502,4028,5105,362.60230973186094
H001130,202503,4028,5105,308.0084271461941
H001131,202504,4028,5105,282.34516369646195
H001132,202505,4028,5105,303.3999114525551
H001133,202506,4028,5105,313.426092376753
H001134,202501,4029,5105,55.3494049011829
H001135,202502,4029,5105,56.85172389133978
H001136,202503,4029,5105,46.10122478224207
H001137,202504,4029,5105,46.07116866013054
H001138,202505,4029,5105,46.1055157446904
H001139,202506,4029,5105,51.96707207186644
H001140,202501,4030,5105,159.90943861460397
H001141,202502,4030,5105,159.52978705599602
H001142,202503,4030,5105,136.39036548684484
H001143,202504,4030,5105,122.46126406540603
H001144,202505,4030,5105,131.44136967490587
H001145,202506,4030,5105,131.4609960363819
H001146,202501,4031,5105,127.63361527064231
H001147,202502,4031,5105,140.6545181354211
H001148,202503,4031,5105,110.9716835708624
H001149,202504,4031,5105,99.41623380152359
H001150,202505,4031,5105,97.55771624324343
H001151,202506,4031,5105,103.54288203517022
H001152,202501,4032,5105,108.71248938902671
H001153,202502,4032,5105,113.61798454839035
H001154,202503,4032,5105,100.49029543612596
H001155,202504,4032,5105,84.37286927622714
H001156,202505,4032,5105,91.28898094526188
H001157,202506,4032,5105,92.92237089728083
H001158,202501,4033,5105,43.093290856658285
H001159,202502,4033,5105,46.082980945017596
H001160,202503,4033,5105,40.636166348810534
H001161,202504,4033,5105,34.66293106138959
H001162,202505,4033,5105,33.29700678959545
H001163,202506,4033,5105,38.485463642304566
H001164,202501,4034,5105,81.76322050733489
H001165,202502,4034,5105,91.45465244838798
H001166,202503,4034,5105,71.93744204191584
H001167,202504,4034,5105,64.67768684396516
H001168,202505,4034,5105,60.245585817872524
H001169,202506,4034,5105,68.00358899676873
H001170,202501,4035,5105,23.278387301328426
H001171,202502,4035,5105,20.90145701627318
H001172,202503,4035,5105,22.560187458358527
H001173,202504,4035,5105,23.25856806539097
H001174,202505,4035,5105,20.70840643697574
H001175,202506,4035,5105,19.83595825035225
H001176,202501,4036,5105,397.26595264253507
H001177,202502,4036,5105,398.20108409810274
H001178,202503,4036,5105,341.9587424321715
H001179,202504,4036,5105,312.46785468372593
H001180,202505,4036,5105,334.834210207217
H001181,202506,4036,5105,346.6865728572037
H001182,202501,4037,5105,189.31108383581198
H001183,202502,4037,5105,199.15308184919945
H001184,202503,4037,5105,152.58324854677258
H001185,202504,4037,5105,143.86769730764567
H001186,202505,4037,5105,169.53962898879317
H001187,202506,4037,5105,150.33082291762616
H001188,202501,4038,5105,141.71612954955853
H001189,202502,4038,5105,143.18620388789498
H001190,202503,4038,5105,132.98823929457532
H001191,202504,4038,5105,115.355271852871
H001192,202505,4038,5105,128.42367495612564
H001193,202506,4038,5105,144.83520581711204
H001194,202501,4039,5105,279.2650063984314
H001195,202502,4039,5105,262.11028977277317
H001196,202503,4039,5105,239.2088399764181
H001197,202504,4039,5105,213.74011661958573
H001198,202505,4039,5105,239.86379380014478
H001199,202506,4039,5105,246.09645103865205
H001200,202501,4040,5105,71.41789762726037
H001201,202502,4040,5105,70.92378626534315
H001202,202503,4040,5105,59.50589527241222
H001203,202504,4040,5105,55.059089372019294
H001204,202505,4040,5105,56.569351983991396
H001205,202506,4040,5105,60.51112126333402
H001206,202501,4041,5105,102.34823516043564
H001207,202502,4041,5105,107.33603428442893
H001208,202503,4041,5105,84.26148393029068
H001209,202504,4041,5105,81.72092846570888
H001210,202505,4041,5105,89.88467502063581
H001211,202506,4041,5105,90.3711178345756
H001212,202501,4042,5105,577.242721526363
H001213,202502,4042,5105,570.0610807873236
H001214,202503,4042,5105,469.2322713503159
H001215,202504,4042,5105,445.4317663529998
H001216,202505,4042,5105,470.5148983268116
H001217,202506,4042,5105,503.81351738885854
H001218,202501,4043,5105,76.1110411572843
H001219,202502,4043,5105,81.45812209583272
H001220,202503,4043,5105,64.95227029687939
H001221,202504,4043,5105,61.50343120471988
H001222,202505,4043,5105,54.86624084934263
H001223,202506,4043,5105,63.29623797975124
H001224,202501,4044,5105,308.1986101451868
H001225,202502,4044,5105,293.8355966282968
H001226,202503,4044,5105,259.9645445223879
H001227,202504,4044,5105,235.18071591656175
H001228,202505,4044,5105,246.81070705130898
H001229,202506,4044,5105,248.72696113468774
H001230,202501,4045,5105,129.68917782578282
H001231,202502,4045,5105,139.61537511580985
H001232,202503,4045,5105,114.02581849158922
H001233,202504,4045,5105,96.56787280284699
H001234,202505,4045,5105,97.99942178755451
H001235,202506,4045,5105,101.70604344629292
H001236,202501,4046,5105,294.1427650792044
H001237,202502,4046,5105,274.37024270629615
H001238,202503,4046,5105,224.62336351074336
H001239,202504,4046,5105,214.85909329656118
H001240,202505,4046,5105,252.12267216996997
H001241,202506,4046,5105,232.93240044856634
H001242,202501,4047,5105,467.7502668720098
H001243,202502,4047,5105,450.2913885164643
H001244,202503,4047,5105,394.30868605072527
H001245,202504,4047,5105,378.7915786100636
H001246,202505,4047,5105,394.16972505263897
H001247,202506,4047,5105,399.60912477697013
H001248,202501,4048,5105,116.69487765917819
H001249,202502,4048,5105,120.35457403669541
H001250,202503,4048,5105,102.52945265918672
H001251,202504,4048,5105,86.47313687888382
H001252,202505,4048,5105,93.73637192897496
H001253,202506,4048,5105,95.2012743648004
H001254,202501,4049,5105,188.81367102300214
H001255,202502,4049,5105,192.04324404764796
H001256,202503,4049,5105,163.57611665812504
H001257,202504,4049,5105,151.96364391349536
H001258,202505,4049,5105,155.7431540434911
H001259,202506,4049,5105,173.12226520603434
H001260,202501,4050,5105,94.35039184183675
H001261,202502,4050,5105,98.77559535073041
H001262,202503,4050,5105,84.69077840115945
H001263,202504,4050,5105,77.95630698210778
H001264,202505,4050,5105,72.44339958025901
H001265,202506,4050,5105,77.7813561453697
H001266,202501,4051,5105,242.50146821365348
H001267,202502,4051,5105,246.42181801480353
H001268,202503,4051,5105,204.98059306761422
H001269,202504,4051,5105,192.90602107964716
H001270,202505,4051,5105,207.60342135404113
H001271,202506,4051,5105,225.04038178545164
H001272,202501,4052,5105,294.6836898698461
H001273,202502,4052,5105,309.89865384033914
H001274,202503,4052,5105,267.3403958948184
H001275,202504,4052,5105,241.75028724409225
H001276,202505,4052,5105,258.275544792171
H001277,202506,4052,5105,279.19048433727323
H001278,202501,4053,5105,98.47805450599827
H001279,202502,4053,5105,105.35380652946802
H001280,202503,4053,5105,87.30226382148989
H001281,202504,4053,5105,74.94934438312582
H001282,202505,4053,5105,80.69141770274643
H001283,202506,4053,5105,89.31572357712939
H001284,202501,4054,5105,78.22730453743912
H001285,202502,4054,5105,83.93371125076749
H001286,202503,4054,5105,74.29529090888411
H001287,202504,4054,5105,66.45444639057426
H001288,202505,4054,5105,65.72930915616755
H001289,202506,4054,5105,73.18252729773646
H001290,202501,4055,5105,492.5128874529442
H001291,202502,4055,5105,472.2304362552821
H001292,202503,4055,5105,416.5842220119514
H001293,202504,4055,5105,389.905036998838
H001294,202505,4055,5105,411.67882553507377
H001295,202506,4055,5105,437.2470578557919
H001296,202501,4056,5105,33.74938999283815
H001297,202502,4056,5105,35.47383614001099
H001298,202503,4056,5105,29.912670532055657
H001299,202504,4056,5105,28.232376095505746
H001300,202505,4056,5105,32.11812751852839
H001301,202506,4056,5105,30.98897468048319
H001302,202501,4057,5105,27.894851151605426
H001303,202502,4057,5105,29.13777334987869
H001304,202503,4057,5105,26.43580340608
H001305,202504,4057,5105,19.239923977280537
H001306,202505,4057,5105,23.548799499504298
H001307,202506,4057,5105,23.578562827128792
H001308,202501,4058,5105,82.389994148766
H001309,202502,4058,5105,93.2523220943248
H001310,202503,4058,5105,68.63488372229357
H001311,202504,4058,5105,69.21430154452747
H001312,202505,4058,5105,70.19805706537686
H001313,202506,4058,5105,77.79924320775629
H001314,202501,4059,5105,243.88378383917694
H001315,202502,4059,5105,246.97822966861253
H001316,202503,4059,5105,214.5471520788633
H001317,202504,4059,5105,203.67806932091156
H001318,202505,4059,5105,205.00804343242322
H001319,202506,4059,5105,216.9920115556292
H001320,202501,4060,5105,117.87735813210938
H001321,202502,4060,5105,117.23394356280113
H001322,202503,4060,5105,102.15609036107372
H001323,202504,4060,5105,86.12366787647238
H001324,202505,4060,5105,86.70181185749983
H001325,202506,4060,5105,91.15395027974067
H001326,202501,4061,5105,134.44676206114556
H001327,202502,4061,5105,140.6129522844184
H001328,202503,4061,5105,123.650494602718
H001329,202504,4061,5105,109.16620896914719
H001330,202505,4061,5105,111.11906755306823
H001331,202506,4061,5105,116.97508069368736
H001332,202501,4062,5105,82.49401938264633
H001333,202502,4062,5105,87.06028087526
H001334,202503,4062,5105,70.4016290859544
H001335,202504,4062,5105,59.640144843995884
H001336,202505,4062,5105,63.937267553928685
H001337,202506,4062,5105,69.49188491066435
H001338,202501,4063,5105,120.71446318874933
H001339,202502,4063,5105,125.12669774680838
H001340,202503,4063,5105,99.24736339718523
H001341,202504,4063,5105,95.24737321176104
H001342,202505,4063,5105,101.63965809520577
H001343,202506,4063,5105,113.74127729406199
H001344,202501,4064,5105,111.28839456546451
H001345,202502,4064,5105,115.57632069283845
H001346,202503,4064,5105,95.79737499604767
H001347,202504,4064,5105,89.33446428353048
H001348,202505,4064,5105,95.3954374441595
H001349,202506,4064,5105,92.55198240383915
H001350,202501,4065,5105,25.204111677920437
H001351,202502,4065,5105,25.9335466314491
H001352,202503,4065,5105,26.913855423316573
H001353,202504,4065,5105,22.851165893108433
H001354,202505,4065,5105,22.386669643223936
H001355,202506,4065,5105,23.397591282450243
H001356,202501,4066,5105,53.590323814721145
H001357,202502,4066,5105,54.889488613198495
H001358,202503,4066,5105,47.78560270542735
H001359,202504,4066,5105,42.09221872965098
H001360,202505,4066,5105,38.3207844787824
H001361,202506,4066,5105,44.798574819231604
H001362,202501,4067,5105,191.45152590032984
H001363,202502,4067,5105,195.39554208077556
H001364,202503,4067,5105,158.04645569962653
H001365,202504,4067,5105,146.30526074603807
H001366,202505,4067,5105,167.83495031764667
H001367,202506,4067,5105,181.03053478554398
H001368,202501,4068,5105,100.53305644319427
H001369,202502,4068,5105,108.09005564355797
H001370,202503,4068,5105,85.72488489599851
H001371,202504,4068,5105,80.59972403319131
H001372,202505,4068,5105,77.06638592367577
H001373,202506,4068,5105,88.58788255271512
H001374,202501,4069,5105,82.89438344327743
H001375,202502,4069,5105,83.735820639895
H001376,202503,4069,5105,73.00583992874644
H001377,202504,4069,5105,62.93357331380216
H001378,202505,4069,5105,66.972018119099
H001379,202506,4069,5105,73.07569521768364
H001380,202501,4070,5105,139.5416620718419
H001381,202502,4070,5105,149.253966133169
H001382,202503,4070,5105,124.9121251577462
H001383,202504,4070,5105,109.6492270268132
H001384,202505,4070,5105,116.72117179425047
H001385,202506,4070,5105,126.31261035003985
H001386,202501,4071,5105,35.89240453063856
H001387,202502,4071,5105,34.64075737219288
H001388,202503,4071,5105,31.975391660299717
H001389,202504,4071,5105,28.881582860239604
H001390,202505,4071,5105,29.871692689282746
H001391,202506,4071,5105,34.970355989020774
H001392,202501,4072,5105,119.46749918991175
H001393,202502,4072,5105,127.80143395535333
H001394,202503,4072,5105,104.47421204094708
H001395,202504,4072,5105,91.18816166555922
H001396,202505,4072,5105,107.34915830180393
H001397,202506,4072,5105,101.98919965816545
H001398,202501,4073,5105,175.7050048060497
H001399,202502,4073,5105,177.80089577195866
H001400,202503,4073,5105,143.60345646789253
H001401,202504,4073,5105,140.20910805478115
H001402,202505,4073,5105,156.69878924211332
H001403,202506,4073,5105,174.74872633687556
H001404,202501,4074,5105,129.18680299603403
H001405,202502,4074,5105,137.15900819101918
H001406,202503,4074,5105,115.83565939424105
H001407,202504,4074,5105,95.83697306035421
H001408,202505,4074,5105,102.83355558374795
H001409,202506,4074,5105,112.44269981372007
H001410,202501,4075,5105,75.72111050162073
H001411,202502,4075,5105,78.84195467497233
H001412,202503,4075,5105,66.87535708406295
H001413,202504,4075,5105,63.085383660188306
H001414,202505,4075,5105,63.45146827683125
H001415,202506,4075,5105,71.79707224796884
H001416,202501,4076,5105,215.56488708036215
H001417,202502,4076,5105,213.95180393381253
H001418,202503,4076,5105,173.95382813416995
H001419,202504,4076,5105,156.08722067937103
H001420,202505,4076,5105,175.48761830909544
H001421,202506,4076,5105,185.04025730225237
H001422,202501,4077,5105,46.473224117723156
H001423,202502,4077,5105,47.010394973340674
H001424,202503,4077,5105,42.48136757231643
H001425,202504,4077,5105,39.52431027424928
H001426,202505,4077,5105,35.07981486382816
H001427,202506,4077,5105,40.648476797658645
H001428,202501,4078,5105,42.23120853715654
H001429,202502,4078,5105,48.42528135421026
H001430,202503,4078,5105,41.04292651378013
H001431,202504,4078,5105,38.65535362810923
H001432,202505,4078,5105,38.00272157415293
H001433,202506,4078,5105,38.855291912749806
H001434,202501,4079,5105,522.6661303290576
H001435,202502,4079,5105,500.11978083115577
H001436,202503,4079,5105,401.8246382747647
H001437,202504,4079,5105,401.4079583542864
H001438,202505,4079,5105,424.9289138504394
H001439,202506,4079,5105,463.14472024675877
H000000,202501,4000,5101,34.50898459656646
H000001,202502,4000,5101,51.789911488339584
H000002,202503,4000,5101,67.46470640852777
H000003,202504,4000,5101,67.26675366662295
H000004,202505,4000,5101,63.81299802163574
H000005,202506,4000,5101,71.46795901095815
H000006,202501,4001,5101,74.45948026840954
H000007,202502,4001,5101,99.40063188119653
H000008,202503,4001,5101,100.37810282689381
H000009,202504,4001,5101,114.38590486061818
H000010,202505,4001,5101,90.11785711641674
H000011,202506,4001,5101,103.98516701182116
H000012,202501,4002,5101,16.232249451396804
H000013,202502,4002,5101,18.70963996914715
H000014,202503,4002,5101,19.29594858974446
H000015,202504,4002,5101,20.71242043890115
H000016,202505,4002,5101,13.682990694065804
H000017,202506,4002,5101,20.682098887953845
H000018,202501,4003,5101,44.21925228887731
H000019,202502,4003,5101,50.38902159562333
H000020,202503,4003,5101,59.74049584521733
H000021,202504,4003,5101,58.83712193142642
H000022,202505,4003,5101,54.4943487693616
H000023,202506,4003,5101,57.776183502276524
H000024,202501,4004,5101,71.80281327404452
H000025,202502,4004,5101,70.52970990862718
H000026,202503,4004,5101,76.71060937209317
H000027,202504,4004,5101,88.8409002382112
H000028,202505,4004,5101,71.73187870771939
H000029,202506,4004,5101,71.64813580382302
H000030,202501,4005,5101,139.78193156558845
H000031,202502,4005,5101,181.61887279845024
H000032,202503,4005,5101,210.8030517914673
H000033,202504,4005,5101,224.01063633637608
H000034,202505,4005,5101,180.43459640801248
H000035,202506,4005,5101,206.13252607735288
H000036,202501,4006,5101,65.50943046140517
H000037,202502,4006,5101,101.39450379159707
H000038,202503,4006,5101,108.9267193243676
H000039,202504,4006,5101,123.20016412246477
H000040,202505,4006,5101,96.26665522230313
H000041,202506,4006,5101,112.56903722496482
H000042,202501,4007,5101,135.7133360254811
H000043,202502,4007,5101,187.24315332345384
H000044,202503,4007,5101,195.23743043541484
H000045,202504,4007,5101,239.6741612706791
H000046,202505,4007,5101,188.37266356542236
H000047,202506,4007,5101,196.60774890628343
H000048,202501,4008,5101,54.14689925381917
H000049,202502,4008,5101,61.39771490864736
H000050,202503,4008,5101,74.9086667603695
H000051,202504,4008,5101,75.655474362866
H000052,202505,4008,5101,49.84616432345213
H000053,202506,4008,5101,64.16770064324416
H000054,202501,4009,5101,56.43696659290566
H000055,202502,4009,5101,87.1767013787847
H000056,202503,4009,5101,95.81693600685013
H000057,202504,4009,5101,108.45544493042068
H000058,202505,4009,5101,80.10375764534675
H000059,202506,4009,5101,99.55674530659296
H000060,202501,4010,5101,67.17231433923688
H000061,202502,4010,5101,94.38884490076407
H000062,202503,4010,5101,104.23536347394715
H000063,202504,4010,5101,118.20466818175838
H000064,202505,4010,5101,97.09572113392197
H000065,202506,4010,5101,109.92190724597445
H000066,202501,4011,5101,152.0414143074164
H000067,202502,4011,5101,182.45550119444806
H000068,202503,4011,5101,190.7867204519621
H000069,202504,4011,5101,212.5752620409299
H000070,202505,4011,5101,170.30372928663476
H000071,202506,4011,5101,178.89068126601478
H000072,202501,4012,5101,43.80949238336002
H000073,202502,4012,5101,46.44568927401667
H000074,202503,4012,5101,54.44838137464332
H000075,202504,4012,5101,66.85485839044644
H000076,202505,4012,5101,29.985987382624867
H000077,202506,4012,5101,42.6978771103756
H000078,202501,4013,5101,83.91710193105455
H000079,202502,4013,5101,102.01389451618175
H000080,202503,4013,5101,126.6764140720927
H000081,202504,4013,5101,136.50734590881785
H000082,202505,4013,5101,81.14178782866173
H000083,202506,4013,5101,116.00367001293576
H000084,202501,4014,5101,103.33765541152438
H000085,202502,4014,5101,120.97733069579586
H000086,202503,4014,5101,123.97998463638673
H000087,202504,4014,5101,141.47378430037563
H000088,202505,4014,5101,112.17615067298144
H000089,202506,4014,5101,128.9846183174537
H000090,202501,4015,5101,59.164507717275136
H000091,202502,4015,5101,60.11529303090926
H000092,202503,4015,5101,70.43373658281988
H000093,202504,4015,5101,79.46330141150786
H000094,202505,4015,5101,64.44511662200586
H000095,202506,4015,5101,64.58519459187288
H000096,202501,4016,5101,72.44103735110153
H000097,202502,4016,5101,94.14647255045053
H000098,202503,4016,5101,98.34683631561118
H000099,202504,4016,5101,109.11937817129966
H000100,202505,4016,5101,82.69912685124883
H000101,202506,4016,5101,95.14694100185025
H000102,202501,4017,5101,58.813337304439564
H000103,202502,4017,5101,93.37328784669883
H000104,202503,4017,5101,94.79886324857614
H000105,202504,4017,5101,118.67055842313388
H000106,202505,4017,5101,93.15239779796748
H000107,202506,4017,5101,104.54387592954838
H000108,202501,4018,5101,179.18062489156372
H000109,202502,4018,5101,201.16800480103478
H000110,202503,4018,5101,205.40608078548016
H000111,202504,4018,5101,275.7455521409973
H000112,202505,4018,5101,211.32914433526153
H000113,202506,4018,5101,229.94482773776036
H000114,202501,4019,5101,13.589019617053395
H000115,202502,4019,5101,15.647867862448805
H000116,202503,4019,5101,16.270186478515473
H000117,202504,4019,5101,18.84285132237478
H000118,202505,4019,5101,12.300290250677484
H000119,202506,4019,5101,13.729866018510549
H000120,202501,4020,5101,119.77394868241875
H000121,202502,4020,5101,178.64288274333197
H000122,202503,4020,5101,192.64049972968078
H000123,202504,4020,5101,221.07369519253507
H000124,202505,4020,5101,180.20921808312124
H000125,202506,4020,5101,187.5501890401816
H000126,202501,4021,5101,64.24183168211489
H000127,202502,4021,5101,107.41967578299113
H000128,202503,4021,5101,133.5402840848728
H000129,202504,4021,5101,157.11580557425137
H000130,202505,4021,5101,116.38879201295804
H000131,202506,4021,5101,118.32759393947522
H000132,202501,4022,5101,62.4137495795067
H000133,202502,4022,5101,87.52639065526195
H000134,202503,4022,5101,100.10738150730064
H000135,202504,4022,5101,101.77086833388363
H000136,202505,4022,5101,76.41824574058414
H000137,202506,4022,5101,91.37205631374077
H000138,202501,4023,5101,96.3448185299866
H000139,202502,4023,5101,129.88255651952457
H000140,202503,4023,5101,124.29768235556126
H000141,202504,4023,5101,153.42661238973398
H000142,202505,4023,5101,111.56106484517503
H000143,202506,4023,5101,118.25580794223717
H000144,202501,4024,5101,29.141417059145258
H000145,202502,4024,5101,38.91582224137277
H000146,202503,4024,5101,47.00056839192375
H000147,202504,4024,5101,53.166936345648956
H000148,202505,4024,5101,34.4022428359862
H000149,202506,4024,5101,39.38361451651927
H000150,202501,4025,5101,598.6661994045029
H000151,202502,4025,5101,792.0857347030434
H000152,202503,4025,5101,859.0502220372322
H000153,202504,4025,5101,1053.2889461250236
H000154,202505,4025,5101,817.8150977427214
H000155,202506,4025,5101,901.9916457488587
H000156,202501,4026,5101,127.95280107558811
H000157,202502,4026,5101,138.22536865189284
H000158,202503,4026,5101,134.0085021186952
H000159,202504,4026,5101,163.10108110630497
H000160,202505,4026,5101,134.00968375142475
H000161,202506,4026,5101,142.02232447214882
H000162,202501,4027,5101,53.18518444187673
H000163,202502,4027,5101,91.6411677402795
H000164,202503,4027,5101,72.01007990336835
H000165,202504,4027,5101,95.66581935583507
H000166,202505,4027,5101,66.0468807547598
H000167,202506,4027,5101,78.68326390816402
H000168,202501,4028,5101,267.09890681714006
H000169,202502,4028,5101,325.4799988910725
H000170,202503,4028,5101,354.2335034092827
H000171,202504,4028,5101,403.9361279559447
H000172,202505,4028,5101,324.8814115532507
H000173,202506,4028,5101,355.2550851732867
H000174,202501,4029,5101,26.779321120135915
H000175,202502,4029,5101,34.32690195362614
H000176,202503,4029,5101,31.60107045953119
H000177,202504,4029,5101,40.30423153024486
H000178,202505,4029,5101,28.556261218460026
H000179,202506,4029,5101,33.14453568065459
H000180,202501,4030,5101,123.22469307552554
H000181,202502,4030,5101,174.85754874843366
H000182,202503,4030,5101,162.75355172724173
H000183,202504,4030,5101,181.84007929164164
H000184,202505,4030,5101,161.18337311916102
H000185,202506,4030,5101,192.68611242460486
H000186,202501,4031,5101,97.2642928535739
H000187,202502,4031,5101,149.38322170072226
H000188,202503,4031,5101,144.97292289921393
H000189,202504,4031,5101,177.9259479629566
H000190,202505,4031,5101,122.26199301608891
H000191,202506,4031,5101,137.80850592631853
H000192,202501,4032,5101,42.98266067365233
H000193,202502,4032,5101,61.52973393054845
H000194,202503,4032,5101,54.596262093044636
H000195,202504,4032,5101,65.31940546387752
H000196,202505,4032,5101,39.6931540553928
H000197,202506,4032,5101,59.762468564002404
H000198,202501,4033,5101,31.95398582148909
H000199,202502,4033,5101,36.86257276035107
H000200,202503,4033,5101,44.290421913534985
H000201,202504,4033,5101,49.46504468481552
H000202,202505,4033,5101,32.73603329941259
H000203,202506,4033,5101,37.296401862725276
H000204,202501,4034,5101,33.961928070225945
H000205,202502,4034,5101,39.61687355268007
H000206,202503,4034,5101,45.590171875633914
H000207,202504,4034,5101,47.01124940244569
H000208,202505,4034,5101,32.60627146798061
H000209,202506,4034,5101,36.707070044453566
H000210,202501,4035,5101,19.463434104659097
H000211,202502,4035,5101,24.840252121391586
H000212,202503,4035,5101,27.65144115753076
H000213,202504,4035,5101,27.27940218694714
H000214,202505,4035,5101,19.61155389263284
H000215,202506,4035,5101,28.261283319583615
H000216,202501,4036,5101,223.98054943276668
H000217,202502,4036,5101,311.12229543101205
H000218,202503,4036,5101,297.9481795511329
H000219,202504,4036,5101,370.95412692450253
H000220,202505,4036,5101,291.3093483898188
H000221,202506,4036,5101,329.5790467878436
H000222,202501,4037,5101,132.21866585167442
H000223,202502,4037,5101,191.71285027362075
H000224,202503,4037,5101,193.3266018318567
H000225,202504,4037,5101,227.82509138622547
H000226,202505,4037,5101,182.1666431799708
H000227,202506,4037,5101,194.85653024914842
H000228,202501,4038,5101,150.1042610514948
H000229,202502,4038,5101,211.82941174923135
H000230,202503,4038,5101,205.50028742608822
H000231,202504,4038,5101,257.1125125496831
H000232,202505,4038,5101,196.19932111710787
H000233,202506,4038,5101,232.41299626076201
H000234,202501,4039,5101,40.95466488836398
H000235,202502,4039,5101,107.05785484065828
H000236,202503,4039,5101,115.4190533624604
H000237,202504,4039,5101,136.26315618723092
H000238,202505,4039,5101,85.62688863135595
H000239,202506,4039,5101,87.81927976778617
H000240,202501,4040,5101,72.29369362667865
H000241,202502,4040,5101,87.16980193179964
H000242,202503,4040,5101,94.09597833881885
H000243,202504,4040,5101,109.64743541522934
H000244,202505,4040,5101,88.47117402773269
H000245,202506,4040,5101,95.22258497658582
H000246,202501,4041,5101,80.37435742841114
H000247,202502,4041,5101,100.33950380386513
H000248,202503,4041,5101,124.87182945020366
H000249,202504,4041,5101,138.0885828222937
H000250,202505,4041,5101,99.26410863810436
H000251,202506,4041,5101,105.58329144080433
H000252,202501,4042,5101,189.78997947641017
H000253,202502,4042,5101,261.8892112702099
H000254,202503,4042,5101,262.3922978157498
H000255,202504,4042,5101,329.8913760694365
H000256,202505,4042,5101,262.4927826461501
H000257,202506,4042,5101,276.47729162240097
H000258,202501,4043,5101,50.58690795504664
H000259,202502,4043,5101,57.46327420427431
H000260,202503,4043,5101,60.098825424103566
H000261,202504,4043,5101,64.01007926264109
H000262,202505,4043,5101,38.676669289645645
H000263,202506,4043,5101,50.89046597545566
H000264,202501,4044,5101,188.88612431061674
H000265,202502,4044,5101,246.62512344914487
H000266,202503,4044,5101,237.67149555196775
H000267,202504,4044,5101,272.4817194957206
H000268,202505,4044,5101,211.21838843251774
H000269,202506,4044,5101,237.0254630394587
H000270,202501,4045,5101,105.28345242682519
H000271,202502,4045,5101,119.32279582158915
H000272,202503,4045,5101,148.35400927081824
H000273,202504,4045,5101,182.20952258338104
H000274,202505,4045,5101,159.43181035148766
H000275,202506,4045,5101,151.52383357864193
H000276,202501,4046,5101,131.67702411369532
H000277,202502,4046,5101,234.61261573589485
H000278,202503,4046,5101,225.7592766866024
H000279,202504,4046,5101,276.71933822709286
H000280,202505,4046,5101,195.499356746499
H000281,202506,4046,5101,245.2383345570488
H000282,202501,4047,5101,170.3981336750465
H000283,202502,4047,5101,282.9133496753497
H000284,202503,4047,5101,304.269104890407
H000285,202504,4047,5101,354.2279890705593
H000286,202505,4047,5101,274.5936024129385
H000287,202506,4047,5101,310.38474146832215
H000288,202501,4048,5101,70.41986252882573
H000289,202502,4048,5101,92.5762063679783
H000290,202503,4048,5101,84.73715380429817
H000291,202504,4048,5101,112.43310453201563
H000292,202505,4048,5101,69.20460197824696
H000293,202506,4048,5101,89.8789301018147
H000294,202501,4049,5101,56.67138682803568
H000295,202502,4049,5101,114.71049533493778
H000296,202503,4049,5101,103.33031549533679
H000297,202504,4049,5101,124.07950712767344
H000298,202505,4049,5101,90.1026416560041
H000299,202506,4049,5101,96.32404099770902
H000300,202501,4050,5101,48.479033352508516
H000301,202502,4050,5101,59.97358648978981
H000302,202503,4050,5101,67.05387065619716
H000303,202504,4050,5101,81.24687668840434
H000304,202505,4050,5101,56.558247276615745
H000305,202506,4050,5101,60.73549285491941
H000306,202501,4051,5101,195.93125196535414
H000307,202502,4051,5101,262.54800630323723
H000308,202503,4051,5101,293.6616538117495
H000309,202504,4051,5101,341.9395760010076
H000310,202505,4051,5101,232.59559709598574
H000311,202506,4051,5101,269.0477317838559
H000312,202501,4052,5101,189.0559235917263
H000313,202502,4052,5101,242.3074285732416
H000314,202503,4052,5101,276.56130594415106
H000315,202504,4052,5101,286.81118893856564
H000316,202505,4052,5101,203.1519079504226
H000317,202506,4052,5101,239.17769872091586
H000318,202501,4053,5101,58.03808280367413
H000319,202502,4053,5101,67.09446884265739
H000320,202503,4053,5101,74.44689024888417
H000321,202504,4053,5101,83.83373613775102
H000322,202505,4053,5101,63.895344839298716
H000323,202506,4053,5101,70.64534402799204
H000324,202501,4054,5101,52.66647850873396
H000325,202502,4054,5101,83.46378859197202
H000326,202503,4054,5101,80.3516938501979
H000327,202504,4054,5101,115.61819936720907
H000328,202505,4054,5101,87.63954407775041
H000329,202506,4054,5101,107.09080125489025
H000330,202501,4055,5101,321.23662041535533
H000331,202502,4055,5101,474.73124254899477
H000332,202503,4055,5101,486.77574255104366
H000333,202504,4055,5101,605.6409896726192
H000334,202505,4055,5101,488.0557484064636
H000335,202506,4055,5101,564.6803328845341
H000336,202501,4056,5101,38.58583684302237
H000337,202502,4056,5101,53.18147449636377
H000338,202503,4056,5101,53.90894906934521
H000339,202504,4056,5101,60.00467025598467
H000340,202505,4056,5101,44.073735936236
H000341,202506,4056,5101,57.13840504806921
H000342,202501,4057,5101,28.506880979809917
H000343,202502,4057,5101,33.635494409061856
H000344,202503,4057,5101,34.46444841186423
H000345,202504,4057,5101,37.27181383999217
H000346,202505,4057,5101,31.018939116213854
H000347,202506,4057,5101,32.805423075210754
H000348,202501,4058,5101,35.10867938676117
H000349,202502,4058,5101,64.2737168156783
H000350,202503,4058,5101,57.29598419614607
H000351,202504,4058,5101,74.17151801885039
H000352,202505,4058,5101,61.86120895617098
H000353,202506,4058,5101,62.67104089789225
H000354,202501,4059,5101,109.28054798942269
H000355,202502,4059,5101,143.2518735808681
H000356,202503,4059,5101,150.9175918941217
H000357,202504,4059,5101,188.22566035536514
H000358,202505,4059,5101,151.24910307273228
H000359,202506,4059,5101,170.28170129347248
H000360,202501,4060,5101,57.97370908205771
H000361,202502,4060,5101,78.01688549382773
H000362,202503,4060,5101,74.34135646812588
H000363,202504,4060,5101,106.9974213639997
H000364,202505,4060,5101,72.62152105163969
H000365,202506,4060,5101,81.4092536895561
H000366,202501,4061,5101,116.91464408301532
H000367,202502,4061,5101,172.2990702446442
H000368,202503,4061,5101,177.20835584152286
H000369,202504,4061,5101,218.93325838745943
H000370,202505,4061,5101,164.5731119655078
H000371,202506,4061,5101,196.89548405390408
H000372,202501,4062,5101,48.702227558110536
H000373,202502,4062,5101,53.578947852276315
H000374,202503,4062,5101,66.54155679632542
H000375,202504,4062,5101,66.45314775818161
H000376,202505,4062,5101,51.68271045322831
H000377,202506,4062,5101,64.91296308863497
H000378,202501,4063,5101,118.82375251559014
H000379,202502,4063,5101,140.35505526426667
H000380,202503,4063,5101,151.95385222162332
H000381,202504,4063,5101,173.38734773130213
H000382,202505,4063,5101,138.46134441619625
H000383,202506,4063,5101,150.5151958885786
H000384,202501,4064,5101,64.64315454680046
H000385,202502,4064,5101,84.74011400765315
H000386,202503,4064,5101,86.20903932202248
H000387,202504,4064,5101,99.34563971215074
H000388,202505,4064,5101,79.86084428420355
H000389,202506,4064,5101,87.50824505613366
H000390,202501,4065,5101,62.131965582254665
H000391,202502,4065,5101,74.55561073571364
H000392,202503,4065,5101,74.30847117129467
H000393,202504,4065,5101,85.24149722929444
H000394,202505,4065,5101,73.18687226181171
H000395,202506,4065,5101,84.09308243041654
H000396,202501,4066,5101,64.99335712011946
H000397,202502,4066,5101,83.63906126183177
H000398,202503,4066,5101,87.05690891754777
H000399,202504,4066,5101,91.2945827591435
H000400,202505,4066,5101,64.44878913095968
H000401,202506,4066,5101,78.13262239904897
H000402,202501,4067,5101,99.68675711873546
H000403,202502,4067,5101,135.21512700417964
H000404,202503,4067,5101,147.416497644213
H000405,202504,4067,5101,172.66066011773907
H000406,202505,4067,5101,129.96984298874375
H000407,202506,4067,5101,145.16884735213443
H000408,202501,4068,5101,82.98211589018842
H000409,202502,4068,5101,113.88355596846489
H000410,202503,4068,5101,114.36150032843925
H000411,202504,4068,5101,123.76359682792396
H000412,202505,4068,5101,105.63971051128948
H000413,202506,4068,5101,123.34694880716829
H000414,202501,4069,5101,15.53194910841245
H000415,202502,4069,5101,50.060095319602986
H000416,202503,4069,5101,59.34549379392672
H000417,202504,4069,5101,69.62050739774527
H000418,202505,4069,5101,42.4281555212788
H000419,202506,4069,5101,54.30804309950321
H000420,202501,4070,5101,91.09284051510538
H000421,202502,4070,5101,136.47598179920638
H000422,202503,4070,5101,118.86904690462816
H000423,202504,4070,5101,140.03161360389626
H000424,202505,4070,5101,90.57345773257951
H000425,202506,4070,5101,120.22537324760576
H000426,202501,4071,5101,51.49713604857226
H000427,202502,4071,5101,56.235179423959025
H000428,202503,4071,5101,60.15208621946765
H000429,202504,4071,5101,64.6552295508822
H000430,202505,4071,5101,56.837179774175326
H000431,202506,4071,5101,56.697300497357396
H000432,202501,4072,5101,95.81426478865637
H000433,202502,4072,5101,113.52641180931838
H000434,202503,4072,5101,114.87245505940336
H000435,202504,4072,5101,120.72649703118279
H000436,202505,4072,5101,85.00754017011691
H000437,202506,4072,5101,114.80878390190512
H000438,202501,4073,5101,114.35579674623072
H000439,202502,4073,5101,130.11044248377235
H000440,202503,4073,5101,138.00432998942895
H000441,202504,4073,5101,150.61739837729985
H000442,202505,4073,5101,110.25658565767534
H000443,202506,4073,5101,118.32668367719567
H000444,202501,4074,5101,43.13835230404034
H000445,202502,4074,5101,105.9194188027953
H000446,202503,4074,5101,90.03661419062946
H000447,202504,4074,5101,127.41698872537104
H000448,202505,4074,5101,90.61843074218852
H000449,202506,4074,5101,102.764985403831
H000450,202501,4075,5101,72.44981573577824
H000451,202502,4075,5101,37.938313148370284
H000452,202503,4075,5101,129.73809525632723
H000453,202504,4075,5101,108.43434387024774
H000454,202505,4075,5101,111.00926238879693
H000455,202506,4075,5101,127.2282816295919
H000456,202501,4076,5101,221.27544583760178
H000457,202502,4076,5101,277.60765725557013
H000458,202503,4076,5101,275.2175298380571
H000459,202504,4076,5101,346.5305253934139
H000460,202505,4076,5101,258.84544050542866
H000461,202506,4076,5101,294.8451988540692
H000462,202501,4077,5101,5.800323900654858
H000463,202502,4077,5101,13.494081949154214
H000464,202503,4077,5101,15.497805010807468
H000465,202504,4077,5101,15.484486453374956
H000466,202505,4077,5101,6.72475679111883
H000467,202506,4077,5101,8.766861750487356
H000468,202501,4078,5101,49.87489193837892
H000469,202502,4078,5101,60.79559681263892
H000470,202503,4078,5101,66.93652197127447
H000471,202504,4078,5101,69.05506253482025
H000472,202505,4078,5101,49.644143968911294
H000473,202506,4078,5101,60.80247855362943
H000474,202501,4079,5101,388.24059448268895
H000475,202502,4079,5101,507.8511645672032
H000476,202503,4079,5101,563.294887130857
H000477,202504,4079,5101,622.2122935109618
H000478,202505,4079,5101,496.8988480999923
H000479,202506,4079,5101,572.433427087958
H000480,202501,4000,5102,92.31078249098367
H000481,202502,4000,5102,90.10315832325621
H000482,202503,4000,5102,84.1524426887696
H000483,202504,4000,5102,85.27113820512585
H000484,202505,4000,5102,84.27835506827981
H000485,202506,4000,5102,83.7897249619459
H000486,202501,4001,5102,173.49789724938833
H000487,202502,4001,5102,163.56651569000715
H000488,202503,4001,5102,153.56272248064585
H000489,202504,4001,5102,142.55405653404443
H000490,202505,4001,5102,135.8129994754864
H000491,202506,4001,5102,132.416297937635
H000492,202501,4002,5102,46.067933090903736
H000493,202502,4002,5102,46.21078124510042
H000494,202503,4002,5102,46.690407543439775
H000495,202504,4002,5102,44.802869688792825
H000496,202505,4002,5102,42.824057866816695
H000497,202506,4002,5102,42.93113644881592
H000498,202501,4003,5102,71.59605450596594
H000499,202502,4003,5102,67.61281582856141
H000500,202503,4003,5102,63.82896732771554
H000501,202504,4003,5102,63.76444899359522
H000502,202505,4003,5102,63.00287460614949
H000503,202506,4003,5102,61.40439658337303
H000504,202501,4004,5102,78.28430109137858
H000505,202502,4004,5102,74.50736722379493
H000506,202503,4004,5102,72.33148790999333
H000507,202504,4004,5102,70.6811553964123
H000508,202505,4004,5102,68.90103138877905
H000509,202506,4004,5102,65.57895945643102
H000510,202501,4005,5102,173.63405394453505
H000511,202502,4005,5102,166.1191546727614
H000512,202503,4005,5102,152.36657822854204
H000513,202504,4005,5102,144.63974225187286
H000514,202505,4005,5102,141.25103010861721
H000515,202506,4005,5102,133.22109298131727
H000516,202501,4006,5102,177.94422603078962
H000517,202502,4006,5102,167.30105605091322
H000518,202503,4006,5102,154.55681053902148
H000519,202504,4006,5102,145.1313321339282
H000520,202505,4006,5102,140.20611879064094
H000521,202506,4006,5102,132.23991076217604
H000522,202501,4007,5102,216.66863631208432
H000523,202502,4007,5102,190.51283821531032
H000524,202503,4007,5102,174.5108882727401
H000525,202504,4007,5102,153.82736998219164
H000526,202505,4007,5102,145.3649001644109
H000527,202506,4007,5102,144.62827575022706
H000528,202501,4008,5102,124.99017189572038
H000529,202502,4008,5102,124.43341333115968
H000530,202503,4008,5102,122.11803874182776
H000531,202504,4008,5102,110.6164068773784
H000532,202505,4008,5102,104.90347745624634
H000533,202506,4008,5102,103.8713907054219
H000534,202501,4009,5102,169.1254855697712
H000535,202502,4009,5102,162.69156336929217
H000536,202503,4009,5102,152.31824733564972
H000537,202504,4009,5102,140.39214861129219
H000538,202505,4009,5102,133.1559872512317
H000539,202506,4009,5102,128.58527788296084
H000540,202501,4010,5102,149.13939644027664
H000541,202502,4010,5102,138.79604161153077
H000542,202503,4010,5102,133.5852855551971
H000543,202504,4010,5102,128.84395427539624
H000544,202505,4010,5102,124.32904240422697
H000545,202506,4010,5102,122.34114185509813
H000546,202501,4011,5102,169.85553487158603
H000547,202502,4011,5102,159.95009907611458
H000548,202503,4011,5102,148.66929561498216
H000549,202504,4011,5102,141.3747884641605
H000550,202505,4011,5102,135.98252422531291
H000551,202506,4011,5102,129.0822803181622
H000552,202501,4012,5102,137.95109810534132
H000553,202502,4012,5102,131.36817468907043
H000554,202503,4012,5102,128.76687203613457
H000555,202504,4012,5102,118.56163588854825
H000556,202505,4012,5102,111.2609869414458
H000557,202506,4012,5102,103.85163057005684
H000558,202501,4013,5102,154.66752484280474
H000559,202502,4013,5102,146.16438785505395
H000560,202503,4013,5102,139.73177705221005
H000561,202504,4013,5102,134.80304519477707
H000562,202505,4013,5102,130.31877139309537
H000563,202506,4013,5102,126.62944276697986
H000564,202501,4014,5102,133.22665130704374
H000565,202502,4014,5102,121.63043256374687
H000566,202503,4014,5102,118.26668586267684
H000567,202504,4014,5102,111.47957704286364
H000568,202505,4014,5102,105.58010644797908
H000569,202506,4014,5102,103.66552384298855
H000570,202501,4015,5102,85.40172566598753
H000571,202502,4015,5102,85.57477882438343
H000572,202503,4015,5102,84.04535793620772
H000573,202504,4015,5102,82.40348935181885
H000574,202505,4015,5102,81.41651869626163
H000575,202506,4015,5102,80.07575207617504
H000576,202501,4016,5102,118.51782176161636
H000577,202502,4016,5102,112.50409859825939
H000578,202503,4016,5102,106.25618044596854
H000579,202504,4016,5102,104.00815125561935
H000580,202505,4016,5102,97.46616812859666
H000581,202506,4016,5102,95.9453577058508
H000582,202501,4017,5102,175.634935280529
H000583,202502,4017,5102,165.14264669053696
H000584,202503,4017,5102,150.84246229049816
H000585,202504,4017,5102,141.84094018018743
H000586,202505,4017,5102,136.06695207821687
H000587,202506,4017,5102,128.79488960206407
H000588,202501,4018,5102,181.57617868062496
H000589,202502,4018,5102,170.29333543354264
H000590,202503,4018,5102,155.42969111969504
H000591,202504,4018,5102,146.426290328967
H000592,202505,4018,5102,142.71418443961795
H000593,202506,4018,5102,134.4686327168509
H000594,202501,4019,5102,50.09551192558291
H000595,202502,4019,5102,47.06233140104316
H000596,202503,4019,5102,43.738658672488256
H000597,202504,4019,5102,42.475131179065656
H000598,202505,4019,5102,42.00417593424042
H000599,202506,4019,5102,41.57195802917263
H000600,202501,4020,5102,216.33369194500096
H000601,202502,4020,5102,192.26733316199696
H000602,202503,4020,5102,177.10676965148878
H000603,202504,4020,5102,155.91391021634948
H000604,202505,4020,5102,148.03090010376638
H000605,202506,4020,5102,145.64306273126226
H000606,202501,4021,5102,217.2393799861534
H000607,202502,4021,5102,193.56225203866174
H000608,202503,4021,5102,177.98613594510175
H000609,202504,4021,5102,156.31240896453195
H000610,202505,4021,5102,147.70154400589
H000611,202506,4021,5102,144.97605464244833
H000612,202501,4022,5102,148.48584913801355
H000613,202502,4022,5102,138.09241551527018
H000614,202503,4022,5102,134.37731843643192
H000615,202504,4022,5102,124.85384860645478
H000616,202505,4022,5102,122.41314290769361
H000617,202506,4022,5102,115.0505292135182
H000618,202501,4023,5102,169.06325726943427
H000619,202502,4023,5102,157.20083412129716
H000620,202503,4023,5102,150.23885442006184
H000621,202504,4023,5102,142.2357204844737
H000622,202505,4023,5102,136.6701270397023
H000623,202506,4023,5102,132.63024903770602
H000624,202501,4024,5102,118.05629694018451
H000625,202502,4024,5102,114.83704440249781
H000626,202503,4024,5102,108.70823834302297
H000627,202504,4024,5102,103.85171097243436
H000628,202505,4024,5102,100.92624656625233
H000629,202506,4024,5102,96.58249624288028
H000630,202501,4025,5102,1450.216461254709
H000631,202502,4025,5102,1451.7705394832083
H000632,202503,4025,5102,1438.61446624706
H000633,202504,4025,5102,1444.2695198474778
H000634,202505,4025,5102,1444.7148857921277
H000635,202506,4025,5102,1451.257944980127
H000636,202501,4026,5102,118.36216418602295
H000637,202502,4026,5102,111.99279804712691
H000638,202503,4026,5102,106.28586866581
H000639,202504,4026,5102,104.93380114923072
H000640,202505,4026,5102,98.89147299898885
H000641,202506,4026,5102,96.84659525123509
H000642,202501,4027,5102,181.23797537475804
H000643,202502,4027,5102,168.2846338622715
H000644,202503,4027,5102,154.8715425513315
H000645,202504,4027,5102,145.45873132437367
H000646,202505,4027,5102,139.19798543952217
H000647,202506,4027,5102,131.79498999737413
H000648,202501,4028,5102,205.66204270595458
H000649,202502,4028,5102,181.07380375530093
H000650,202503,4028,5102,161.91491947561659
H000651,202504,4028,5102,148.3360532782309
H000652,202505,4028,5102,145.06525060486877
H000653,202506,4028,5102,143.87340120567413
H000654,202501,4029,5102,96.15962526912425
H000655,202502,4029,5102,94.39064625069784
H000656,202503,4029,5102,92.02675994287861
H000657,202504,4029,5102,86.94719568867048
H000658,202505,4029,5102,88.19027454768651
H000659,202506,4029,5102,86.61248338166207
H000660,202501,4030,5102,187.78630819850645
H000661,202502,4030,5102,176.22290827204
H000662,202503,4030,5102,159.38576591094926
H000663,202504,4030,5102,148.41649450541115
H000664,202505,4030,5102,143.39869033013017
H000665,202506,4030,5102,138.10583648502865
H000666,202501,4031,5102,198.40413566500544
H000667,202502,4031,5102,182.8245297492448
H000668,202503,4031,5102,163.58586273747127
H000669,202504,4031,5102,147.52352249672109
H000670,202505,4031,5102,140.6290037130491
H000671,202506,4031,5102,134.28235567845636
H000672,202501,4032,5102,147.89409755548078
H000673,202502,4032,5102,138.9000245090003
H000674,202503,4032,5102,133.01387266402153
H000675,202504,4032,5102,126.99298508347904
H000676,202505,4032,5102,121.60379316259413
H000677,202506,4032,5102,116.26865427658964
H000678,202501,4033,5102,79.68704299172465
H000679,202502,4033,5102,76.70277947920043
H000680,202503,4033,5102,74.26909450760225
H000681,202504,4033,5102,71.22196946949165
H000682,202505,4033,5102,69.6962156638219
H000683,202506,4033,5102,66.77035801656388
H000684,202501,4034,5102,87.92480414209197
H000685,202502,4034,5102,81.12200839052255
H000686,202503,4034,5102,78.8915620665457
H000687,202504,4034,5102,79.55460828722178
H000688,202505,4034,5102,77.69231863652513
H000689,202506,4034,5102,77.59114589409074
H000690,202501,4035,5102,89.83898579879694
H000691,202502,4035,5102,87.41211144487932
H000692,202503,4035,5102,88.54915006792936
H000693,202504,4035,5102,86.14888828374094
H000694,202505,4035,5102,84.54527693602927
H000695,202506,4035,5102,83.33820616577815
H000696,202501,4036,5102,261.9370955106626
H000697,202502,4036,5102,219.39531457988
H000698,202503,4036,5102,201.3536940559958
H000699,202504,4036,5102,168.34047457447258
H000700,202505,4036,5102,155.9836662310166
H000701,202506,4036,5102,148.82833281602313
H000702,202501,4037,5102,186.86366072470278
H000703,202502,4037,5102,180.26290620363196
H000704,202503,4037,5102,156.26761818006761
H000705,202504,4037,5102,145.70868551991964
H000706,202505,4037,5102,141.6252897672973
H000707,202506,4037,5102,133.63323187223793
H000708,202501,4038,5102,198.19462260110132
H000709,202502,4038,5102,186.14143269331066
H000710,202503,4038,5102,167.2976476725459
H000711,202504,4038,5102,150.5028983371927
H000712,202505,4038,5102,143.76053032270218
H000713,202506,4038,5102,139.9065804985195
H000714,202501,4039,5102,220.57793780851603
H000715,202502,4039,5102,190.9818628716146
H000716,202503,4039,5102,174.5545183725803
H000717,202504,4039,5102,155.2755008945079
H000718,202505,4039,5102,147.28027625292972
H000719,202506,4039,5102,144.76223395507836
H000720,202501,4040,5102,123.21377134545327
H000721,202502,4040,5102,109.97048990016575
H000722,202503,4040,5102,104.41848972754434
H000723,202504,4040,5102,102.99339376859497
H000724,202505,4040,5102,94.98465663115253
H000725,202506,4040,5102,91.7793605179047
H000726,202501,4041,5102,162.51609963894902
H000727,202502,4041,5102,152.58546844920815
H000728,202503,4041,5102,141.84352551382136
H000729,202504,4041,5102,132.0910757013721
H000730,202505,4041,5102,127.36670353598767
H000731,202506,4041,5102,121.78889887047076
H000732,202501,4042,5102,238.60723735192516
H000733,202502,4042,5102,197.9814248283706
H000734,202503,4042,5102,177.59832457313766
H000735,202504,4042,5102,160.06814788778846
H000736,202505,4042,5102,148.47602547416864
H000737,202506,4042,5102,144.59038414509664
H000738,202501,4043,5102,112.2088015550002
H000739,202502,4043,5102,102.76805533261205
H000740,202503,4043,5102,97.71995670682584
H000741,202504,4043,5102,95.79700943019644
H000742,202505,4043,5102,91.54945365153588
H000743,202506,4043,5102,85.37233303176035
H000744,202501,4044,5102,215.39651787641176
H000745,202502,4044,5102,191.935628847273
H000746,202503,4044,5102,175.02350206130177
H000747,202504,4044,5102,153.73004230632776
H000748,202505,4044,5102,145.96258871314666
H000749,202506,4044,5102,144.0290712950588
H000750,202501,4045,5102,185.38915402919008
H000751,202502,4045,5102,171.73633131618843
H000752,202503,4045,5102,158.17955368876986
H000753,202504,4045,5102,147.26785522741164
H000754,202505,4045,5102,144.10183075522903
H000755,202506,4045,5102,141.4230289811208
H000756,202501,4046,5102,357.06985312816454
H000757,202502,4046,5102,255.5755011751471
H000758,202503,4046,5102,212.7956763314687
H000759,202504,4046,5102,189.15307750581283
H000760,202505,4046,5102,165.44810554466616
H000761,202506,4046,5102,157.41336444882666
H000762,202501,4047,5102,267.85281942984636
H000763,202502,4047,5102,210.8925904943021
H000764,202503,4047,5102,194.46434300657447
H000765,202504,4047,5102,164.5144926890699
H000766,202505,4047,5102,157.4556537609187
H000767,202506,4047,5102,149.88502971025738
H000768,202501,4048,5102,169.55587693995798
H000769,202502,4048,5102,159.56388504765485
H000770,202503,4048,5102,150.47915370850333
H000771,202504,4048,5102,139.44022021550524
H000772,202505,4048,5102,133.717982759491
H000773,202506,4048,5102,127.43554740968145
H000774,202501,4049,5102,203.4639829535211
H000775,202502,4049,5102,186.3852257833363
H000776,202503,4049,5102,168.75150670085566
H000777,202504,4049,5102,151.63213216242067
H000778,202505,4049,5102,144.3292674905887
H000779,202506,4049,5102,142.15733759576906
H000780,202501,4050,5102,118.85114604398676
H000781,202502,4050,5102,110.22963752780419
H000782,202503,4050,5102,102.81796914633043
H000783,202504,4050,5102,102.9021372354963
H000784,202505,4050,5102,98.18350474174457
H000785,202506,4050,5102,94.31919720714468
H000786,202501,4051,5102,277.5946208853311
H000787,202502,4051,5102,220.0546952121525
H000788,202503,4051,5102,203.9156267373871
H000789,202504,4051,5102,171.6914663725566
H000790,202505,4051,5102,159.41245633403832
H000791,202506,4051,5102,151.31181761016148
H000792,202501,4052,5102,217.98804769253226
H000793,202502,4052,5102,193.86253260762214
H000794,202503,4052,5102,177.0998811381031
H000795,202504,4052,5102,155.46996860058036
H000796,202505,4052,5102,148.83982589809537
H000797,202506,4052,5102,145.33634193474578
H000798,202501,4053,5102,111.33445069523212
H000799,202502,4053,5102,99.46274896215317
H000800,202503,4053,5102,97.89256653821141
H000801,202504,4053,5102,98.93341194864121
H000802,202505,4053,5102,94.91784235572263
H000803,202506,4053,5102,93.43989485025033
H000804,202501,4054,5102,141.93515675678265
H000805,202502,4054,5102,133.93157569991666
H000806,202503,4054,5102,131.38673109245647
H000807,202504,4054,5102,122.56366363735087
H000808,202505,4054,5102,116.6363145019422
H000809,202506,4054,5102,112.9735320553042
H000810,202501,4055,5102,341.1380463585292
H000811,202502,4055,5102,262.4655196160994
H000812,202503,4055,5102,221.5037011276155
H000813,202504,4055,5102,195.90436255418624
H000814,202505,4055,5102,178.32713465877558
H000815,202506,4055,5102,166.3195869384928
H000816,202501,4056,5102,114.75049285540885
H000817,202502,4056,5102,104.85551460731956
H000818,202503,4056,5102,99.88460664015057
H000819,202504,4056,5102,99.2116863579544
H000820,202505,4056,5102,96.91399395361663
H000821,202506,4056,5102,94.29498540299093
H000822,202501,4057,5102,45.476186134760525
H000823,202502,4057,5102,45.710715466477545
H000824,202503,4057,5102,42.71422256205506
H000825,202504,4057,5102,41.713628595185426
H000826,202505,4057,5102,41.07043825807277
H000827,202506,4057,5102,40.29404279722709
H000828,202501,4058,5102,143.02691526991842
H000829,202502,4058,5102,133.75697586326928
H000830,202503,4058,5102,131.73135453189678
H000831,202504,4058,5102,124.11166865773382
H000832,202505,4058,5102,122.10708913917823
H000833,202506,4058,5102,115.46068686294768
H000834,202501,4059,5102,188.77435163232667
H000835,202502,4059,5102,175.88902751671742
H000836,202503,4059,5102,155.39122974406692
H000837,202504,4059,5102,142.84349691232393
H000838,202505,4059,5102,136.19275896342046
H000839,202506,4059,5102,132.3563600810551
H000840,202501,4060,5102,160.27295761526088
H000841,202502,4060,5102,146.68173438305314
H000842,202503,4060,5102,142.59611228769302
H000843,202504,4060,5102,134.996396170836
H000844,202505,4060,5102,128.5278720502282
H000845,202506,4060,5102,129.3869761862066
H000846,202501,4061,5102,192.92640983452551
H000847,202502,4061,5102,180.72072463036764
H000848,202503,4061,5102,159.12187154916566
H000849,202504,4061,5102,145.94011066714327
H000850,202505,4061,5102,142.643857817595
H000851,202506,4061,5102,134.73715788022471
H000852,202501,4062,5102,83.17337981204827
H000853,202502,4062,5102,81.54166685355416
H000854,202503,4062,5102,79.80574578100881
H000855,202504,4062,5102,78.69435020075055
H000856,202505,4062,5102,78.5012029532785
H000857,202506,4062,5102,77.28412506060386
H000858,202501,4063,5102,136.83459921598995
H000859,202502,4063,5102,123.58423549927707
H000860,202503,4063,5102,125.61237422447029
H000861,202504,4063,5102,119.4389464951543
H000862,202505,4063,5102,111.70995738820795
H000863,202506,4063,5102,108.72800878528254
H000864,202501,4064,5102,124.12145049436222
H000865,202502,4064,5102,118.55996285952092
H000866,202503,4064,5102,113.6077244981966
H000867,202504,4064,5102,106.27606687067613
H000868,202505,4064,5102,103.54153529541203
H000869,202506,4064,5102,98.0226090401112
H000870,202501,4065,5102,71.8601785914738
H000871,202502,4065,5102,69.70597565584818
H000872,202503,4065,5102,66.7988334654528
H000873,202504,4065,5102,64.18517456347242
H000874,202505,4065,5102,64.03450714439033
H000875,202506,4065,5102,62.205407700179656
H000876,202501,4066,5102,136.63716439341746
H000877,202502,4066,5102,132.9352348260832
H000878,202503,4066,5102,131.57328225886076
H000879,202504,4066,5102,120.5037462161883
H000880,202505,4066,5102,116.84602289841538
H000881,202506,4066,5102,112.52043379189391
H000882,202501,4067,5102,179.2675717454101
H000883,202502,4067,5102,169.74033311342333
H000884,202503,4067,5102,154.96743028492668
H000885,202504,4067,5102,145.0674467385945
H000886,202505,4067,5102,140.65051040162336
H000887,202506,4067,5102,134.48347637438312
H000888,202501,4068,5102,144.39948239675564
H000889,202502,4068,5102,137.8870653477512
H000890,202503,4068,5102,133.79505633378128
H000891,202504,4068,5102,125.65170999862106
H000892,202505,4068,5102,123.58413184967367
H000893,202506,4068,5102,121.765209219184
H000894,202501,4069,5102,141.3419390117541
H000895,202502,4069,5102,130.99812417425767
H000896,202503,4069,5102,128.00767633672763
H000897,202504,4069,5102,122.59413915587132
H000898,202505,4069,5102,116.14833145777745
H000899,202506,4069,5102,109.75048302901945
H000900,202501,4070,5102,181.37637808465004
H000901,202502,4070,5102,170.66267145258283
H000902,202503,4070,5102,156.29811443553004
H000903,202504,4070,5102,147.34060551254683
H000904,202505,4070,5102,142.17524294947367
H000905,202506,4070,5102,134.9418804657824
H000906,202501,4071,5102,62.533143728643026
H000907,202502,4071,5102,58.63485320748086
H000908,202503,4071,5102,56.97401136472801
H000909,202504,4071,5102,57.2386786763139
H000910,202505,4071,5102,56.43095271728713
H000911,202506,4071,5102,55.2909513226155
H000912,202501,4072,5102,151.48171922135455
H000913,202502,4072,5102,140.00582935647273
H000914,202503,4072,5102,135.24928286736986
H000915,202504,4072,5102,130.3609775597605
H000916,202505,4072,5102,124.19222697240795
H000917,202506,4072,5102,123.31870282490604
H000918,202501,4073,5102,181.38582725326552
H000919,202502,4073,5102,169.55776908903107
H000920,202503,4073,5102,155.62594056671924
H000921,202504,4073,5102,145.00352440140952
H000922,202505,4073,5102,140.26711546833326
H000923,202506,4073,5102,132.71745298119882
H000924,202501,4074,5102,179.09990859648445
H000925,202502,4074,5102,168.6089704019053
H000926,202503,4074,5102,155.67917145801866
H000927,202504,4074,5102,146.23190825819754
H000928,202505,4074,5102,141.79242606743665
H000929,202506,4074,5102,134.38451650706958
H000930,202501,4075,5102,151.27830882147038
H000931,202502,4075,5102,137.65232383725248
H000932,202503,4075,5102,132.00435189946867
H000933,202504,4075,5102,124.93507065988214
H000934,202505,4075,5102,119.60939814619319
H000935,202506,4075,5102,109.9938668116617
H000936,202501,4076,5102,241.72402762697357
H000937,202502,4076,5102,195.64235450760398
H000938,202503,4076,5102,173.1364538395157
H000939,202504,4076,5102,151.53312977098673
H000940,202505,4076,5102,136.6769479651775
H000941,202506,4076,5102,133.63336347256214
H000942,202501,4077,5102,67.4310034208689
H000943,202502,4077,5102,66.87767029658295
H000944,202503,4077,5102,64.57171276661155
H000945,202504,4077,5102,62.51720013548122
H000946,202505,4077,5102,60.040572370777575
H000947,202506,4077,5102,58.813669182504164
H000948,202501,4078,5102,102.34108189899877
H000949,202502,4078,5102,97.97253707456653
H000950,202503,4078,5102,98.27669722506721
H000951,202504,4078,5102,94.28405290766621
H000952,202505,4078,5102,90.53390354021977
H000953,202506,4078,5102,85.91405585473026
H000954,202501,4079,5102,275.97502276058117
H000955,202502,4079,5102,218.82181426909477
H000956,202503,4079,5102,203.45415401455418
H000957,202504,4079,5102,170.91562162120738
H000958,202505,4079,5102,158.36305890468083
H000959,202506,4079,5102,150.9334870440535
H002400,202501,4000,5116,144.67272058495234
H002401,202502,4000,5116,149.66982953336733
H002402,202503,4000,5116,146.33469983594946
H002403,202504,4000,5116,142.17770919764203
H002404,202505,4000,5116,145.35275415487274
H002405,202506,4000,5116,141.92818729401662
H002406,202501,4001,5116,222.75789653579994
H002407,202502,4001,5116,230.51421372718931
H002408,202503,4001,5116,232.3512594918191
H002409,202504,4001,5116,220.4790725786501
H002410,202505,4001,5116,218.67828674414272
H002411,202506,4001,5116,220.38975007263087
H002412,202501,4002,5116,49.92460810824386
H002413,202502,4002,5116,49.72944258570675
H002414,202503,4002,5116,49.609700394223694
H002415,202504,4002,5116,49.733578164734745
H002416,202505,4002,5116,49.85123039922988
H002417,202506,4002,5116,49.660549607321336
H002418,202501,4003,5116,61.944785577039966
H002419,202502,4003,5116,61.422423620505775
H002420,202503,4003,5116,62.20003838579164
H002421,202504,4003,5116,61.15963561146543
H002422,202505,4003,5116,60.188470560176924
H002423,202506,4003,5116,60.651965732742376
H002424,202501,4004,5116,118.7763644006621
H002425,202502,4004,5116,113.79497212413803
H002426,202503,4004,5116,116.525101898699
H002427,202504,4004,5116,122.9857770958119
H002428,202505,4004,5116,116.66697727566955
H002429,202506,4004,5116,116.9029198016288
H002430,202501,4005,5116,252.6270060519711
H002431,202502,4005,5116,255.07264251843418
H002432,202503,4005,5116,251.59760715241038
H002433,202504,4005,5116,237.8332288226904
H002434,202505,4005,5116,237.93531915319434
H002435,202506,4005,5116,233.61145687835412
H002436,202501,4006,5116,229.59077310880272
H002437,202502,4006,5116,229.32889800556893
H002438,202503,4006,5116,231.18578286225775
H002439,202504,4006,5116,228.27563196232194
H002440,202505,4006,5116,226.05570532960473
H002441,202506,4006,5116,226.05688950429888
H002442,202501,4007,5116,438.66482564699334
H002443,202502,4007,5116,456.0051424460601
H002444,202503,4007,5116,458.41462092261287
H002445,202504,4007,5116,440.61151655332566
H002446,202505,4007,5116,451.14338423575856
H002447,202506,4007,5116,451.681846019247
H002448,202501,4008,5116,152.69780142414513
H002449,202502,4008,5116,151.66349488750174
H002450,202503,4008,5116,153.69779903908523
H002451,202504,4008,5116,153.62281241145294
H002452,202505,4008,5116,154.42428839382157
H002453,202506,4008,5116,155.177622548321
H002454,202501,4009,5116,154.3646042182132
H002455,202502,4009,5116,155.18860261694175
H002456,202503,4009,5116,158.2371471987189
H002457,202504,4009,5116,157.36154980029602
H002458,202505,4009,5116,160.07223634651973
H002459,202506,4009,5116,161.21069125188833
H002460,202501,4010,5116,175.11684922460958
H002461,202502,4010,5116,175.82396581181973
H002462,202503,4010,5116,177.6085026949465
H002463,202504,4010,5116,174.10818195718642
H002464,202505,4010,5116,174.3551729711003
H002465,202506,4010,5116,175.72232035696086
H002466,202501,4011,5116,346.3664241579644
H002467,202502,4011,5116,347.02278347458525
H002468,202503,4011,5116,343.01459214703186
H002469,202504,4011,5116,344.4852716175512
H002470,202505,4011,5116,336.1720337553163
H002471,202506,4011,5116,335.335899221443
H002472,202501,4012,5116,176.1039196638034
H002473,202502,4012,5116,175.40026979062253
H002474,202503,4012,5116,176.57140685982176
H002475,202504,4012,5116,175.8765620438436
H002476,202505,4012,5116,174.55297891787598
H002477,202506,4012,5116,174.80846084394696
H002478,202501,4013,5116,193.20564462056421
H002479,202502,4013,5116,190.27456770023915
H002480,202503,4013,5116,191.71005867764308
H002481,202504,4013,5116,190.97658450312946
H002482,202505,4013,5116,190.3401268298536
H002483,202506,4013,5116,190.5891031324735
H002484,202501,4014,5116,277.7466905181611
H002485,202502,4014,5116,266.410905125719
H002486,202503,4014,5116,270.5649682644923
H002487,202504,4014,5116,278.01470830697997
H002488,202505,4014,5116,270.2791903122204
H002489,202506,4014,5116,273.9236905278476
H002490,202501,4015,5116,123.80510913045661
H002491,202502,4015,5116,124.15203144281989
H002492,202503,4015,5116,126.22469006990454
H002493,202504,4015,5116,121.35593627473501
H002494,202505,4015,5116,120.57242099835383
H002495,202506,4015,5116,122.30789337374352
H002496,202501,4016,5116,106.17370831464703
H002497,202502,4016,5116,109.08220072795595
H002498,202503,4016,5116,110.03227631467348
H002499,202504,4016,5116,109.89071231838885
H002500,202505,4016,5116,109.75878218042703
H002501,202506,4016,5116,111.28388439143649
H002502,202501,4017,5116,226.45324443489585
H002503,202502,4017,5116,230.29877349963053
H002504,202503,4017,5116,230.7571250868654
H002505,202504,4017,5116,221.37264300894608
H002506,202505,4017,5116,219.74110388110634
H002507,202506,4017,5116,228.90146930654907
H002508,202501,4018,5116,403.41335196825764
H002509,202502,4018,5116,409.2795590605737
H002510,202503,4018,5116,413.83051570845345
H002511,202504,4018,5116,391.02776916761167
H002512,202505,4018,5116,399.2340949269204
H002513,202506,4018,5116,404.9881692554449
H002514,202501,4019,5116,51.499709909817334
H002515,202502,4019,5116,51.522368741045085
H002516,202503,4019,5116,51.340658733901684
H002517,202504,4019,5116,51.35921174255438
H002518,202505,4019,5116,51.62019830755974
H002519,202506,4019,5116,51.384097809643656
H002520,202501,4020,5116,259.08510906484145
H002521,202502,4020,5116,257.24488571441793
H002522,202503,4020,5116,258.5086696902039
H002523,202504,4020,5116,247.9111005075729
H002524,202505,4020,5116,246.20113787907178
H002525,202506,4020,5116,249.63937853655182
H002526,202501,4021,5116,317.56045140788444
H002527,202502,4021,5116,308.2729321436681
H002528,202503,4021,5116,315.2854774073431
H002529,202504,4021,5116,311.2672371845245
H002530,202505,4021,5116,300.01541016059616
H002531,202506,4021,5116,301.0844202848519
H002532,202501,4022,5116,147.01002402561647
H002533,202502,4022,5116,143.49434878134153
H002534,202503,4022,5116,143.9022738639198
H002535,202504,4022,5116,145.56199635373576
H002536,202505,4022,5116,141.1272883082159
H002537,202506,4022,5116,141.20148197701437
H002538,202501,4023,5116,241.0350667269686
H002539,202502,4023,5116,242.97909721172533
H002540,202503,4023,5116,243.42700844878183
H002541,202504,4023,5116,245.31745308651048
H002542,202505,4023,5116,246.45607433840473
H002543,202506,4023,5116,246.84379334961318
H002544,202501,4024,5116,106.8423210404199
H002545,202502,4024,5116,108.45930522009219
H002546,202503,4024,5116,109.35715285308402
H002547,202504,4024,5116,110.3077768688846
H002548,202505,4024,5116,110.34901725842658
H002549,202506,4024,5116,110.12168668928882
H002550,202501,4025,5116,2031.2541151761986
H002551,202502,4025,5116,2031.2423853254295
H002552,202503,4025,5116,2031.1663603019692
H002553,202504,4025,5116,2031.1663603019692
H002554,202505,4025,5116,2031.1934806263423
H002555,202506,4025,5116,2031.2914744663217
H002556,202501,4026,5116,206.65894756683406
H002557,202502,4026,5116,207.09398769970772
H002558,202503,4026,5116,207.48076820824468
H002559,202504,4026,5116,210.06017613764104
H002560,202505,4026,5116,208.75402959279515
H002561,202506,4026,5116,208.64215639134386
H002562,202501,4027,5116,238.77858411362837
H002563,202502,4027,5116,239.22608450686192
H002564,202503,4027,5116,238.66645136221442
H002565,202504,4027,5116,242.35417225192876
H002566,202505,4027,5116,242.55531427302643
H002567,202506,4027,5116,242.02427431657063
H002568,202501,4028,5116,474.84868504336305
H002569,202502,4028,5116,476.11024171524105
H002570,202503,4028,5116,475.2017676522513
H002571,202504,4028,5116,464.33396873641635
H002572,202505,4028,5116,466.78017499429103
H002573,202506,4028,5116,466.69739470591327
H002574,202501,4029,5116,110.03813221307583
H002575,202502,4029,5116,109.65308806440876
H002576,202503,4029,5116,111.21931630083132
H002577,202504,4029,5116,112.20365695116638
H002578,202505,4029,5116,111.6737707182135
H002579,202506,4029,5116,112.60226348614312
H002580,202501,4030,5116,472.92265372209965
H002581,202502,4030,5116,495.80321277685493
H002582,202503,4030,5116,501.39635392633187
H002583,202504,4030,5116,534.0302787293024
H002584,202505,4030,5116,508.92389948755385
H002585,202506,4030,5116,501.0604287500651
H002586,202501,4031,5116,269.1381709904707
H002587,202502,4031,5116,268.24903131096636
H002588,202503,4031,5116,269.2406514093804
H002589,202504,4031,5116,276.7788525409279
H002590,202505,4031,5116,276.6022594344097
H002591,202506,4031,5116,277.59312573835905
H002592,202501,4032,5116,150.6444140604335
H002593,202502,4032,5116,149.2956207319089
H002594,202503,4032,5116,145.71060192481124
H002595,202504,4032,5116,146.68985852288063
H002596,202505,4032,5116,148.48878570509035
H002597,202506,4032,5116,145.997848699104
H002598,202501,4033,5116,77.817080018175
H002599,202502,4033,5116,77.85163135652955
H002600,202503,4033,5116,77.45782001760527
H002601,202504,4033,5116,76.81444598989496
H002602,202505,4033,5116,76.67401543961839
H002603,202506,4033,5116,76.13038890665017
H002604,202501,4034,5116,164.16241262107383
H002605,202502,4034,5116,164.4600431446424
H002606,202503,4034,5116,163.97456792488796
H002607,202504,4034,5116,165.49783943761022
H002608,202505,4034,5116,165.75907553922542
H002609,202506,4034,5116,165.76375658305918
H002610,202501,4035,5116,61.96462970874789
H002611,202502,4035,5116,60.3207527815701
H002612,202503,4035,5116,60.16054897887527
H002613,202504,4035,5116,58.43507645188599
H002614,202505,4035,5116,59.689827082457796
H002615,202506,4035,5116,58.71632655473757
H002616,202501,4036,5116,920.3150707154196
H002617,202502,4036,5116,928.9180188511891
H002618,202503,4036,5116,957.5760160750272
H002619,202504,4036,5116,917.9368631752131
H002620,202505,4036,5116,908.1547052443367
H002621,202506,4036,5116,932.5504824421168
H002622,202501,4037,5116,281.24874693088947
H002623,202502,4037,5116,272.19227573865226
H002624,202503,4037,5116,275.19951715515924
H002625,202504,4037,5116,278.3950459026082
H002626,202505,4037,5116,274.1172609725266
H002627,202506,4037,5116,276.47713772828956
H002628,202501,4038,5116,275.33192611846675
H002629,202502,4038,5116,267.7231553484421
H002630,202503,4038,5116,268.2111537844178
H002631,202504,4038,5116,264.379731535854
H002632,202505,4038,5116,260.7985688592575
H002633,202506,4038,5116,261.663891721652
H002634,202501,4039,5116,246.10871309107782
H002635,202502,4039,5116,248.04629970568652
H002636,202503,4039,5116,244.6438489398341
H002637,202504,4039,5116,247.97222032218806
H002638,202505,4039,5116,245.18975483918047
H002639,202506,4039,5116,245.19847669856634
H002640,202501,4040,5116,106.1199734549919
H002641,202502,4040,5116,110.2213920301063
H002642,202503,4040,5116,112.20637865219682
H002643,202504,4040,5116,112.20859078185656
H002644,202505,4040,5116,115.82670381070787
H002645,202506,4040,5116,113.89930029970208
H002646,202501,4041,5116,272.14497974012704
H002647,202502,4041,5116,266.89030902285964
H002648,202503,4041,5116,266.51823386765875
H002649,202504,4041,5116,266.1503976008693
H002650,202505,4041,5116,263.818651815803
H002651,202506,4041,5116,260.8872699409378
H002652,202501,4042,5116,433.78329113166455
H002653,202502,4042,5116,442.77759709027924
H002654,202503,4042,5116,520.19030857079
H002655,202504,4042,5116,487.1846477411532
H002656,202505,4042,5116,501.2098822644706
H002657,202506,4042,5116,520.0143072033098
H002658,202501,4043,5116,113.49349277817109
H002659,202502,4043,5116,117.19117890838767
H002660,202503,4043,5116,113.25632716158582
H002661,202504,4043,5116,113.68860922018561
H002662,202505,4043,5116,117.62555503328835
H002663,202506,4043,5116,114.72868808646044
H002664,202501,4044,5116,402.7327866024184
H002665,202502,4044,5116,411.2033511363161
H002666,202503,4044,5116,418.45057491076534
H002667,202504,4044,5116,412.6604392228799
H002668,202505,4044,5116,422.03896246965047
H002669,202506,4044,5116,432.6137514543899
H002670,202501,4045,5116,328.9951606899199
H002671,202502,4045,5116,323.6335978896435
H002672,202503,4045,5116,326.4842078391543
H002673,202504,4045,5116,334.9621025004934
H002674,202505,4045,5116,332.6748141867225
H002675,202506,4045,5116,338.06302944412715
H002676,202501,4046,5116,551.4153955152052
H002677,202502,4046,5116,543.0456602790313
H002678,202503,4046,5116,544.8343315503462
H002679,202504,4046,5116,539.1875293872451
H002680,202505,4046,5116,534.256000389023
H002681,202506,4046,5116,538.7705622787488
H002682,202501,4047,5116,391.28507126034117
H002683,202502,4047,5116,400.7183986464929
H002684,202503,4047,5116,407.40569243457855
H002685,202504,4047,5116,394.15103421628964
H002686,202505,4047,5116,395.0038920432345
H002687,202506,4047,5116,404.038591820583
H002688,202501,4048,5116,233.10460059001596
H002689,202502,4048,5116,234.42976213893212
H002690,202503,4048,5116,237.11682382051347
H002691,202504,4048,5116,237.87303772384362
H002692,202505,4048,5116,237.8959429346702
H002693,202506,4048,5116,239.3996802799432
H002694,202501,4049,5116,200.80835980157056
H002695,202502,4049,5116,202.49858785382662
H002696,202503,4049,5116,187.30276968347675
H002697,202504,4049,5116,192.61587354112743
H002698,202505,4049,5116,193.26670630340283
H002699,202506,4049,5116,183.75794585110634
H002700,202501,4050,5116,188.46240412380342
H002701,202502,4050,5116,189.94676798260807
H002702,202503,4050,5116,190.0838091888031
H002703,202504,4050,5116,189.75269152745489
H002704,202505,4050,5116,193.0862508501666
H002705,202506,4050,5116,192.3119551471995
H002706,202501,4051,5116,354.3331847308906
H002707,202502,4051,5116,354.2693314818281
H002708,202503,4051,5116,357.51551228039204
H002709,202504,4051,5116,358.90129010862665
H002710,202505,4051,5116,357.585819577224
H002711,202506,4051,5116,359.29153753999145
H002712,202501,4052,5116,450.8726800373816
H002713,202502,4052,5116,451.5430090741451
H002714,202503,4052,5116,438.98704532488784
H002715,202504,4052,5116,461.3152426967873
H002716,202505,4052,5116,458.6174445221977
H002717,202506,4052,5116,497.6847795114761
H002718,202501,4053,5116,116.7126947640735
H002719,202502,4053,5116,120.59812523718547
H002720,202503,4053,5116,122.53778722139285
H002721,202504,4053,5116,115.26232448478525
H002722,202505,4053,5116,121.08221665572881
H002723,202506,4053,5116,120.90601013577532
H002724,202501,4054,5116,156.90471763614633
H002725,202502,4054,5116,157.716121133171
H002726,202503,4054,5116,157.22377681273497
H002727,202504,4054,5116,161.3249831089004
H002728,202505,4054,5116,160.152708458987
H002729,202506,4054,5116,161.01995630317617
H002730,202501,4055,5116,794.1474691251836
H002731,202502,4055,5116,799.4950480448925
H002732,202503,4055,5116,804.0014448098334
H002733,202504,4055,5116,766.2204996308084
H002734,202505,4055,5116,702.6723817903213
H002735,202506,4055,5116,693.3586152116831
H002736,202501,4056,5116,130.66396681182013
H002737,202502,4056,5116,128.10687953031322
H002738,202503,4056,5116,130.33567723472072
H002739,202504,4056,5116,134.72539541327106
H002740,202505,4056,5116,132.52532266867195
H002741,202506,4056,5116,136.66996940040536
H002742,202501,4057,5116,57.10947760435515
H002743,202502,4057,5116,58.01295029335502
H002744,202503,4057,5116,58.578110338140775
H002745,202504,4057,5116,56.72476738752158
H002746,202505,4057,5116,55.752133796253304
H002747,202506,4057,5116,54.46845221130134
H002748,202501,4058,5116,137.79876441607183
H002749,202502,4058,5116,137.80212959019636
H002750,202503,4058,5116,138.94883246673692
H002751,202504,4058,5116,139.73206240582914
H002752,202505,4058,5116,139.01759904853606
H002753,202506,4058,5116,140.86614758004563
H002754,202501,4059,5116,276.59994106010436
H002755,202502,4059,5116,275.0606087318537
H002756,202503,4059,5116,280.24368873791434
H002757,202504,4059,5116,270.4725529206898
H002758,202505,4059,5116,265.94090711570476
H002759,202506,4059,5116,269.01547913433603
H002760,202501,4060,5116,218.54188737340857
H002761,202502,4060,5116,217.5885749454194
H002762,202503,4060,5116,214.11944548394018
H002763,202504,4060,5116,218.83016472311502
H002764,202505,4060,5116,218.29876683251302
H002765,202506,4060,5116,217.81663907853374
H002766,202501,4061,5116,231.13562221293816
H002767,202502,4061,5116,231.64421236506342
H002768,202503,4061,5116,229.54420167478958
H002769,202504,4061,5116,230.884942245228
H002770,202505,4061,5116,231.5642076695739
H002771,202506,4061,5116,232.68265770227234
H002772,202501,4062,5116,139.99076040733146
H002773,202502,4062,5116,141.01494429623224
H002774,202503,4062,5116,142.00268410742729
H002775,202504,4062,5116,139.1998429693713
H002776,202505,4062,5116,141.79758052241405
H002777,202506,4062,5116,141.29590918016737
H002778,202501,4063,5116,242.2216594233956
H002779,202502,4063,5116,243.70558780714714
H002780,202503,4063,5116,245.68787188609434
H002781,202504,4063,5116,243.97633225974394
H002782,202505,4063,5116,241.69361558531858
H002783,202506,4063,5116,244.78497249113502
H002784,202501,4064,5116,228.1788129237205
H002785,202502,4064,5116,225.09154183257382
H002786,202503,4064,5116,225.69471732966508
H002787,202504,4064,5116,224.33130684590932
H002788,202505,4064,5116,223.42396548143785
H002789,202506,4064,5116,223.1188255111771
H002790,202501,4065,5116,115.29306930419855
H002791,202502,4065,5116,115.42055213786043
H002792,202503,4065,5116,118.28711044756218
H002793,202504,4065,5116,108.4429992185223
H002794,202505,4065,5116,110.11301770057561
H002795,202506,4065,5116,114.29955785688853
H002796,202501,4066,5116,165.92889293618455
H002797,202502,4066,5116,165.7974759034165
H002798,202503,4066,5116,165.58850424723298
H002799,202504,4066,5116,175.06117564225897
H002800,202505,4066,5116,175.14521648850584
H002801,202506,4066,5116,176.14220374288337
H002802,202501,4067,5116,339.77640582444974
H002803,202502,4067,5116,336.00185506761085
H002804,202503,4067,5116,337.6242111775008
H002805,202504,4067,5116,333.33262129606027
H002806,202505,4067,5116,328.3924128889769
H002807,202506,4067,5116,320.7052561399645
H002808,202501,4068,5116,188.31715910814987
H002809,202502,4068,5116,186.30925701108293
H002810,202503,4068,5116,186.1440982538585
H002811,202504,4068,5116,188.70636396078407
H002812,202505,4068,5116,188.61347642327513
H002813,202506,4068,5116,189.94060414813683
H002814,202501,4069,5116,120.50574534878763
H002815,202502,4069,5116,117.57009549429696
H002816,202503,4069,5116,115.08309625492112
H002817,202504,4069,5116,119.59082145150138
H002818,202505,4069,5116,120.4701863417336
H002819,202506,4069,5116,117.55766578304268
H002820,202501,4070,5116,439.98814978384934
H002821,202502,4070,5116,461.56804592806094
H002822,202503,4070,5116,464.03915543335097
H002823,202504,4070,5116,453.625961822494
H002824,202505,4070,5116,464.52746912790775
H002825,202506,4070,5116,458.0361185520185
H002826,202501,4071,5116,82.49672245332712
H002827,202502,4071,5116,82.3412020892136
H002828,202503,4071,5116,83.97976224266623
H002829,202504,4071,5116,83.07953307377545
H002830,202505,4071,5116,82.5736878815254
H002831,202506,4071,5116,83.31663275623352
H002832,202501,4072,5116,163.46477960851323
H002833,202502,4072,5116,165.34839738559964
H002834,202503,4072,5116,167.02791078382577
H002835,202504,4072,5116,163.89293746798612
H002836,202505,4072,5116,163.76767221207226
H002837,202506,4072,5116,162.22248688796054
H002838,202501,4073,5116,350.3363624285172
H002839,202502,4073,5116,343.3088726142879
H002840,202503,4073,5116,336.81668422236817
H002841,202504,4073,5116,343.75961027126135
H002842,202505,4073,5116,343.95402732483495
H002843,202506,4073,5116,329.0937480960175
H002844,202501,4074,5116,181.7626577943909
H002845,202502,4074,5116,183.4136067895949
H002846,202503,4074,5116,180.7759253958314
H002847,202504,4074,5116,176.47396702619457
H002848,202505,4074,5116,177.08588021599982
H002849,202506,4074,5116,174.17891843573713
H002850,202501,4075,5116,181.97437836360322
H002851,202502,4075,5116,181.39607530103288
H002852,202503,4075,5116,184.20743470499534
H002853,202504,4075,5116,180.45191014376624
H002854,202505,4075,5116,181.4964946529298
H002855,202506,4075,5116,181.48281670272863
H002856,202501,4076,5116,652.924166558584
H002857,202502,4076,5116,652.7438041037393
H002858,202503,4076,5116,652.240777891462
H002859,202504,4076,5116,671.6666410380201
H002860,202505,4076,5116,671.2393117880106
H002861,202506,4076,5116,672.1554309652547
H002862,202501,4077,5116,62.552673384332216
H002863,202502,4077,5116,61.20617460497413
H002864,202503,4077,5116,61.0410269129669
H002865,202504,4077,5116,59.88333693605391
H002866,202505,4077,5116,59.090671468283205
H002867,202506,4077,5116,59.10057235838681
H002868,202501,4078,5116,97.15097983565343
H002869,202502,4078,5116,96.90432014413945
H002870,202503,4078,5116,96.92108068785429
H002871,202504,4078,5116,96.27076162791438
H002872,202505,4078,5116,96.02889352191171
H002873,202506,4078,5116,93.88372718358988
H002874,202501,4079,5116,857.966721947305
H002875,202502,4079,5116,856.3896577727471
H002876,202503,4079,5116,837.7778015714046
H002877,202504,4079,5116,826.4373427268562
H002878,202505,4079,5116,824.3990143753148
H002879,202506,4079,5116,819.0552651547796
H003360,202501,4000,5118,64.80013958923657
H003361,202502,4000,5118,65.1868658818867
H003362,202503,4000,5118,66.27896493060015
H003363,202504,4000,5118,64.53095715062591
H003364,202505,4000,5118,64.37436150928244
H003365,202506,4000,5118,66.04391807546955
H003366,202501,4001,5118,79.20670685971133
H003367,202502,4001,5118,76.60253353473378
H003368,202503,4001,5118,76.99481083089864
H003369,202504,4001,5118,80.95468317239828
H003370,202505,4001,5118,78.55729673229897
H003371,202506,4001,5118,78.9960558524376
H003372,202501,4002,5118,20.876906582717737
H003373,202502,4002,5118,21.05285817708961
H003374,202503,4002,5118,20.90082673092379
H003375,202504,4002,5118,21.288088188284586
H003376,202505,4002,5118,20.791922967893413
H003377,202506,4002,5118,20.659461820649028
H003378,202501,4003,5118,45.75640606397055
H003379,202502,4003,5118,45.754207056246905
H003380,202503,4003,5118,46.723347157898125
H003381,202504,4003,5118,44.55035876958107
H003382,202505,4003,5118,44.607093260813656
H003383,202506,4003,5118,44.773418470703014
H003384,202501,4004,5118,28.532438565287197
H003385,202502,4004,5118,29.033352616760297
H003386,202503,4004,5118,28.953734138985332
H003387,202504,4004,5118,28.990467085165537
H003388,202505,4004,5118,29.09252043185358
H003389,202506,4004,5118,29.06327546146725
H003390,202501,4005,5118,106.99200018529683
H003391,202502,4005,5118,107.08835894161945
H003392,202503,4005,5118,107.0874877405276
H003393,202504,4005,5118,109.78406743908327
H003394,202505,4005,5118,109.17669135864
H003395,202506,4005,5118,110.00724995882952
H003396,202501,4006,5118,94.72046152748723
H003397,202502,4006,5118,94.27743112822037
H003398,202503,4006,5118,93.30489376676792
H003399,202504,4006,5118,96.6914646534582
H003400,202505,4006,5118,95.6889676210715
H003401,202506,4006,5118,95.07780855510143
H003402,202501,4007,5118,218.4925808070042
H003403,202502,4007,5118,217.44125293356072
H003404,202503,4007,5118,214.32236672986338
H003405,202504,4007,5118,210.23001629453145
H003406,202505,4007,5118,210.73681220548653
H003407,202506,4007,5118,208.12539532014537
H003408,202501,4008,5118,55.06072725859644
H003409,202502,4008,5118,54.80339450271846
H003410,202503,4008,5118,54.591721355850275
H003411,202504,4008,5118,54.261473118348036
H003412,202505,4008,5118,54.264491987396525
H003413,202506,4008,5118,54.108645593836336
H003414,202501,4009,5118,98.24614206047283
H003415,202502,4009,5118,98.58794204715186
H003416,202503,4009,5118,96.8477587752287
H003417,202504,4009,5118,95.55700754117466
H003418,202505,4009,5118,95.7493762932001
H003419,202506,4009,5118,95.88505104518195
H003420,202501,4010,5118,59.77306211675619
H003421,202502,4010,5118,60.60265796104103
H003422,202503,4010,5118,59.30759650362185
H003423,202504,4010,5118,59.972060584465524
H003424,202505,4010,5118,59.99992243920849
H003425,202506,4010,5118,59.309068821743224
H003426,202501,4011,5118,116.61873003259232
H003427,202502,4011,5118,118.07601309327401
H003428,202503,4011,5118,116.87381480781173
H003429,202504,4011,5118,116.03176356406124
H003430,202505,4011,5118,116.11272725091378
H003431,202506,4011,5118,116.31282579841421
H003432,202501,4012,5118,63.46587927785199
H003433,202502,4012,5118,62.68720027113631
H003434,202503,4012,5118,62.346791070262356
H003435,202504,4012,5118,64.16552491507734
H003436,202505,4012,5118,62.44439093509401
H003437,202506,4012,5118,62.65003694453455
H003438,202501,4013,5118,130.0504158994227
H003439,202502,4013,5118,132.53973853751512
H003440,202503,4013,5118,126.31669311282582
H003441,202504,4013,5118,128.80358284545648
H003442,202505,4013,5118,128.41588752710172
H003443,202506,4013,5118,126.08216640221062
H003444,202501,4014,5118,89.34300696092244
H003445,202502,4014,5118,89.56315232000102
H003446,202503,4014,5118,88.97347250578588
H003447,202504,4014,5118,89.20498647931122
H003448,202505,4014,5118,88.8856372246335
H003449,202506,4014,5118,88.22210217917181
H003450,202501,4015,5118,47.980204317982874
H003451,202502,4015,5118,49.07722942130968
H003452,202503,4015,5118,47.787893711343486
H003453,202504,4015,5118,48.82739314561852
H003454,202505,4015,5118,48.22339000171622
H003455,202506,4015,5118,48.87215528442318
H003456,202501,4016,5118,43.52285037496024
H003457,202502,4016,5118,43.55259028010988
H003458,202503,4016,5118,43.33431558474555
H003459,202504,4016,5118,41.926087862772285
H003460,202505,4016,5118,41.82715461164927
H003461,202506,4016,5118,41.785946963522115
H003462,202501,4017,5118,75.20472337672979
H003463,202502,4017,5118,75.38501610869798
H003464,202503,4017,5118,76.0279900172301
H003465,202504,4017,5118,73.83356524670846
H003466,202505,4017,5118,74.003883510567
H003467,202506,4017,5118,75.00630045783082
H003468,202501,4018,5118,120.22784458431303
H003469,202502,4018,5118,119.71463123831357
H003470,202503,4018,5118,118.65134077110432
H003471,202504,4018,5118,118.82676040586402
H003472,202505,4018,5118,118.32403520444821
H003473,202506,4018,5118,118.36566362551457
H003474,202501,4019,5118,22.47482310939979
H003475,202502,4019,5118,22.61633524888064
H003476,202503,4019,5118,22.95000258285829
H003477,202504,4019,5118,22.473784543517983
H003478,202505,4019,5118,22.48694722849076
H003479,202506,4019,5118,22.36482432267401
H003480,202501,4020,5118,130.02113575362927
H003481,202502,4020,5118,136.0486248932045
H003482,202503,4020,5118,136.6881935836952
H003483,202504,4020,5118,125.55097801333244
H003484,202505,4020,5118,127.2793215737145
H003485,202506,4020,5118,130.11638405144174
H003486,202501,4021,5118,141.26076192760902
H003487,202502,4021,5118,140.57025066474608
H003488,202503,4021,5118,138.19269965401818
H003489,202504,4021,5118,133.08093281037398
H003490,202505,4021,5118,130.8427803793131
H003491,202506,4021,5118,128.73382539212264
H003492,202501,4022,5118,88.74506908956958
H003493,202502,4022,5118,89.61262406125869
H003494,202503,4022,5118,87.87270574913352
H003495,202504,4022,5118,84.47243227445507
H003496,202505,4022,5118,84.49141384013382
H003497,202506,4022,5118,84.77060829184015
H003498,202501,4023,5118,95.24491344244973
H003499,202502,4023,5118,95.5956942374928
H003500,202503,4023,5118,94.15574817791126
H003501,202504,4023,5118,90.5346301435268
H003502,202505,4023,5118,90.01789586230682
H003503,202506,4023,5118,90.31266033910644
H003504,202501,4024,5118,40.94765346689102
H003505,202502,4024,5118,41.50780963805851
H003506,202503,4024,5118,40.75287685368296
H003507,202504,4024,5118,41.33094383019688
H003508,202505,4024,5118,41.49571008909423
H003509,202506,4024,5118,41.27281983953672
H003510,202501,4025,5118,580.1652415095972
H003511,202502,4025,5118,591.4726192554098
H003512,202503,4025,5118,607.8314517945771
H003513,202504,4025,5118,616.3172111117216
H003514,202505,4025,5118,615.2305855899344
H003515,202506,4025,5118,616.3763983202365
H003516,202501,4026,5118,73.05942181012772
H003517,202502,4026,5118,72.34184791921827
H003518,202503,4026,5118,73.1033802636195
H003519,202504,4026,5118,72.16726758832387
H003520,202505,4026,5118,71.13870139800747
H003521,202506,4026,5118,72.08987255873792
H003522,202501,4027,5118,159.18233812716826
H003523,202502,4027,5118,156.6014939015513
H003524,202503,4027,5118,152.86308591654836
H003525,202504,4027,5118,147.6133080418501
H003526,202505,4027,5118,150.3030420747147
H003527,202506,4027,5118,148.1197547666453
H003528,202501,4028,5118,167.52620311067162
H003529,202502,4028,5118,177.82226636150193
H003530,202503,4028,5118,179.74263459766996
H003531,202504,4028,5118,168.14035912662362
H003532,202505,4028,5118,172.79323734068743
H003533,202506,4028,5118,175.44721895185745
H003534,202501,4029,5118,46.209665371154024
H003535,202502,4029,5118,46.378931751565084
H003536,202503,4029,5118,46.14936203883184
H003537,202504,4029,5118,44.10570119293051
H003538,202505,4029,5118,44.606687018364134
H003539,202506,4029,5118,43.798769779544934
H003540,202501,4030,5118,132.43578478235892
H003541,202502,4030,5118,131.26437635700165
H003542,202503,4030,5118,131.70844029599132
H003543,202504,4030,5118,132.35118953372537
H003544,202505,4030,5118,129.05409776856987
H003545,202506,4030,5118,129.16684630483
H003546,202501,4031,5118,105.70437703045863
H003547,202502,4031,5118,105.38665303390043
H003548,202503,4031,5118,101.042752242289
H003549,202504,4031,5118,98.28528528630251
H003550,202505,4031,5118,98.5019777523895
H003551,202506,4031,5118,95.5329859446447
H003552,202501,4032,5118,60.39035140730325
H003553,202502,4032,5118,61.618482691721724
H003554,202503,4032,5118,60.304990582630026
H003555,202504,4032,5118,60.099390298066766
H003556,202505,4032,5118,59.48019438190509
H003557,202506,4032,5118,58.90958942932414
H003558,202501,4033,5118,32.303628334520916
H003559,202502,4033,5118,32.82894795028655
H003560,202503,4033,5118,32.934534883552566
H003561,202504,4033,5118,32.081410961742094
H003562,202505,4033,5118,32.01220089990452
H003563,202506,4033,5118,32.129360059145775
H003564,202501,4034,5118,40.20368044995918
H003565,202502,4034,5118,40.272656322517086
H003566,202503,4034,5118,40.560298832532126
H003567,202504,4034,5118,40.084714475958926
H003568,202505,4034,5118,40.21058575660637
H003569,202506,4034,5118,40.11392644189724
H003570,202501,4035,5118,28.525353621247238
H003571,202502,4035,5118,28.487933572743835
H003572,202503,4035,5118,28.76063277132056
H003573,202504,4035,5118,28.658923034390238
H003574,202505,4035,5118,28.393042120167085
H003575,202506,4035,5118,28.70502823370753
H003576,202501,4036,5118,222.15559780851555
H003577,202502,4036,5118,220.2262766443981
H003578,202503,4036,5118,211.372842196866
H003579,202504,4036,5118,217.29555610512526
H003580,202505,4036,5118,218.65035434044935
H003581,202506,4036,5118,210.52200582614313
H003582,202501,4037,5118,186.02879022037317
H003583,202502,4037,5118,182.2496977062717
H003584,202503,4037,5118,178.38936183542305
H003585,202504,4037,5118,175.2403344562623
H003586,202505,4037,5118,177.20867755927932
H003587,202506,4037,5118,178.36135006380283
H003588,202501,4038,5118,115.47081915339093
H003589,202502,4038,5118,118.2496288954021
H003590,202503,4038,5118,115.93358145061669
H003591,202504,4038,5118,116.073682332088
H003592,202505,4038,5118,117.85196219085257
H003593,202506,4038,5118,116.39133118324453
H003594,202501,4039,5118,176.2092515115975
H003595,202502,4039,5118,186.79001453598974
H003596,202503,4039,5118,186.48766668622528
H003597,202504,4039,5118,183.40465786043222
H003598,202505,4039,5118,184.8261205064263
H003599,202506,4039,5118,186.53668352061212
H003600,202501,4040,5118,43.47397663072325
H003601,202502,4040,5118,43.28218389333449
H003602,202503,4040,5118,43.147096143908726
H003603,202504,4040,5118,41.074091283831784
H003604,202505,4040,5118,40.731078282518986
H003605,202506,4040,5118,40.74803210422504
H003606,202501,4041,5118,99.89293296925855
H003607,202502,4041,5118,98.63131869394513
H003608,202503,4041,5118,101.14352535429828
H003609,202504,4041,5118,101.94614973414623
H003610,202505,4041,5118,101.23791123367474
H003611,202506,4041,5118,104.12391119994038
H003612,202501,4042,5118,155.2390926695613
H003613,202502,4042,5118,146.70198094079794
H003614,202503,4042,5118,147.4877676175798
H003615,202504,4042,5118,143.58851567625524
H003616,202505,4042,5118,139.9955826058364
H003617,202506,4042,5118,139.33123652210116
H003618,202501,4043,5118,41.93171837403929
H003619,202502,4043,5118,42.495389941807005
H003620,202503,4043,5118,43.54391455552584
H003621,202504,4043,5118,42.809235265826686
H003622,202505,4043,5118,44.419685974117534
H003623,202506,4043,5118,43.49412821132469
H003624,202501,4044,5118,215.98405516791996
H003625,202502,4044,5118,217.54452154588995
H003626,202503,4044,5118,221.06518796172378
H003627,202504,4044,5118,213.86332594706494
H003628,202505,4044,5118,214.31235540698816
H003629,202506,4044,5118,218.56051479606418
H003630,202501,4045,5118,199.48918849849807
H003631,202502,4045,5118,203.4104905480745
H003632,202503,4045,5118,201.83269414140122
H003633,202504,4045,5118,216.14819724629024
H003634,202505,4045,5118,220.8504276829947
H003635,202506,4045,5118,220.3059264555927
H003636,202501,4046,5118,336.7724681856411
H003637,202502,4046,5118,324.9487003749807
H003638,202503,4046,5118,318.8083234540535
H003639,202504,4046,5118,321.35926577117567
H003640,202505,4046,5118,324.8879344328886
H003641,202506,4046,5118,324.4436888306419
H003642,202501,4047,5118,342.56559529002396
H003643,202502,4047,5118,346.56207284074685
H003644,202503,4047,5118,327.624299331019
H003645,202504,4047,5118,314.68965644592055
H003646,202505,4047,5118,322.55288379326885
H003647,202506,4047,5118,318.33856174915394
H003648,202501,4048,5118,84.69832266373786
H003649,202502,4048,5118,84.52224766598945
H003650,202503,4048,5118,84.27940614379347
H003651,202504,4048,5118,81.82715032786518
H003652,202505,4048,5118,82.28889292446065
H003653,202506,4048,5118,81.92257375215354
H003654,202501,4049,5118,68.66247964377708
H003655,202502,4049,5118,68.31525049513849
H003656,202503,4049,5118,69.19898643940058
H003657,202504,4049,5118,66.30498237784984
H003658,202505,4049,5118,65.43644918393589
H003659,202506,4049,5118,67.49119946154465
H003660,202501,4050,5118,88.14712670740379
H003661,202502,4050,5118,89.31672137718964
H003662,202503,4050,5118,87.56086942791643
H003663,202504,4050,5118,87.3094751397012
H003664,202505,4050,5118,86.91468041884664
H003665,202506,4050,5118,86.89960659548004
H003666,202501,4051,5118,176.21845059904282
H003667,202502,4051,5118,176.5439832215653
H003668,202503,4051,5118,174.926629634841
H003669,202504,4051,5118,172.84966095433626
H003670,202505,4051,5118,171.412980029852
H003671,202506,4051,5118,171.03354756388882
H003672,202501,4052,5118,237.70474723470616
H003673,202502,4052,5118,245.74888125861585
H003674,202503,4052,5118,244.18546965267672
H003675,202504,4052,5118,247.4523044374016
H003676,202505,4052,5118,248.8541213571218
H003677,202506,4052,5118,253.13255702441265
H003678,202501,4053,5118,38.33269232695408
H003679,202502,4053,5118,39.35072961552416
H003680,202503,4053,5118,40.11184117117272
H003681,202504,4053,5118,39.11280195084063
H003682,202505,4053,5118,39.641096678375106
H003683,202506,4053,5118,39.190249324337984
H003684,202501,4054,5118,61.89938310996902
H003685,202502,4054,5118,61.8644015805483
H003686,202503,4054,5118,63.15562838232015
H003687,202504,4054,5118,60.23197583641536
H003688,202505,4054,5118,59.99016315515728
H003689,202506,4054,5118,61.44558964892976
H003690,202501,4055,5118,376.33889861456663
H003691,202502,4055,5118,370.64535653566304
H003692,202503,4055,5118,362.9186100600565
H003693,202504,4055,5118,367.21822053917816
H003694,202505,4055,5118,367.3321802813497
H003695,202506,4055,5118,363.7410468717174
H003696,202501,4056,5118,41.455269952626324
H003697,202502,4056,5118,41.463202732630016
H003698,202503,4056,5118,41.37023870275665
H003699,202504,4056,5118,41.91118161691316
H003700,202505,4056,5118,41.76819044708039
H003701,202506,4056,5118,41.73430356883951
H003702,202501,4057,5118,25.39427089331868
H003703,202502,4057,5118,25.3736809133474
H003704,202503,4057,5118,25.544569179651592
H003705,202504,4057,5118,25.76348778673071
H003706,202505,4057,5118,25.41188435763765
H003707,202506,4057,5118,25.64086708860406
H003708,202501,4058,5118,51.148800094268985
H003709,202502,4058,5118,51.29696449635663
H003710,202503,4058,5118,54.146040055254886
H003711,202504,4058,5118,51.901285707040685
H003712,202505,4058,5118,52.63430258222186
H003713,202506,4058,5118,54.397137961306285
H003714,202501,4059,5118,148.34231910042558
H003715,202502,4059,5118,145.43815795065908
H003716,202503,4059,5118,142.88837539833543
H003717,202504,4059,5118,145.14100661512106
H003718,202505,4059,5118,144.11905704433508
H003719,202506,4059,5118,141.04967942147547
H003720,202501,4060,5118,61.88475546344452
H003721,202502,4060,5118,62.35474364635827
H003722,202503,4060,5118,61.94318874684556
H003723,202504,4060,5118,62.90689718856113
H003724,202505,4060,5118,63.666028269337886
H003725,202506,4060,5118,63.23303880007775
H003726,202501,4061,5118,131.3844613401221
H003727,202502,4061,5118,134.1492529161651
H003728,202503,4061,5118,130.4682293945926
H003729,202504,4061,5118,128.6733266323032
H003730,202505,4061,5118,128.15770984969762
H003731,202506,4061,5118,129.13001252278622
H003732,202501,4062,5118,63.128874679205985
H003733,202502,4062,5118,63.16662365958011
H003734,202503,4062,5118,63.089975252794375
H003735,202504,4062,5118,62.80126605012234
H003736,202505,4062,5118,62.400181338405545
H003737,202506,4062,5118,62.386177728660215
H003738,202501,4063,5118,98.58503805299951
H003739,202502,4063,5118,99.56537796201646
H003740,202503,4063,5118,97.83852707605256
H003741,202504,4063,5118,99.81159050194591
H003742,202505,4063,5118,99.34179067855949
H003743,202506,4063,5118,99.9189198543199
H003744,202501,4064,5118,40.08551973820679
H003745,202502,4064,5118,40.649708128272216
H003746,202503,4064,5118,40.54733883900473
H003747,202504,4064,5118,40.55120470657797
H003748,202505,4064,5118,40.76834568206746
H003749,202506,4064,5118,40.63979346525272
H003750,202501,4065,5118,28.394550063514647
H003751,202502,4065,5118,28.39155482462636
H003752,202503,4065,5118,28.37018836211985
H003753,202504,4065,5118,28.768487598149857
H003754,202505,4065,5118,28.652952932024487
H003755,202506,4065,5118,28.530054246877736
H003756,202501,4066,5118,90.3614193792371
H003757,202502,4066,5118,88.23625138307945
H003758,202503,4066,5118,86.50501261962282
H003759,202504,4066,5118,88.70816105448507
H003760,202505,4066,5118,88.52183993060856
H003761,202506,4066,5118,87.38345250897869
H003762,202501,4067,5118,103.54108885625966
H003763,202502,4067,5118,104.52524188700254
H003764,202503,4067,5118,105.38536618669872
H003765,202504,4067,5118,103.50251280856284
H003766,202505,4067,5118,104.15607916788
H003767,202506,4067,5118,104.72137797741658
H003768,202501,4068,5118,47.436679978501935
H003769,202502,4068,5118,46.11792821110042
H003770,202503,4068,5118,44.56244798896008
H003771,202504,4068,5118,45.856624095011675
H003772,202505,4068,5118,45.03156446568303
H003773,202506,4068,5118,44.05833004936381
H003774,202501,4069,5118,66.36333243895267
H003775,202502,4069,5118,66.18991177930963
H003776,202503,4069,5118,65.80502965077834
H003777,202504,4069,5118,66.13394697689989
H003778,202505,4069,5118,66.2294270210032
H003779,202506,4069,5118,65.82599113918957
H003780,202501,4070,5118,129.02243771755022
H003781,202502,4070,5118,129.50727850143772
H003782,202503,4070,5118,129.0605730245025
H003783,202504,4070,5118,127.33594528641775
H003784,202505,4070,5118,128.0758380837368
H003785,202506,4070,5118,128.33889212322117
H003786,202501,4071,5118,49.01326711589119
H003787,202502,4071,5118,48.658245787012575
H003788,202503,4071,5118,48.605182743480114
H003789,202504,4071,5118,48.97335248507132
H003790,202505,4071,5118,48.349124180172204
H003791,202506,4071,5118,48.7822369371641
H003792,202501,4072,5118,55.261150906034146
H003793,202502,4072,5118,54.31887289831273
H003794,202503,4072,5118,54.669150134323964
H003795,202504,4072,5118,55.23270616358308
H003796,202505,4072,5118,54.619163622362024
H003797,202506,4072,5118,55.41368773047603
H003798,202501,4073,5118,93.33587205266343
H003799,202502,4073,5118,89.92829678334309
H003800,202503,4073,5118,88.43171101281577
H003801,202504,4073,5118,90.29608577388633
H003802,202505,4073,5118,89.8987904502746
H003803,202506,4073,5118,90.04494207521225
H003804,202501,4074,5118,124.86736169443957
H003805,202502,4074,5118,125.00562521723717
H003806,202503,4074,5118,123.56617053685228
H003807,202504,4074,5118,119.30795050946443
H003808,202505,4074,5118,118.23372127929684
H003809,202506,4074,5118,119.37970497615366
H003810,202501,4075,5118,74.04021277152378
H003811,202502,4075,5118,72.0480831266182
H003812,202503,4075,5118,72.3959959629227
H003813,202504,4075,5118,72.90092745555648
H003814,202505,4075,5118,71.79764688658416
H003815,202506,4075,5118,71.75176273646032
H003816,202501,4076,5118,185.75090881523175
H003817,202502,4076,5118,183.10214278705186
H003818,202503,4076,5118,181.5442425852215
H003819,202504,4076,5118,184.0227905116576
H003820,202505,4076,5118,188.61837468724323
H003821,202506,4076,5118,186.2645031661265
H003822,202501,4077,5118,29.05078544683883
H003823,202502,4077,5118,29.164425454064936
H003824,202503,4077,5118,29.37759925240352
H003825,202504,4077,5118,29.79914324037756
H003826,202505,4077,5118,29.752501325808872
H003827,202506,4077,5118,29.57746116368256
H003828,202501,4078,5118,45.42463908635715
H003829,202502,4078,5118,44.86588672877947
H003830,202503,4078,5118,43.428372541196865
H003831,202504,4078,5118,45.9006317466019
H003832,202505,4078,5118,44.21086828992327
H003833,202506,4078,5118,43.467187855400304
H003834,202501,4079,5118,241.37743738194985
H003835,202502,4079,5118,238.1698726702523
H003836,202503,4079,5118,223.6970468878966
H003837,202504,4079,5118,208.26238132579073
H003838,202505,4079,5118,209.41479822004274
H003839,202506,4079,5118,202.63476050208263
H002880,202501,4000,5117,74.84369220615085
H002881,202502,4000,5117,73.12944231116498
H002882,202503,4000,5117,70.60976614741915
H002883,202504,4000,5117,68.16686520086607
H002884,202505,4000,5117,65.81082759624327
H002885,202506,4000,5117,60.47962967907729
H002886,202501,4001,5117,82.72009787984588
H002887,202502,4001,5117,82.1123997962741
H002888,202503,4001,5117,81.46700422421699
H002889,202504,4001,5117,78.2555914061785
H002890,202505,4001,5117,71.72360899852256
H002891,202506,4001,5117,71.27525351712163
H002892,202501,4002,5117,30.632705064427967
H002893,202502,4002,5117,31.003381674545423
H002894,202503,4002,5117,32.026190690784
H002895,202504,4002,5117,32.85318663474011
H002896,202505,4002,5117,32.322474796647064
H002897,202506,4002,5117,32.83928007501532
H002898,202501,4003,5117,48.868570860539336
H002899,202502,4003,5117,46.904730334245784
H002900,202503,4003,5117,46.33635968328774
H002901,202504,4003,5117,45.911692058744194
H002902,202505,4003,5117,45.73153168031061
H002903,202506,4003,5117,45.04495348799346
H002904,202501,4004,5117,71.79228687121758
H002905,202502,4004,5117,64.39527136252364
H002906,202503,4004,5117,62.55871493585734
H002907,202504,4004,5117,61.667597622383404
H002908,202505,4004,5117,59.7896725255764
H002909,202506,4004,5117,59.842928006173565
H002910,202501,4005,5117,100.52152694910518
H002911,202502,4005,5117,92.17506602993905
H002912,202503,4005,5117,92.55205224804844
H002913,202504,4005,5117,87.26568338058313
H002914,202505,4005,5117,86.56888096162257
H002915,202506,4005,5117,86.2368236969358
H002916,202501,4006,5117,80.98373396491314
H002917,202502,4006,5117,80.02846793148466
H002918,202503,4006,5117,78.84477306887977
H002919,202504,4006,5117,78.11699406461318
H002920,202505,4006,5117,71.5460832835856
H002921,202506,4006,5117,71.15974747753037
H002922,202501,4007,5117,157.50074545901916
H002923,202502,4007,5117,145.38915014879126
H002924,202503,4007,5117,141.8183790837177
H002925,202504,4007,5117,122.00094050434411
H002926,202505,4007,5117,117.83290046392752
H002927,202506,4007,5117,118.73934894849717
H002928,202501,4008,5117,62.26493713938144
H002929,202502,4008,5117,61.512470333253496
H002930,202503,4008,5117,60.34484180544971
H002931,202504,4008,5117,59.894586282567055
H002932,202505,4008,5117,59.146020256861654
H002933,202506,4008,5117,59.32641711444129
H002934,202501,4009,5117,83.38441843491306
H002935,202502,4009,5117,82.08762653408553
H002936,202503,4009,5117,81.47559227780071
H002937,202504,4009,5117,78.68416433351224
H002938,202505,4009,5117,77.62239837819978
H002939,202506,4009,5117,71.85353098401261
H002940,202501,4010,5117,77.51712604713894
H002941,202502,4010,5117,72.73000613425626
H002942,202503,4010,5117,71.33869596678392
H002943,202504,4010,5117,68.04944671342368
H002944,202505,4010,5117,62.95032537880083
H002945,202506,4010,5117,61.65249787789951
H002946,202501,4011,5117,93.28124224314458
H002947,202502,4011,5117,87.62461695690715
H002948,202503,4011,5117,87.56745745729533
H002949,202504,4011,5117,81.85437843675369
H002950,202505,4011,5117,80.60130553846821
H002951,202506,4011,5117,80.52081622864476
H002952,202501,4012,5117,89.16564734430459
H002953,202502,4012,5117,84.99395203411224
H002954,202503,4012,5117,84.42052160086058
H002955,202504,4012,5117,81.33369935071724
H002956,202505,4012,5117,81.13217911186652
H002957,202506,4012,5117,81.45761909849838
H002958,202501,4013,5117,106.96001707207716
H002959,202502,4013,5117,98.55880168554286
H002960,202503,4013,5117,98.70031561187955
H002961,202504,4013,5117,92.97533688037434
H002962,202505,4013,5117,93.30188839834125
H002963,202506,4013,5117,93.87540599365424
H002964,202501,4014,5117,83.620200984701
H002965,202502,4014,5117,82.25165509983087
H002966,202503,4014,5117,81.4831595073213
H002967,202504,4014,5117,79.08140303225414
H002968,202505,4014,5117,78.44747582959329
H002969,202506,4014,5117,77.71698409023796
H002970,202501,4015,5117,66.27696589976661
H002971,202502,4015,5117,63.154001876108836
H002972,202503,4015,5117,61.06662425367523
H002973,202504,4015,5117,59.46062763835048
H002974,202505,4015,5117,59.331597625980365
H002975,202506,4015,5117,58.568581772967356
H002976,202501,4016,5117,76.49838027325967
H002977,202502,4016,5117,73.78488087982532
H002978,202503,4016,5117,71.87976107819846
H002979,202504,4016,5117,68.37941176334313
H002980,202505,4016,5117,67.88217226697093
H002981,202506,4016,5117,63.427015852808445
H002982,202501,4017,5117,82.22253728274893
H002983,202502,4017,5117,80.94548695631441
H002984,202503,4017,5117,80.7657054275683
H002985,202504,4017,5117,77.7904535451846
H002986,202505,4017,5117,71.66502991575933
H002987,202506,4017,5117,71.6417541269587
H002988,202501,4018,5117,122.2197625875861
H002989,202502,4018,5117,109.61235704902339
H002990,202503,4018,5117,109.55356988021178
H002991,202504,4018,5117,103.44454523632314
H002992,202505,4018,5117,101.23886333958959
H002993,202506,4018,5117,102.00456756176622
H002994,202501,4019,5117,32.02008406174449
H002995,202502,4019,5117,31.959296616661103
H002996,202503,4019,5117,31.536571650339337
H002997,202504,4019,5117,33.01252277532139
H002998,202505,4019,5117,33.20322219995903
H002999,202506,4019,5117,32.43730980987398
H003000,202501,4020,5117,115.08507138566574
H003001,202502,4020,5117,106.69329226489853
H003002,202503,4020,5117,107.25814829823948
H003003,202504,4020,5117,100.92411070244134
H003004,202505,4020,5117,99.16944300055081
H003005,202506,4020,5117,101.25618274248816
H003006,202501,4021,5117,88.96631571450177
H003007,202502,4021,5117,84.96846633834744
H003008,202503,4021,5117,84.62843445325575
H003009,202504,4021,5117,80.66207502150567
H003010,202505,4021,5117,80.83287294878086
H003011,202506,4021,5117,81.06121217176796
H003012,202501,4022,5117,79.39759099183331
H003013,202502,4022,5117,79.0676901418561
H003014,202503,4022,5117,78.17034022376865
H003015,202504,4022,5117,70.63705979774276
H003016,202505,4022,5117,71.23302993203475
H003017,202506,4022,5117,68.83786914128903
H003018,202501,4023,5117,96.50250735070914
H003019,202502,4023,5117,89.22672137301412
H003020,202503,4023,5117,88.88065992432325
H003021,202504,4023,5117,86.19029014199593
H003022,202505,4023,5117,85.04237377447532
H003023,202506,4023,5117,85.28637315445128
H003024,202501,4024,5117,63.26517748905003
H003025,202502,4024,5117,60.21116292307456
H003026,202503,4024,5117,59.67832518558365
H003027,202504,4024,5117,59.07094799212151
H003028,202505,4024,5117,58.21908919880296
H003029,202506,4024,5117,58.50628141741302
H003030,202501,4025,5117,446.00706427597083
H003031,202502,4025,5117,418.06736879418133
H003032,202503,4025,5117,313.04381869926624
H003033,202504,4025,5117,256.0493882552494
H003034,202505,4025,5117,243.0852086249665
H003035,202506,4025,5117,232.55956760479654
H003036,202501,4026,5117,74.23429739411723
H003037,202502,4026,5117,72.53081513640319
H003038,202503,4026,5117,70.40198689042428
H003039,202504,4026,5117,67.09982278698111
H003040,202505,4026,5117,61.69545208212539
H003041,202506,4026,5117,59.87373047987415
H003042,202501,4027,5117,106.94877522410358
H003043,202502,4027,5117,98.06570931975979
H003044,202503,4027,5117,98.28387604029984
H003045,202504,4027,5117,93.41268706085853
H003046,202505,4027,5117,93.19402338673135
H003047,202506,4027,5117,94.10521155839017
H003048,202501,4028,5117,115.83713747559646
H003049,202502,4028,5117,107.78273373233442
H003050,202503,4028,5117,107.95096945323152
H003051,202504,4028,5117,101.30755095371721
H003052,202505,4028,5117,99.07326607183543
H003053,202506,4028,5117,100.07034210676125
H003054,202501,4029,5117,69.02048120842086
H003055,202502,4029,5117,69.89192317821582
H003056,202503,4029,5117,69.8008558660231
H003057,202504,4029,5117,63.877702821475005
H003058,202505,4029,5117,61.765424328325885
H003059,202506,4029,5117,60.017067467914
H003060,202501,4030,5117,112.3541718897608
H003061,202502,4030,5117,103.38075125427035
H003062,202503,4030,5117,103.10674338358662
H003063,202504,4030,5117,100.41910263559984
H003064,202505,4030,5117,98.52730266618386
H003065,202506,4030,5117,99.49751888028209
H003066,202501,4031,5117,94.75642965692538
H003067,202502,4031,5117,88.89580910312696
H003068,202503,4031,5117,88.8872522863183
H003069,202504,4031,5117,83.00779995160187
H003070,202505,4031,5117,82.41919382854081
H003071,202506,4031,5117,82.05586767739145
H003072,202501,4032,5117,73.22858657811334
H003073,202502,4032,5117,71.10190760415104
H003074,202503,4032,5117,70.59209781575989
H003075,202504,4032,5117,66.73800801411967
H003076,202505,4032,5117,62.203016366921375
H003077,202506,4032,5117,61.504955871514895
H003078,202501,4033,5117,56.626596864650445
H003079,202502,4033,5117,57.43004273792938
H003080,202503,4033,5117,57.78367081268203
H003081,202504,4033,5117,58.897938775780126
H003082,202505,4033,5117,59.298259858692816
H003083,202506,4033,5117,58.911143325999056
H003084,202501,4034,5117,83.23821253549679
H003085,202502,4034,5117,81.3157006771608
H003086,202503,4034,5117,80.9163446441025
H003087,202504,4034,5117,78.21375794031862
H003088,202505,4034,5117,71.79881801515752
H003089,202506,4034,5117,71.8697241498009
H003090,202501,4035,5117,66.74733167078087
H003091,202502,4035,5117,62.8145893686259
H003092,202503,4035,5117,62.80004126265206
H003093,202504,4035,5117,61.41576386994201
H003094,202505,4035,5117,60.38324645647087
H003095,202506,4035,5117,61.450091937370416
H003096,202501,4036,5117,147.27883991133896
H003097,202502,4036,5117,135.3791696150382
H003098,202503,4036,5117,130.40175044634697
H003099,202504,4036,5117,115.93637208053312
H003100,202505,4036,5117,115.11594586578398
H003101,202506,4036,5117,114.5081004088052
H003102,202501,4037,5117,98.5765780501687
H003103,202502,4037,5117,92.49389995255967
H003104,202503,4037,5117,92.2382444996004
H003105,202504,4037,5117,86.91334821877734
H003106,202505,4037,5117,86.10548114274458
H003107,202506,4037,5117,86.19370140570237
H003108,202501,4038,5117,117.15249990509102
H003109,202502,4038,5117,107.75457550427375
H003110,202503,4038,5117,108.40321901108601
H003111,202504,4038,5117,101.40419468632646
H003112,202505,4038,5117,99.4674297874357
H003113,202506,4038,5117,100.1074930321917
H003114,202501,4039,5117,121.74047642445568
H003115,202502,4039,5117,110.29387534542143
H003116,202503,4039,5117,108.38183038278176
H003117,202504,4039,5117,103.64163034876282
H003118,202505,4039,5117,103.78954215806759
H003119,202506,4039,5117,102.53959374946028
H003120,202501,4040,5117,80.57830111651865
H003121,202502,4040,5117,79.48499875230094
H003122,202503,4040,5117,79.08866392398679
H003123,202504,4040,5117,77.84103365212141
H003124,202505,4040,5117,72.34079986534412
H003125,202506,4040,5117,72.67396151615482
H003126,202501,4041,5117,83.58255935614172
H003127,202502,4041,5117,82.41078652935582
H003128,202503,4041,5117,82.25758373472603
H003129,202504,4041,5117,79.15919478788163
H003130,202505,4041,5117,79.0786878440885
H003131,202506,4041,5117,78.5733750507076
H003132,202501,4042,5117,192.1005346375924
H003133,202502,4042,5117,183.13787036366986
H003134,202503,4042,5117,163.06066027961356
H003135,202504,4042,5117,133.32113460992608
H003136,202505,4042,5117,126.22390583761903
H003137,202506,4042,5117,124.06278628699873
H003138,202501,4043,5117,49.72780385116694
H003139,202502,4043,5117,49.76709372655563
H003140,202503,4043,5117,48.50013305709664
H003141,202504,4043,5117,47.616753415516925
H003142,202505,4043,5117,47.86898616750853
H003143,202506,4043,5117,48.08058163181359
H003144,202501,4044,5117,119.13289612312042
H003145,202502,4044,5117,107.65543997553196
H003146,202503,4044,5117,109.85786310439354
H003147,202504,4044,5117,103.94147887539704
H003148,202505,4044,5117,101.64161961669888
H003149,202506,4044,5117,100.24721176081933
H003150,202501,4045,5117,117.02420771107752
H003151,202502,4045,5117,109.34258718441615
H003152,202503,4045,5117,109.53254340940374
H003153,202504,4045,5117,103.40475903666848
H003154,202505,4045,5117,101.53898217943136
H003155,202506,4045,5117,101.9043009555378
H003156,202501,4046,5117,137.02508095175827
H003157,202502,4046,5117,129.3103143206523
H003158,202503,4046,5117,123.64437161547635
H003159,202504,4046,5117,110.00573969112894
H003160,202505,4046,5117,109.74212711358365
H003161,202506,4046,5117,110.78249006533036
H003162,202501,4047,5117,145.45242392128742
H003163,202502,4047,5117,128.4916824673303
H003164,202503,4047,5117,121.01347657914928
H003165,202504,4047,5117,109.46415828908162
H003166,202505,4047,5117,111.5330526152029
H003167,202506,4047,5117,111.06665282955154
H003168,202501,4048,5117,97.93094023831362
H003169,202502,4048,5117,89.68187635101184
H003170,202503,4048,5117,89.43444956575154
H003171,202504,4048,5117,87.08774985659132
H003172,202505,4048,5117,86.77597872453859
H003173,202506,4048,5117,87.0272844866609
H003174,202501,4049,5117,103.04596598833898
H003175,202502,4049,5117,94.87241228669042
H003176,202503,4049,5117,95.0509398195158
H003177,202504,4049,5117,89.89906660958347
H003178,202505,4049,5117,90.45815183836673
H003179,202506,4049,5117,90.70007633438303
H003180,202501,4050,5117,78.83992821748915
H003181,202502,4050,5117,78.61724068652083
H003182,202503,4050,5117,77.32911395829144
H003183,202504,4050,5117,70.58559987890166
H003184,202505,4050,5117,70.64833203049069
H003185,202506,4050,5117,68.0503451746313
H003186,202501,4051,5117,140.48383211429027
H003187,202502,4051,5117,124.38352832493229
H003188,202503,4051,5117,119.81907660561349
H003189,202504,4051,5117,108.94369986222551
H003190,202505,4051,5117,108.94405615732117
H003191,202506,4051,5117,108.83262024222053
H003192,202501,4052,5117,128.54028952725724
H003193,202502,4052,5117,118.87479996314237
H003194,202503,4052,5117,118.66268700782878
H003195,202504,4052,5117,109.3005024167343
H003196,202505,4052,5117,109.48117502997837
H003197,202506,4052,5117,109.63382564198126
H003198,202501,4053,5117,66.81118236062814
H003199,202502,4053,5117,62.69055715441354
H003200,202503,4053,5117,62.10022853287238
H003201,202504,4053,5117,58.421734005164105
H003202,202505,4053,5117,58.33460986269685
H003203,202506,4053,5117,57.87652523521952
H003204,202501,4054,5117,74.69509820550815
H003205,202502,4054,5117,72.50127966229152
H003206,202503,4054,5117,71.87956186547241
H003207,202504,4054,5117,69.51129312075224
H003208,202505,4054,5117,67.96381949508547
H003209,202506,4054,5117,64.22207328517469
H003210,202501,4055,5117,364.4798519922523
H003211,202502,4055,5117,364.16411787782624
H003212,202503,4055,5117,257.7617456636708
H003213,202504,4055,5117,212.7989492659205
H003214,202505,4055,5117,213.29881123397354
H003215,202506,4055,5117,207.1097068440393
H003216,202501,4056,5117,72.10938252963327
H003217,202502,4056,5117,69.94593179417949
H003218,202503,4056,5117,68.50249269097833
H003219,202504,4056,5117,64.5222720878001
H003220,202505,4056,5117,61.959897401239
H003221,202506,4056,5117,60.17172341673504
H003222,202501,4057,5117,35.994341810840936
H003223,202502,4057,5117,38.126509607670144
H003224,202503,4057,5117,39.48071610813583
H003225,202504,4057,5117,40.05166209607617
H003226,202505,4057,5117,40.42781642410758
H003227,202506,4057,5117,40.37978322198713
H003228,202501,4058,5117,79.48265745090568
H003229,202502,4058,5117,78.6476078254059
H003230,202503,4058,5117,78.00675364084354
H003231,202504,4058,5117,71.76872302440371
H003232,202505,4058,5117,70.4197178345892
H003233,202506,4058,5117,69.30473187354598
H003234,202501,4059,5117,113.87662191881408
H003235,202502,4059,5117,104.6907562181813
H003236,202503,4059,5117,104.71080012456876
H003237,202504,4059,5117,101.67433341718711
H003238,202505,4059,5117,99.69371377667987
H003239,202506,4059,5117,99.8295367433566
H003240,202501,4060,5117,83.94654289408338
H003241,202502,4060,5117,82.79061239864203
H003242,202503,4060,5117,82.34002479668872
H003243,202504,4060,5117,79.29681866706618
H003244,202505,4060,5117,79.7736831561205
H003245,202506,4060,5117,78.28757168508449
H003246,202501,4061,5117,87.11253590973445
H003247,202502,4061,5117,83.6708025831442
H003248,202503,4061,5117,82.3400379188544
H003249,202504,4061,5117,79.43696335883959
H003250,202505,4061,5117,79.30966467712395
H003251,202506,4061,5117,78.19860549374093
H003252,202501,4062,5117,72.97144303155514
H003253,202502,4062,5117,70.51249368192813
H003254,202503,4062,5117,70.28254245758292
H003255,202504,4062,5117,65.68870760518934
H003256,202505,4062,5117,60.06248593393342
H003257,202506,4062,5117,59.52772444485682
H003258,202501,4063,5117,90.84093031057262
H003259,202502,4063,5117,84.35403074150797
H003260,202503,4063,5117,83.44617901978309
H003261,202504,4063,5117,79.91896175186125
H003262,202505,4063,5117,79.62457240210256
H003263,202506,4063,5117,80.23718687677025
H003264,202501,4064,5117,87.98408285214232
H003265,202502,4064,5117,84.11365283940181
H003266,202503,4064,5117,83.1494725843076
H003267,202504,4064,5117,80.38849739784868
H003268,202505,4064,5117,79.62296139861928
H003269,202506,4064,5117,79.72911426958427
H003270,202501,4065,5117,75.69160570946535
H003271,202502,4065,5117,74.27086953959417
H003272,202503,4065,5117,72.36481318925587
H003273,202504,4065,5117,69.42219063589788
H003274,202505,4065,5117,70.44159328800754
H003275,202506,4065,5117,68.44508613290874
H003276,202501,4066,5117,89.21348977111349
H003277,202502,4066,5117,85.10264379458673
H003278,202503,4066,5117,84.8559286868845
H003279,202504,4066,5117,80.99936204306566
H003280,202505,4066,5117,80.79524878439615
H003281,202506,4066,5117,81.0848337027411
H003282,202501,4067,5117,93.27059623092963
H003283,202502,4067,5117,87.29034948584905
H003284,202503,4067,5117,86.99419156547106
H003285,202504,4067,5117,83.72760600322323
H003286,202505,4067,5117,83.18701414064684
H003287,202506,4067,5117,82.67492966090965
H003288,202501,4068,5117,82.46385777651419
H003289,202502,4068,5117,81.25979271377163
H003290,202503,4068,5117,81.03230065918984
H003291,202504,4068,5117,78.02420543919106
H003292,202505,4068,5117,71.6964209607593
H003293,202506,4068,5117,72.24078602248316
H003294,202501,4069,5117,80.76140541837692
H003295,202502,4069,5117,79.89210682649137
H003296,202503,4069,5117,78.52027535525747
H003297,202504,4069,5117,77.21136993643316
H003298,202505,4069,5117,71.88976915424918
H003299,202506,4069,5117,71.17427969448404
H003300,202501,4070,5117,106.12388152148982
H003301,202502,4070,5117,97.26932042310779
H003302,202503,4070,5117,98.21474105112839
H003303,202504,4070,5117,92.1584179040416
H003304,202505,4070,5117,92.62940433521
H003305,202506,4070,5117,92.94419730597065
H003306,202501,4071,5117,60.05414200968219
H003307,202502,4071,5117,61.564424152012656
H003308,202503,4071,5117,62.01258654661068
H003309,202504,4071,5117,59.992905270972145
H003310,202505,4071,5117,60.666006591086344
H003311,202506,4071,5117,61.21974990534295
H003312,202501,4072,5117,84.76510721902602
H003313,202502,4072,5117,82.91364329663962
H003314,202503,4072,5117,81.96559138195694
H003315,202504,4072,5117,79.29880793911438
H003316,202505,4072,5117,79.36927164701368
H003317,202506,4072,5117,78.84873298256771
H003318,202501,4073,5117,100.54899291307709
H003319,202502,4073,5117,91.90464437504579
H003320,202503,4073,5117,91.82217009515368
H003321,202504,4073,5117,86.55128884995518
H003322,202505,4073,5117,85.43678407231988
H003323,202506,4073,5117,85.74800725351304
H003324,202501,4074,5117,87.98436508680616
H003325,202502,4074,5117,84.55130408388368
H003326,202503,4074,5117,84.16372812238133
H003327,202504,4074,5117,80.67115318496666
H003328,202505,4074,5117,80.52254811294603
H003329,202506,4074,5117,80.62756153250709
H003330,202501,4075,5117,76.80433988938934
H003331,202502,4075,5117,73.38027329313347
H003332,202503,4075,5117,71.82972484287731
H003333,202504,4075,5117,68.89495833328004
H003334,202505,4075,5117,69.37595278368514
H003335,202506,4075,5117,67.8871197468025
H003336,202501,4076,5117,135.92675712364328
H003337,202502,4076,5117,126.63177978517936
H003338,202503,4076,5117,120.75275583593404
H003339,202504,4076,5117,108.35854763196613
H003340,202505,4076,5117,108.01656875714654
H003341,202506,4076,5117,111.17022456787625
H003342,202501,4077,5117,57.039027783564514
H003343,202502,4077,5117,59.06151771020167
H003344,202503,4077,5117,56.458488751630526
H003345,202504,4077,5117,57.2340692679009
H003346,202505,4077,5117,55.04893896439973
H003347,202506,4077,5117,54.55285124210732
H003348,202501,4078,5117,79.15746201799779
H003349,202502,4078,5117,79.02327457888934
H003350,202503,4078,5117,77.4798996359232
H003351,202504,4078,5117,71.15875575686363
H003352,202505,4078,5117,71.66780391189181
H003353,202506,4078,5117,68.90603277236005
H003354,202501,4079,5117,289.51390123203925
H003355,202502,4079,5117,282.9652361227031
H003356,202503,4079,5117,263.1261834239196
H003357,202504,4079,5117,202.71103014069598
H003358,202505,4079,5117,202.35182304319017
H003359,202506,4079,5117,202.96097556377836
