ecosystem_id,ecosystem_name,indication_id,indication_code,indication_name,market_code,year,county_census_population_count,prevalence_volume,incidence_volume,treated_patient_volume,prevalence_rate_per_100k
4000,CA-ECO-000,9001,wet_amd,Wet Age-related Macular Degeneration,OPH,2021,298490,804.5,198.4,375.1,256.15
4000,CA-ECO-000,9001,wet_amd,Wet Age-related Macular Degeneration,OPH,2022,298490,826.5,130.7,338.4,258.71
4000,CA-ECO-000,9001,wet_amd,Wet Age-related Macular Degeneration,OPH,2023,298490,663.3,116.5,433.4,261.3
4000,CA-ECO-000,9001,wet_amd,Wet Age-related Macular Degeneration,OPH,2024,298490,778.2,177.9,284.7,263.91
4000,CA-ECO-000,9001,wet_amd,Wet Age-related Macular Degeneration,OPH,2025,298490,782.7,119.1,464.8,266.55
4000,CA-ECO-000,9002,dme,Diabetic Macular Edema,OPH,2021,298490,1139.6,244.2,481.1,361.6
4000,CA-ECO-000,9002,dme,Diabetic Macular Edema,OPH,2022,298490,1098.7,133.1,549.0,365.22
4000,CA-ECO-000,9002,dme,Diabetic Macular Edema,OPH,2023,298490,1100.1,150.3,767.4,368.87
4000,CA-ECO-000,9002,dme,Diabetic Macular Edema,OPH,2024,298490,1140.2,124.4,707.0,372.56
4000,CA-ECO-000,9002,dme,Diabetic Macular Edema,OPH,2025,298490,1141.4,147.4,624.1,376.29
4000,CA-ECO-000,9003,rvo,Retinal Vein Occlusion,OPH,2021,298490,515.0,57.9,277.0,166.0
4000,CA-ECO-000,9003,rvo,Retinal Vein Occlusion,OPH,2022,298490,511.5,88.3,282.0,167.66
4000,CA-ECO-000,9003,rvo,Retinal Vein Occlusion,OPH,2023,298490,505.8,51.9,192.6,169.34
4000,CA-ECO-000,9003,rvo,Retinal Vein Occlusion,OPH,2024,298490,549.8,94.2,230.9,171.03
4000,CA-ECO-000,9003,rvo,Retinal Vein Occlusion,OPH,2025,298490,471.1,124.4,311.6,172.74
4000,CA-ECO-000,9004,rrms,Relapsing-Remitting Multiple Sclerosis,MS,2021,298490,397.0,94.5,235.0,132.84
4000,CA-ECO-000,9004,rrms,Relapsing-Remitting Multiple Sclerosis,MS,2022,298490,395.7,41.6,149.1,134.17
4000,CA-ECO-000,9004,rrms,Relapsing-Remitting Multiple Sclerosis,MS,2023,298490,413.0,87.1,176.9,135.51
4000,CA-ECO-000,9004,rrms,Relapsing-Remitting Multiple Sclerosis,MS,2024,298490,448.8,119.9,247.1,136.87
4000,CA-ECO-000,9004,rrms,Relapsing-Remitting Multiple Sclerosis,MS,2025,298490,406.7,96.5,283.3,138.24
4000,CA-ECO-000,9005,ppms,Primary Progressive Multiple Sclerosis,MS,2021,298490,84.6,15.1,42.3,28.37
4000,CA-ECO-000,9005,ppms,Primary Progressive Multiple Sclerosis,MS,2022,298490,84.6,21.7,35.8,28.65
4000,CA-ECO-000,9005,ppms,Primary Progressive Multiple Sclerosis,MS,2023,298490,86.9,17.9,49.8,28.94
4000,CA-ECO-000,9005,ppms,Primary Progressive Multiple Sclerosis,MS,2024,298490,86.1,23.3,30.2,29.23
4000,CA-ECO-000,9005,ppms,Primary Progressive Multiple Sclerosis,MS,2025,298490,93.2,13.1,41.2,29.52
4000,CA-ECO-000,9006,hem_a,Hemophilia A,HEM,2021,298490,12.5,3.1,6.4,4.09
4000,CA-ECO-000,9006,hem_a,Hemophilia A,HEM,2022,298490,11.9,1.2,7.5,4.13
4000,CA-ECO-000,9006,hem_a,Hemophilia A,HEM,2023,298490,13.4,3.6,5.0,4.17
4000,CA-ECO-000,9006,hem_a,Hemophilia A,HEM,2024,298490,11.7,2.6,5.8,4.22
4000,CA-ECO-000,9006,hem_a,Hemophilia A,HEM,2025,298490,12.6,2.8,8.6,4.26
4000,CA-ECO-000,9007,sev_asthma,Severe Allergic/Eosinophilic Asthma,RESP,2021,298490,1443.2,155.8,750.2,486.45
4000,CA-ECO-000,9007,sev_asthma,Severe Allergic/Eosinophilic Asthma,RESP,2022,298490,1400.0,235.7,601.8,491.32
4000,CA-ECO-000,9007,sev_asthma,Severe Allergic/Eosinophilic Asthma,RESP,2023,298490,1356.5,186.5,583.8,496.23
4000,CA-ECO-000,9007,sev_asthma,Severe Allergic/Eosinophilic Asthma,RESP,2024,298490,1549.4,214.7,584.0,501.19
4000,CA-ECO-000,9007,sev_asthma,Severe Allergic/Eosinophilic Asthma,RESP,2025,298490,1390.5,202.4,802.3,506.21
4000,CA-ECO-000,9008,her2_bc,HER2-positive Breast Cancer,ONC,2021,298490,134.1,17.5,64.9,43.35
4000,CA-ECO-000,9008,her2_bc,HER2-positive Breast Cancer,ONC,2022,298490,123.9,18.3,81.8,43.79
4000,CA-ECO-000,9008,her2_bc,HER2-positive Breast Cancer,ONC,2023,298490,126.0,27.8,57.7,44.22
4000,CA-ECO-000,9008,her2_bc,HER2-positive Breast Cancer,ONC,2024,298490,133.1,13.9,50.0,44.67
4000,CA-ECO-000,9008,her2_bc,HER2-positive Breast Cancer,ONC,2025,298490,129.9,32.8,85.3,45.11
4001,TX-ECO-001,9001,wet_amd,Wet Age-related Macular Degeneration,OPH,2021,441379,807.5,129.5,477.5,189.39
4001,TX-ECO-001,9001,wet_amd,Wet Age-related Macular Degeneration,OPH,2022,441379,944.5,185.1,513.2,191.28
4001,TX-ECO-001,9001,wet_amd,Wet Age-related Macular Degeneration,OPH,2023,441379,818.7,180.1,463.5,193.19
4001,TX-ECO-001,9001,wet_amd,Wet Age-related Macular Degeneration,OPH,2024,441379,826.2,163.3,482.5,195.12
4001,TX-ECO-001,9001,wet_amd,Wet Age-related Macular Degeneration,OPH,2025,441379,930.3,153.9,565.9,197.07
4001,TX-ECO-001,9002,dme,Diabetic Macular Edema,OPH,2021,441379,1482.1,316.0,719.6,340.86
4001,TX-ECO-001,9002,dme,Diabetic Macular Edema,OPH,2022,441379,1539.0,301.2,867.2,344.26
4001,TX-ECO-001,9002,dme,Diabetic Macular Edema,OPH,2023,441379,1547.6,273.9,886.2,347.71
4001,TX-ECO-001,9002,dme,Diabetic Macular Edema,OPH,2024,441379,1651.2,165.2,966.9,351.18
4001,TX-ECO-001,9002,dme,Diabetic Macular Edema,OPH,2025,441379,1530.3,343.7,763.7,354.7
4001,TX-ECO-001,9003,rvo,Retinal Vein Occlusion,OPH,2021,441379,666.2,91.8,266.8,137.36
4001,TX-ECO-001,9003,rvo,Retinal Vein Occlusion,OPH,2022,441379,644.2,102.1,448.8,138.74
4001,TX-ECO-001,9003,rvo,Retinal Vein Occlusion,OPH,2023,441379,616.8,165.6,305.1,140.13
4001,TX-ECO-001,9003,rvo,Retinal Vein Occlusion,OPH,2024,441379,667.4,72.4,420.5,141.53
4001,TX-ECO-001,9003,rvo,Retinal Vein Occlusion,OPH,2025,441379,687.0,168.4,334.1,142.94
4001,TX-ECO-001,9004,rrms,Relapsing-Remitting Multiple Sclerosis,MS,2021,441379,463.8,71.7,247.4,109.84
4001,TX-ECO-001,9004,rrms,Relapsing-Remitting Multiple Sclerosis,MS,2022,441379,484.2,64.2,218.5,110.94
4001,TX-ECO-001,9004,rrms,Relapsing-Remitting Multiple Sclerosis,MS,2023,441379,511.6,63.4,184.8,112.05
4001,TX-ECO-001,9004,rrms,Relapsing-Remitting Multiple Sclerosis,MS,2024,441379,508.3,115.2,196.9,113.17
4001,TX-ECO-001,9004,rrms,Relapsing-Remitting Multiple Sclerosis,MS,2025,441379,520.9,141.9,297.5,114.3
4001,TX-ECO-001,9005,ppms,Primary Progressive Multiple Sclerosis,MS,2021,441379,97.6,9.8,67.6,22.6
4001,TX-ECO-001,9005,ppms,Primary Progressive Multiple Sclerosis,MS,2022,441379,109.4,24.3,41.5,22.83
4001,TX-ECO-001,9005,ppms,Primary Progressive Multiple Sclerosis,MS,2023,441379,107.6,12.2,65.0,23.06
4001,TX-ECO-001,9005,ppms,Primary Progressive Multiple Sclerosis,MS,2024,441379,95.0,15.7,54.9,23.29
4001,TX-ECO-001,9005,ppms,Primary Progressive Multiple Sclerosis,MS,2025,441379,94.7,14.3,40.3,23.52
4001,TX-ECO-001,9006,hem_a,Hemophilia A,HEM,2021,441379,20.2,2.1,7.9,4.52
4001,TX-ECO-001,9006,hem_a,Hemophilia A,HEM,2022,441379,22.1,3.8,13.7,4.57
4001,TX-ECO-001,9006,hem_a,Hemophilia A,HEM,2023,441379,18.9,2.2,12.2,4.61
4001,TX-ECO-001,9006,hem_a,Hemophilia A,HEM,2024,441379,20.3,4.7,7.7,4.66
4001,TX-ECO-001,9006,hem_a,Hemophilia A,HEM,2025,441379,20.6,2.7,8.1,4.71
4001,TX-ECO-001,9007,sev_asthma,Severe Allergic/Eosinophilic Asthma,RESP,2021,441379,2190.5,545.7,860.3,528.28
4001,TX-ECO-001,9007,sev_asthma,Severe Allergic/Eosinophilic Asthma,RESP,2022,441379,2233.2,488.8,1207.2,533.56
4001,TX-ECO-001,9007,sev_asthma,Severe Allergic/Eosinophilic Asthma,RESP,2023,441379,2104.6,474.8,885.4,538.9
4001,TX-ECO-001,9007,sev_asthma,Severe Allergic/Eosinophilic Asthma,RESP,2024,441379,2394.8,347.0,1052.7,544.28
4001,TX-ECO-001,9007,sev_asthma,Severe Allergic/Eosinophilic Asthma,RESP,2025,441379,2590.8,355.0,1401.0,549.73
4001,TX-ECO-001,9008,her2_bc,HER2-positive Breast Cancer,ONC,2021,441379,166.3,38.6,64.3,39.77
4001,TX-ECO-001,9008,her2_bc,HER2-positive Breast Cancer,ONC,2022,441379,165.9,43.1,82.7,40.17
4001,TX-ECO-001,9008,her2_bc,HER2-positive Breast Cancer,ONC,2023,441379,185.4,26.4,109.0,40.57
4001,TX-ECO-001,9008,her2_bc,HER2-positive Breast Cancer,ONC,2024,441379,181.4,48.8,85.3,40.98
4001,TX-ECO-001,9008,her2_bc,HER2-positive Breast Cancer,ONC,2025,441379,179.7,31.5,84.8,41.39
4002,NY-ECO-002,9001,wet_amd,Wet Age-related Macular Degeneration,OPH,2021,159683,369.0,60.1,182.5,224.91
4002,NY-ECO-002,9001,wet_amd,Wet Age-related Macular Degeneration,OPH,2022,159683,329.2,45.0,137.0,227.16
4002,NY-ECO-002,9001,wet_amd,Wet Age-related Macular Degeneration,OPH,2023,159683,357.0,90.8,177.5,229.43
4002,NY-ECO-002,9001,wet_amd,Wet Age-related Macular Degeneration,OPH,2024,159683,384.1,68.8,206.4,231.72
4002,NY-ECO-002,9001,wet_amd,Wet Age-related Macular Degeneration,OPH,2025,159683,358.5,78.3,137.5,234.04
4002,NY-ECO-002,9002,dme,Diabetic Macular Edema,OPH,2021,159683,535.5,83.2,194.1,354.55
4002,NY-ECO-002,9002,dme,Diabetic Macular Edema,OPH,2022,159683,629.4,64.5,359.2,358.1
4002,NY-ECO-002,9002,dme,Diabetic Macular Edema,OPH,2023,159683,571.2,89.0,249.2,361.68
4002,NY-ECO-002,9002,dme,Diabetic Macular Edema,OPH,2024,159683,643.0,118.0,337.6,365.29
4002,NY-ECO-002,9002,dme,Diabetic Macular Edema,OPH,2025,159683,652.4,96.8,248.7,368.95
4002,NY-ECO-002,9003,rvo,Retinal Vein Occlusion,OPH,2021,159683,186.5,43.2,75.3,121.49
4002,NY-ECO-002,9003,rvo,Retinal Vein Occlusion,OPH,2022,159683,203.6,23.1,81.7,122.71
4002,NY-ECO-002,9003,rvo,Retinal Vein Occlusion,OPH,2023,159683,188.9,31.0,114.2,123.93
4002,NY-ECO-002,9003,rvo,Retinal Vein Occlusion,OPH,2024,159683,208.1,25.7,92.4,125.17
4002,NY-ECO-002,9003,rvo,Retinal Vein Occlusion,OPH,2025,159683,201.2,41.7,73.6,126.43
4002,NY-ECO-002,9004,rrms,Relapsing-Remitting Multiple Sclerosis,MS,2021,159683,165.7,45.7,115.8,106.75
4002,NY-ECO-002,9004,rrms,Relapsing-Remitting Multiple Sclerosis,MS,2022,159683,179.4,19.0,117.3,107.82
4002,NY-ECO-002,9004,rrms,Relapsing-Remitting Multiple Sclerosis,MS,2023,159683,172.4,24.0,111.0,108.9
4002,NY-ECO-002,9004,rrms,Relapsing-Remitting Multiple Sclerosis,MS,2024,159683,188.2,38.1,103.6,109.99
4002,NY-ECO-002,9004,rrms,Relapsing-Remitting Multiple Sclerosis,MS,2025,159683,168.0,42.6,90.8,111.09
4002,NY-ECO-002,9005,ppms,Primary Progressive Multiple Sclerosis,MS,2021,159683,32.8,7.0,18.6,20.22
4002,NY-ECO-002,9005,ppms,Primary Progressive Multiple Sclerosis,MS,2022,159683,30.1,7.1,15.1,20.42
4002,NY-ECO-002,9005,ppms,Primary Progressive Multiple Sclerosis,MS,2023,159683,29.7,7.4,18.1,20.63
4002,NY-ECO-002,9005,ppms,Primary Progressive Multiple Sclerosis,MS,2024,159683,31.7,7.3,18.5,20.83
4002,NY-ECO-002,9005,ppms,Primary Progressive Multiple Sclerosis,MS,2025,159683,31.8,5.6,16.8,21.04
4002,NY-ECO-002,9006,hem_a,Hemophilia A,HEM,2021,159683,7.2,1.0,4.3,4.37
4002,NY-ECO-002,9006,hem_a,Hemophilia A,HEM,2022,159683,7.3,1.5,4.4,4.41
4002,NY-ECO-002,9006,hem_a,Hemophilia A,HEM,2023,159683,6.8,0.8,4.4,4.45
4002,NY-ECO-002,9006,hem_a,Hemophilia A,HEM,2024,159683,7.4,0.8,2.8,4.5
4002,NY-ECO-002,9006,hem_a,Hemophilia A,HEM,2025,159683,6.5,1.0,3.2,4.54
4002,NY-ECO-002,9007,sev_asthma,Severe Allergic/Eosinophilic Asthma,RESP,2021,159683,790.8,119.2,398.8,488.25
4002,NY-ECO-002,9007,sev_asthma,Severe Allergic/Eosinophilic Asthma,RESP,2022,159683,757.2,89.2,423.0,493.13
4002,NY-ECO-002,9007,sev_asthma,Severe Allergic/Eosinophilic Asthma,RESP,2023,159683,779.7,212.2,420.4,498.06
4002,NY-ECO-002,9007,sev_asthma,Severe Allergic/Eosinophilic Asthma,RESP,2024,159683,794.2,159.9,482.1,503.04
4002,NY-ECO-002,9007,sev_asthma,Severe Allergic/Eosinophilic Asthma,RESP,2025,159683,721.6,116.5,476.7,508.07
4002,NY-ECO-002,9008,her2_bc,HER2-positive Breast Cancer,ONC,2021,159683,62.6,10.5,32.2,39.05
4002,NY-ECO-002,9008,her2_bc,HER2-positive Breast Cancer,ONC,2022,159683,60.5,10.4,39.3,39.44
4002,NY-ECO-002,9008,her2_bc,HER2-positive Breast Cancer,ONC,2023,159683,69.0,17.0,27.3,39.83
4002,NY-ECO-002,9008,her2_bc,HER2-positive Breast Cancer,ONC,2024,159683,66.7,8.4,26.4,40.23
4002,NY-ECO-002,9008,her2_bc,HER2-positive Breast Cancer,ONC,2025,159683,64.2,16.3,38.0,40.63
4003,FL-ECO-003,9001,wet_amd,Wet Age-related Macular Degeneration,OPH,2021,151658,380.6,78.9,238.7,242.89
4003,FL-ECO-003,9001,wet_amd,Wet Age-related Macular Degeneration,OPH,2022,151658,399.3,86.1,184.1,245.32
4003,FL-ECO-003,9001,wet_amd,Wet Age-related Macular Degeneration,OPH,2023,151658,397.1,95.7,208.8,247.77
4003,FL-ECO-003,9001,wet_amd,Wet Age-related Macular Degeneration,OPH,2024,151658,406.8,109.2,245.3,250.25
4003,FL-ECO-003,9001,wet_amd,Wet Age-related Macular Degeneration,OPH,2025,151658,405.3,109.1,150.6,252.75
4003,FL-ECO-003,9002,dme,Diabetic Macular Edema,OPH,2021,151658,437.2,115.3,262.0,302.45
4003,FL-ECO-003,9002,dme,Diabetic Macular Edema,OPH,2022,151658,475.1,87.1,180.5,305.47
4003,FL-ECO-003,9002,dme,Diabetic Macular Edema,OPH,2023,151658,453.7,60.1,306.4,308.53
4003,FL-ECO-003,9002,dme,Diabetic Macular Edema,OPH,2024,151658,502.0,51.6,332.6,311.61
4003,FL-ECO-003,9002,dme,Diabetic Macular Edema,OPH,2025,151658,485.1,135.3,321.2,314.73
4003,FL-ECO-003,9003,rvo,Retinal Vein Occlusion,OPH,2021,151658,186.2,45.5,88.6,134.05
4003,FL-ECO-003,9003,rvo,Retinal Vein Occlusion,OPH,2022,151658,191.8,38.0,80.7,135.39
4003,FL-ECO-003,9003,rvo,Retinal Vein Occlusion,OPH,2023,151658,171.2,29.8,84.6,136.75
4003,FL-ECO-003,9003,rvo,Retinal Vein Occlusion,OPH,2024,151658,205.9,32.6,132.1,138.11
4003,FL-ECO-003,9003,rvo,Retinal Vein Occlusion,OPH,2025,151658,204.0,35.1,87.8,139.49
4003,FL-ECO-003,9004,rrms,Relapsing-Remitting Multiple Sclerosis,MS,2021,151658,137.4,25.8,81.2,95.36
4003,FL-ECO-003,9004,rrms,Relapsing-Remitting Multiple Sclerosis,MS,2022,151658,145.1,28.2,53.6,96.31
4003,FL-ECO-003,9004,rrms,Relapsing-Remitting Multiple Sclerosis,MS,2023,151658,148.9,18.3,62.7,97.28
4003,FL-ECO-003,9004,rrms,Relapsing-Remitting Multiple Sclerosis,MS,2024,151658,142.6,30.9,82.7,98.25
4003,FL-ECO-003,9004,rrms,Relapsing-Remitting Multiple Sclerosis,MS,2025,151658,151.8,33.3,84.5,99.23
4003,FL-ECO-003,9005,ppms,Primary Progressive Multiple Sclerosis,MS,2021,151658,30.0,5.1,11.5,19.33
4003,FL-ECO-003,9005,ppms,Primary Progressive Multiple Sclerosis,MS,2022,151658,31.4,8.3,16.6,19.52
4003,FL-ECO-003,9005,ppms,Primary Progressive Multiple Sclerosis,MS,2023,151658,31.8,7.6,20.3,19.72
4003,FL-ECO-003,9005,ppms,Primary Progressive Multiple Sclerosis,MS,2024,151658,29.0,4.7,17.6,19.92
4003,FL-ECO-003,9005,ppms,Primary Progressive Multiple Sclerosis,MS,2025,151658,30.6,4.8,11.7,20.12
4003,FL-ECO-003,9006,hem_a,Hemophilia A,HEM,2021,151658,6.7,1.0,3.9,4.5
4003,FL-ECO-003,9006,hem_a,Hemophilia A,HEM,2022,151658,7.5,1.5,2.7,4.54
4003,FL-ECO-003,9006,hem_a,Hemophilia A,HEM,2023,151658,6.4,0.8,3.0,4.59
4003,FL-ECO-003,9006,hem_a,Hemophilia A,HEM,2024,151658,7.0,1.6,4.4,4.63
4003,FL-ECO-003,9006,hem_a,Hemophilia A,HEM,2025,151658,7.6,1.5,3.9,4.68
4003,FL-ECO-003,9007,sev_asthma,Severe Allergic/Eosinophilic Asthma,RESP,2021,151658,765.1,119.4,469.3,500.59
4003,FL-ECO-003,9007,sev_asthma,Severe Allergic/Eosinophilic Asthma,RESP,2022,151658,703.2,167.9,465.1,505.59
4003,FL-ECO-003,9007,sev_asthma,Severe Allergic/Eosinophilic Asthma,RESP,2023,151658,784.4,94.5,393.0,510.65
4003,FL-ECO-003,9007,sev_asthma,Severe Allergic/Eosinophilic Asthma,RESP,2024,151658,768.8,87.0,385.9,515.75
4003,FL-ECO-003,9007,sev_asthma,Severe Allergic/Eosinophilic Asthma,RESP,2025,151658,765.5,126.9,473.5,520.91
4003,FL-ECO-003,9008,her2_bc,HER2-positive Breast Cancer,ONC,2021,151658,68.7,9.6,26.9,43.06
4003,FL-ECO-003,9008,her2_bc,HER2-positive Breast Cancer,ONC,2022,151658,70.0,16.3,39.5,43.49
4003,FL-ECO-003,9008,her2_bc,HER2-positive Breast Cancer,ONC,2023,151658,70.2,13.2,25.8,43.92
4003,FL-ECO-003,9008,her2_bc,HER2-positive Breast Cancer,ONC,2024,151658,68.7,16.2,34.6,44.36
4003,FL-ECO-003,9008,her2_bc,HER2-positive Breast Cancer,ONC,2025,151658,69.5,17.4,33.0,44.81
4004,PA-ECO-004,9001,wet_amd,Wet Age-related Macular Degeneration,OPH,2021,275234,659.4,75.5,448.0,243.21
4004,PA-ECO-004,9001,wet_amd,Wet Age-related Macular Degeneration,OPH,2022,275234,650.0,142.4,276.7,245.65
4004,PA-ECO-004,9001,wet_amd,Wet Age-related Macular Degeneration,OPH,2023,275234,731.1,74.3,424.9,248.1
4004,PA-ECO-004,9001,wet_amd,Wet Age-related Macular Degeneration,OPH,2024,275234,688.4,123.9,407.7,250.58
4004,PA-ECO-004,9001,wet_amd,Wet Age-related Macular Degeneration,OPH,2025,275234,721.8,93.2,296.3,253.09
4004,PA-ECO-004,9002,dme,Diabetic Macular Edema,OPH,2021,275234,1083.3,115.3,455.3,394.96
4004,PA-ECO-004,9002,dme,Diabetic Macular Edema,OPH,2022,275234,1147.5,158.4,570.9,398.91
4004,PA-ECO-004,9002,dme,Diabetic Macular Edema,OPH,2023,275234,1113.0,184.8,634.7,402.9
4004,PA-ECO-004,9002,dme,Diabetic Macular Edema,OPH,2024,275234,1105.6,157.3,668.2,406.93
4004,PA-ECO-004,9002,dme,Diabetic Macular Edema,OPH,2025,275234,1158.1,303.5,796.0,411.0
4004,PA-ECO-004,9003,rvo,Retinal Vein Occlusion,OPH,2021,275234,344.5,37.6,157.7,123.54
4004,PA-ECO-004,9003,rvo,Retinal Vein Occlusion,OPH,2022,275234,345.8,66.4,149.6,124.78
4004,PA-ECO-004,9003,rvo,Retinal Vein Occlusion,OPH,2023,275234,338.9,39.9,210.1,126.02
4004,PA-ECO-004,9003,rvo,Retinal Vein Occlusion,OPH,2024,275234,343.8,73.4,219.9,127.28
4004,PA-ECO-004,9003,rvo,Retinal Vein Occlusion,OPH,2025,275234,334.5,55.3,130.0,128.56
4004,PA-ECO-004,9004,rrms,Relapsing-Remitting Multiple Sclerosis,MS,2021,275234,295.7,80.3,167.2,104.74
4004,PA-ECO-004,9004,rrms,Relapsing-Remitting Multiple Sclerosis,MS,2022,275234,280.1,66.5,173.4,105.79
4004,PA-ECO-004,9004,rrms,Relapsing-Remitting Multiple Sclerosis,MS,2023,275234,290.4,54.3,197.6,106.85
4004,PA-ECO-004,9004,rrms,Relapsing-Remitting Multiple Sclerosis,MS,2024,275234,295.0,53.3,166.0,107.91
4004,PA-ECO-004,9004,rrms,Relapsing-Remitting Multiple Sclerosis,MS,2025,275234,290.0,81.0,104.4,108.99
4004,PA-ECO-004,9005,ppms,Primary Progressive Multiple Sclerosis,MS,2021,275234,73.6,16.1,49.6,24.81
4004,PA-ECO-004,9005,ppms,Primary Progressive Multiple Sclerosis,MS,2022,275234,72.0,8.1,29.5,25.06
4004,PA-ECO-004,9005,ppms,Primary Progressive Multiple Sclerosis,MS,2023,275234,65.9,8.6,36.3,25.31
4004,PA-ECO-004,9005,ppms,Primary Progressive Multiple Sclerosis,MS,2024,275234,75.3,8.8,33.9,25.56
4004,PA-ECO-004,9005,ppms,Primary Progressive Multiple Sclerosis,MS,2025,275234,72.2,14.4,36.1,25.82
4004,PA-ECO-004,9006,hem_a,Hemophilia A,HEM,2021,275234,12.1,2.0,4.5,4.5
4004,PA-ECO-004,9006,hem_a,Hemophilia A,HEM,2022,275234,11.9,2.8,5.3,4.54
4004,PA-ECO-004,9006,hem_a,Hemophilia A,HEM,2023,275234,12.3,1.3,8.0,4.59
4004,PA-ECO-004,9006,hem_a,Hemophilia A,HEM,2024,275234,12.4,1.9,7.6,4.64
4004,PA-ECO-004,9006,hem_a,Hemophilia A,HEM,2025,275234,13.6,2.0,7.5,4.68
4004,PA-ECO-004,9007,sev_asthma,Severe Allergic/Eosinophilic Asthma,RESP,2021,275234,1330.8,208.4,823.4,516.61
4004,PA-ECO-004,9007,sev_asthma,Severe Allergic/Eosinophilic Asthma,RESP,2022,275234,1419.4,283.5,929.0,521.78
4004,PA-ECO-004,9007,sev_asthma,Severe Allergic/Eosinophilic Asthma,RESP,2023,275234,1348.9,356.7,641.8,527.0
4004,PA-ECO-004,9007,sev_asthma,Severe Allergic/Eosinophilic Asthma,RESP,2024,275234,1367.9,148.7,572.8,532.27
4004,PA-ECO-004,9007,sev_asthma,Severe Allergic/Eosinophilic Asthma,RESP,2025,275234,1400.4,177.4,677.5,537.59
4004,PA-ECO-004,9008,her2_bc,HER2-positive Breast Cancer,ONC,2021,275234,119.2,19.9,48.7,47.58
4004,PA-ECO-004,9008,her2_bc,HER2-positive Breast Cancer,ONC,2022,275234,129.9,21.0,49.7,48.06
4004,PA-ECO-004,9008,her2_bc,HER2-positive Breast Cancer,ONC,2023,275234,139.7,26.4,88.1,48.54
4004,PA-ECO-004,9008,her2_bc,HER2-positive Breast Cancer,ONC,2024,275234,133.9,28.7,70.6,49.02
4004,PA-ECO-004,9008,her2_bc,HER2-positive Breast Cancer,ONC,2025,275234,133.0,29.4,66.3,49.51
4005,IL-ECO-005,9001,wet_amd,Wet Age-related Macular Degeneration,OPH,2021,559575,994.3,267.4,539.9,165.05
4005,IL-ECO-005,9001,wet_amd,Wet Age-related Macular Degeneration,OPH,2022,559575,985.0,125.0,646.1,166.7
4005,IL-ECO-005,9001,wet_amd,Wet Age-related Macular Degeneration,OPH,2023,559575,932.9,241.1,551.4,168.37
4005,IL-ECO-005,9001,wet_amd,Wet Age-related Macular Degeneration,OPH,2024,559575,963.0,98.9,496.8,170.05
4005,IL-ECO-005,9001,wet_amd,Wet Age-related Macular Degeneration,OPH,2025,559575,1029.6,149.3,696.2,171.75
4005,IL-ECO-005,9002,dme,Diabetic Macular Edema,OPH,2021,559575,1517.4,399.9,664.5,291.82
4005,IL-ECO-005,9002,dme,Diabetic Macular Edema,OPH,2022,559575,1724.5,200.5,808.7,294.74
4005,IL-ECO-005,9002,dme,Diabetic Macular Edema,OPH,2023,559575,1733.5,417.7,633.6,297.68
4005,IL-ECO-005,9002,dme,Diabetic Macular Edema,OPH,2024,559575,1646.3,261.2,835.3,300.66
4005,IL-ECO-005,9002,dme,Diabetic Macular Edema,OPH,2025,559575,1561.4,362.0,1011.4,303.67
4005,IL-ECO-005,9003,rvo,Retinal Vein Occlusion,OPH,2021,559575,615.8,161.3,356.5,103.94
4005,IL-ECO-005,9003,rvo,Retinal Vein Occlusion,OPH,2022,559575,629.4,70.4,417.1,104.98
4005,IL-ECO-005,9003,rvo,Retinal Vein Occlusion,OPH,2023,559575,624.7,149.7,247.7,106.03
4005,IL-ECO-005,9003,rvo,Retinal Vein Occlusion,OPH,2024,559575,599.1,165.8,396.9,107.09
4005,IL-ECO-005,9003,rvo,Retinal Vein Occlusion,OPH,2025,559575,670.6,136.2,396.0,108.16
4005,IL-ECO-005,9004,rrms,Relapsing-Remitting Multiple Sclerosis,MS,2021,559575,389.5,79.5,203.4,74.21
4005,IL-ECO-005,9004,rrms,Relapsing-Remitting Multiple Sclerosis,MS,2022,559575,446.2,116.5,234.9,74.95
4005,IL-ECO-005,9004,rrms,Relapsing-Remitting Multiple Sclerosis,MS,2023,559575,426.0,49.6,269.0,75.7
4005,IL-ECO-005,9004,rrms,Relapsing-Remitting Multiple Sclerosis,MS,2024,559575,422.0,116.2,243.5,76.46
4005,IL-ECO-005,9004,rrms,Relapsing-Remitting Multiple Sclerosis,MS,2025,559575,379.1,83.9,181.0,77.22
4005,IL-ECO-005,9005,ppms,Primary Progressive Multiple Sclerosis,MS,2021,559575,104.6,10.7,70.4,18.08
4005,IL-ECO-005,9005,ppms,Primary Progressive Multiple Sclerosis,MS,2022,559575,95.8,12.6,66.6,18.26
4005,IL-ECO-005,9005,ppms,Primary Progressive Multiple Sclerosis,MS,2023,559575,102.1,11.9,51.3,18.44
4005,IL-ECO-005,9005,ppms,Primary Progressive Multiple Sclerosis,MS,2024,559575,107.2,27.4,73.5,18.63
4005,IL-ECO-005,9005,ppms,Primary Progressive Multiple Sclerosis,MS,2025,559575,103.9,23.1,51.1,18.82
4005,IL-ECO-005,9006,hem_a,Hemophilia A,HEM,2021,559575,25.6,7.1,12.2,4.71
4005,IL-ECO-005,9006,hem_a,Hemophilia A,HEM,2022,559575,25.1,3.5,9.4,4.76
4005,IL-ECO-005,9006,hem_a,Hemophilia A,HEM,2023,559575,27.4,3.9,10.0,4.81
4005,IL-ECO-005,9006,hem_a,Hemophilia A,HEM,2024,559575,26.7,5.4,10.9,4.86
4005,IL-ECO-005,9006,hem_a,Hemophilia A,HEM,2025,559575,28.7,7.8,10.9,4.91
4005,IL-ECO-005,9007,sev_asthma,Severe Allergic/Eosinophilic Asthma,RESP,2021,559575,2526.2,642.4,1710.3,443.63
4005,IL-ECO-005,9007,sev_asthma,Severe Allergic/Eosinophilic Asthma,RESP,2022,559575,2634.1,691.4,1017.1,448.07
4005,IL-ECO-005,9007,sev_asthma,Severe Allergic/Eosinophilic Asthma,RESP,2023,559575,2474.2,673.3,1055.6,452.55
4005,IL-ECO-005,9007,sev_asthma,Severe Allergic/Eosinophilic Asthma,RESP,2024,559575,2541.8,416.3,922.3,457.08
4005,IL-ECO-005,9007,sev_asthma,Severe Allergic/Eosinophilic Asthma,RESP,2025,559575,2487.5,510.0,1013.3,461.65
4005,IL-ECO-005,9008,her2_bc,HER2-positive Breast Cancer,ONC,2021,559575,169.1,34.7,74.9,30.44
4005,IL-ECO-005,9008,her2_bc,HER2-positive Breast Cancer,ONC,2022,559575,167.5,46.1,86.2,30.74
4005,IL-ECO-005,9008,her2_bc,HER2-positive Breast Cancer,ONC,2023,559575,171.0,29.4,74.1,31.05
4005,IL-ECO-005,9008,her2_bc,HER2-positive Breast Cancer,ONC,2024,559575,171.4,33.4,114.9,31.36
4005,IL-ECO-005,9008,her2_bc,HER2-positive Breast Cancer,ONC,2025,559575,169.6,21.1,115.9,31.67
4006,OH-ECO-006,9001,wet_amd,Wet Age-related Macular Degeneration,OPH,2021,401185,767.3,92.3,321.5,192.93
4006,OH-ECO-006,9001,wet_amd,Wet Age-related Macular Degeneration,OPH,2022,401185,729.9,194.4,356.6,194.86
4006,OH-ECO-006,9001,wet_amd,Wet Age-related Macular Degeneration,OPH,2023,401185,766.7,214.2,458.3,196.81
4006,OH-ECO-006,9001,wet_amd,Wet Age-related Macular Degeneration,OPH,2024,401185,788.8,198.8,302.6,198.77
4006,OH-ECO-006,9001,wet_amd,Wet Age-related Macular Degeneration,OPH,2025,401185,805.5,143.7,530.0,200.76
4006,OH-ECO-006,9002,dme,Diabetic Macular Edema,OPH,2021,401185,1302.5,201.7,627.9,308.17
4006,OH-ECO-006,9002,dme,Diabetic Macular Edema,OPH,2022,401185,1258.6,158.9,828.6,311.26
4006,OH-ECO-006,9002,dme,Diabetic Macular Edema,OPH,2023,401185,1215.2,299.0,792.0,314.37
4006,OH-ECO-006,9002,dme,Diabetic Macular Edema,OPH,2024,401185,1254.3,198.0,756.0,317.51
4006,OH-ECO-006,9002,dme,Diabetic Macular Edema,OPH,2025,401185,1365.5,291.3,914.5,320.69
4006,OH-ECO-006,9003,rvo,Retinal Vein Occlusion,OPH,2021,401185,508.9,67.3,194.3,127.8
4006,OH-ECO-006,9003,rvo,Retinal Vein Occlusion,OPH,2022,401185,486.9,53.8,316.3,129.07
4006,OH-ECO-006,9003,rvo,Retinal Vein Occlusion,OPH,2023,401185,541.5,106.1,359.0,130.36
4006,OH-ECO-006,9003,rvo,Retinal Vein Occlusion,OPH,2024,401185,533.7,124.3,344.2,131.67
4006,OH-ECO-006,9003,rvo,Retinal Vein Occlusion,OPH,2025,401185,568.7,107.2,272.2,132.98
4006,OH-ECO-006,9004,rrms,Relapsing-Remitting Multiple Sclerosis,MS,2021,401185,361.6,69.4,175.2,86.32
4006,OH-ECO-006,9004,rrms,Relapsing-Remitting Multiple Sclerosis,MS,2022,401185,355.1,86.7,125.2,87.19
4006,OH-ECO-006,9004,rrms,Relapsing-Remitting Multiple Sclerosis,MS,2023,401185,409.9,87.9,201.3,88.06
4006,OH-ECO-006,9004,rrms,Relapsing-Remitting Multiple Sclerosis,MS,2024,401185,359.8,72.6,155.2,88.94
4006,OH-ECO-006,9004,rrms,Relapsing-Remitting Multiple Sclerosis,MS,2025,401185,385.9,88.7,256.2,89.83
4006,OH-ECO-006,9005,ppms,Primary Progressive Multiple Sclerosis,MS,2021,401185,97.9,24.9,61.1,23.66
4006,OH-ECO-006,9005,ppms,Primary Progressive Multiple Sclerosis,MS,2022,401185,85.3,10.3,46.8,23.89
4006,OH-ECO-006,9005,ppms,Primary Progressive Multiple Sclerosis,MS,2023,401185,90.4,17.7,43.7,24.13
4006,OH-ECO-006,9005,ppms,Primary Progressive Multiple Sclerosis,MS,2024,401185,88.6,13.3,47.0,24.37
4006,OH-ECO-006,9005,ppms,Primary Progressive Multiple Sclerosis,MS,2025,401185,100.0,24.5,58.5,24.62
4006,OH-ECO-006,9006,hem_a,Hemophilia A,HEM,2021,401185,20.7,4.7,8.2,4.89
4006,OH-ECO-006,9006,hem_a,Hemophilia A,HEM,2022,401185,19.6,2.1,7.6,4.94
4006,OH-ECO-006,9006,hem_a,Hemophilia A,HEM,2023,401185,20.7,4.2,7.4,4.99
4006,OH-ECO-006,9006,hem_a,Hemophilia A,HEM,2024,401185,18.5,4.4,11.9,5.04
4006,OH-ECO-006,9006,hem_a,Hemophilia A,HEM,2025,401185,20.0,2.7,10.1,5.09
4006,OH-ECO-006,9007,sev_asthma,Severe Allergic/Eosinophilic Asthma,RESP,2021,401185,1788.2,298.5,891.6,450.26
4006,OH-ECO-006,9007,sev_asthma,Severe Allergic/Eosinophilic Asthma,RESP,2022,401185,1888.7,260.5,1143.1,454.76
4006,OH-ECO-006,9007,sev_asthma,Severe Allergic/Eosinophilic Asthma,RESP,2023,401185,1751.7,428.3,683.8,459.31
4006,OH-ECO-006,9007,sev_asthma,Severe Allergic/Eosinophilic Asthma,RESP,2024,401185,1871.3,396.9,1086.5,463.9
4006,OH-ECO-006,9007,sev_asthma,Severe Allergic/Eosinophilic Asthma,RESP,2025,401185,2006.6,276.4,1348.2,468.54
4006,OH-ECO-006,9008,her2_bc,HER2-positive Breast Cancer,ONC,2021,401185,176.0,26.1,113.1,37.52
4006,OH-ECO-006,9008,her2_bc,HER2-positive Breast Cancer,ONC,2022,401185,145.8,37.9,81.7,37.89
4006,OH-ECO-006,9008,her2_bc,HER2-positive Breast Cancer,ONC,2023,401185,156.0,32.9,95.7,38.27
4006,OH-ECO-006,9008,her2_bc,HER2-positive Breast Cancer,ONC,2024,401185,158.9,37.1,58.7,38.65
4006,OH-ECO-006,9008,her2_bc,HER2-positive Breast Cancer,ONC,2025,401185,157.8,25.2,70.0,39.04
4007,GA-ECO-007,9001,wet_amd,Wet Age-related Macular Degeneration,OPH,2021,1041480,2703.7,540.5,1181.5,255.16
4007,GA-ECO-007,9001,wet_amd,Wet Age-related Macular Degeneration,OPH,2022,1041480,2691.9,698.4,1603.1,257.72
4007,GA-ECO-007,9001,wet_amd,Wet Age-related Macular Degeneration,OPH,2023,1041480,2745.5,436.9,1120.6,260.29
4007,GA-ECO-007,9001,wet_amd,Wet Age-related Macular Degeneration,OPH,2024,1041480,2746.9,568.8,1441.4,262.9
4007,GA-ECO-007,9001,wet_amd,Wet Age-related Macular Degeneration,OPH,2025,1041480,2645.5,474.4,1169.8,265.52
4007,GA-ECO-007,9002,dme,Diabetic Macular Edema,OPH,2021,1041480,4019.0,535.2,1758.3,391.77
4007,GA-ECO-007,9002,dme,Diabetic Macular Edema,OPH,2022,1041480,4469.6,1203.3,2717.6,395.69
4007,GA-ECO-007,9002,dme,Diabetic Macular Edema,OPH,2023,1041480,4104.4,1054.8,2150.0,399.64
4007,GA-ECO-007,9002,dme,Diabetic Macular Edema,OPH,2024,1041480,4586.8,833.3,1752.3,403.64
4007,GA-ECO-007,9002,dme,Diabetic Macular Edema,OPH,2025,1041480,3754.4,386.4,1600.0,407.68
4007,GA-ECO-007,9003,rvo,Retinal Vein Occlusion,OPH,2021,1041480,1327.9,306.1,901.2,137.87
4007,GA-ECO-007,9003,rvo,Retinal Vein Occlusion,OPH,2022,1041480,1511.6,362.9,1052.8,139.25
4007,GA-ECO-007,9003,rvo,Retinal Vein Occlusion,OPH,2023,1041480,1577.3,364.2,672.2,140.64
4007,GA-ECO-007,9003,rvo,Retinal Vein Occlusion,OPH,2024,1041480,1738.1,275.0,758.2,142.05
4007,GA-ECO-007,9003,rvo,Retinal Vein Occlusion,OPH,2025,1041480,1512.7,161.1,556.2,143.47
4007,GA-ECO-007,9004,rrms,Relapsing-Remitting Multiple Sclerosis,MS,2021,1041480,1296.9,320.6,808.0,129.39
4007,GA-ECO-007,9004,rrms,Relapsing-Remitting Multiple Sclerosis,MS,2022,1041480,1355.8,210.9,663.8,130.69
4007,GA-ECO-007,9004,rrms,Relapsing-Remitting Multiple Sclerosis,MS,2023,1041480,1389.3,156.5,934.8,131.99
4007,GA-ECO-007,9004,rrms,Relapsing-Remitting Multiple Sclerosis,MS,2024,1041480,1421.0,242.6,819.1,133.31
4007,GA-ECO-007,9004,rrms,Relapsing-Remitting Multiple Sclerosis,MS,2025,1041480,1503.7,253.2,806.4,134.65
4007,GA-ECO-007,9005,ppms,Primary Progressive Multiple Sclerosis,MS,2021,1041480,296.7,76.0,121.3,26.71
4007,GA-ECO-007,9005,ppms,Primary Progressive Multiple Sclerosis,MS,2022,1041480,269.6,70.1,156.2,26.98
4007,GA-ECO-007,9005,ppms,Primary Progressive Multiple Sclerosis,MS,2023,1041480,293.1,55.0,144.2,27.25
4007,GA-ECO-007,9005,ppms,Primary Progressive Multiple Sclerosis,MS,2024,1041480,307.1,70.7,121.2,27.52
4007,GA-ECO-007,9005,ppms,Primary Progressive Multiple Sclerosis,MS,2025,1041480,276.4,73.6,184.3,27.8
4007,GA-ECO-007,9006,hem_a,Hemophilia A,HEM,2021,1041480,46.1,9.4,20.3,4.84
4007,GA-ECO-007,9006,hem_a,Hemophilia A,HEM,2022,1041480,51.1,12.6,20.2,4.89
4007,GA-ECO-007,9006,hem_a,Hemophilia A,HEM,2023,1041480,51.6,6.6,25.0,4.94
4007,GA-ECO-007,9006,hem_a,Hemophilia A,HEM,2024,1041480,52.9,10.2,31.3,4.98
4007,GA-ECO-007,9006,hem_a,Hemophilia A,HEM,2025,1041480,52.6,6.6,18.8,5.03
4007,GA-ECO-007,9007,sev_asthma,Severe Allergic/Eosinophilic Asthma,RESP,2021,1041480,4469.5,987.4,2544.5,484.57
4007,GA-ECO-007,9007,sev_asthma,Severe Allergic/Eosinophilic Asthma,RESP,2022,1041480,4890.6,1110.2,2019.5,489.41
4007,GA-ECO-007,9007,sev_asthma,Severe Allergic/Eosinophilic Asthma,RESP,2023,1041480,4902.2,1001.6,2012.2,494.31
4007,GA-ECO-007,9007,sev_asthma,Severe Allergic/Eosinophilic Asthma,RESP,2024,1041480,5285.3,1455.3,1950.5,499.25
4007,GA-ECO-007,9007,sev_asthma,Severe Allergic/Eosinophilic Asthma,RESP,2025,1041480,5453.8,902.6,2697.6,504.24
4007,GA-ECO-007,9008,her2_bc,HER2-positive Breast Cancer,ONC,2021,1041480,473.0,116.2,219.8,44.66
4007,GA-ECO-007,9008,her2_bc,HER2-positive Breast Cancer,ONC,2022,1041480,456.0,96.9,170.3,45.11
4007,GA-ECO-007,9008,her2_bc,HER2-positive Breast Cancer,ONC,2023,1041480,503.9,135.3,179.0,45.56
4007,GA-ECO-007,9008,her2_bc,HER2-positive Breast Cancer,ONC,2024,1041480,516.1,71.4,296.7,46.02
4007,GA-ECO-007,9008,her2_bc,HER2-positive Breast Cancer,ONC,2025,1041480,459.9,109.3,222.8,46.48
4008,NC-ECO-008,9001,wet_amd,Wet Age-related Macular Degeneration,OPH,2021,302249,759.1,186.0,289.2,243.62
4008,NC-ECO-008,9001,wet_amd,Wet Age-related Macular Degeneration,OPH,2022,302249,695.0,119.2,294.8,246.06
4008,NC-ECO-008,9001,wet_amd,Wet Age-related Macular Degeneration,OPH,2023,302249,767.0,85.9,518.4,248.52
4008,NC-ECO-008,9001,wet_amd,Wet Age-related Macular Degeneration,OPH,2024,302249,789.7,124.2,284.4,251.0
4008,NC-ECO-008,9001,wet_amd,Wet Age-related Macular Degeneration,OPH,2025,302249,757.0,101.6,378.9,253.51
4008,NC-ECO-008,9002,dme,Diabetic Macular Edema,OPH,2021,302249,1158.2,291.9,646.8,383.9
4008,NC-ECO-008,9002,dme,Diabetic Macular Edema,OPH,2022,302249,1183.1,244.8,457.4,387.74
4008,NC-ECO-008,9002,dme,Diabetic Macular Edema,OPH,2023,302249,1253.9,151.1,651.5,391.62
4008,NC-ECO-008,9002,dme,Diabetic Macular Edema,OPH,2024,302249,1246.7,142.8,527.2,395.54
4008,NC-ECO-008,9002,dme,Diabetic Macular Edema,OPH,2025,302249,1332.3,333.7,668.3,399.49
4008,NC-ECO-008,9003,rvo,Retinal Vein Occlusion,OPH,2021,302249,414.3,87.2,204.0,132.96
4008,NC-ECO-008,9003,rvo,Retinal Vein Occlusion,OPH,2022,302249,387.2,47.2,236.7,134.29
4008,NC-ECO-008,9003,rvo,Retinal Vein Occlusion,OPH,2023,302249,437.2,49.7,241.9,135.63
4008,NC-ECO-008,9003,rvo,Retinal Vein Occlusion,OPH,2024,302249,385.6,68.0,150.6,136.98
4008,NC-ECO-008,9003,rvo,Retinal Vein Occlusion,OPH,2025,302249,387.6,55.1,251.8,138.35
4008,NC-ECO-008,9004,rrms,Relapsing-Remitting Multiple Sclerosis,MS,2021,302249,314.8,65.4,145.2,103.68
4008,NC-ECO-008,9004,rrms,Relapsing-Remitting Multiple Sclerosis,MS,2022,302249,325.8,55.6,127.4,104.72
4008,NC-ECO-008,9004,rrms,Relapsing-Remitting Multiple Sclerosis,MS,2023,302249,316.5,43.8,210.1,105.77
4008,NC-ECO-008,9004,rrms,Relapsing-Remitting Multiple Sclerosis,MS,2024,302249,326.2,90.0,173.5,106.82
4008,NC-ECO-008,9004,rrms,Relapsing-Remitting Multiple Sclerosis,MS,2025,302249,313.3,42.1,175.2,107.89
4008,NC-ECO-008,9005,ppms,Primary Progressive Multiple Sclerosis,MS,2021,302249,80.5,18.3,54.3,24.71
4008,NC-ECO-008,9005,ppms,Primary Progressive Multiple Sclerosis,MS,2022,302249,71.9,13.8,38.5,24.96
4008,NC-ECO-008,9005,ppms,Primary Progressive Multiple Sclerosis,MS,2023,302249,73.0,18.8,44.2,25.21
4008,NC-ECO-008,9005,ppms,Primary Progressive Multiple Sclerosis,MS,2024,302249,79.4,22.2,34.6,25.46
4008,NC-ECO-008,9005,ppms,Primary Progressive Multiple Sclerosis,MS,2025,302249,78.4,7.9,54.3,25.72
4008,NC-ECO-008,9006,hem_a,Hemophilia A,HEM,2021,302249,15.2,4.1,9.5,4.99
4008,NC-ECO-008,9006,hem_a,Hemophilia A,HEM,2022,302249,16.2,3.0,7.8,5.04
4008,NC-ECO-008,9006,hem_a,Hemophilia A,HEM,2023,302249,14.8,3.1,9.3,5.1
4008,NC-ECO-008,9006,hem_a,Hemophilia A,HEM,2024,302249,14.7,3.4,7.6,5.15
4008,NC-ECO-008,9006,hem_a,Hemophilia A,HEM,2025,302249,15.7,2.8,8.0,5.2
4008,NC-ECO-008,9007,sev_asthma,Severe Allergic/Eosinophilic Asthma,RESP,2021,302249,1182.8,203.2,648.6,397.15
4008,NC-ECO-008,9007,sev_asthma,Severe Allergic/Eosinophilic Asthma,RESP,2022,302249,1213.3,169.0,690.9,401.12
4008,NC-ECO-008,9007,sev_asthma,Severe Allergic/Eosinophilic Asthma,RESP,2023,302249,1261.4,212.8,612.4,405.13
4008,NC-ECO-008,9007,sev_asthma,Severe Allergic/Eosinophilic Asthma,RESP,2024,302249,1285.2,171.6,638.0,409.18
4008,NC-ECO-008,9007,sev_asthma,Severe Allergic/Eosinophilic Asthma,RESP,2025,302249,1265.7,200.7,756.5,413.28
4008,NC-ECO-008,9008,her2_bc,HER2-positive Breast Cancer,ONC,2021,302249,140.2,33.1,79.0,45.61
4008,NC-ECO-008,9008,her2_bc,HER2-positive Breast Cancer,ONC,2022,302249,140.7,14.9,78.1,46.07
4008,NC-ECO-008,9008,her2_bc,HER2-positive Breast Cancer,ONC,2023,302249,135.1,23.8,75.6,46.53
4008,NC-ECO-008,9008,her2_bc,HER2-positive Breast Cancer,ONC,2024,302249,130.6,25.8,77.9,46.99
4008,NC-ECO-008,9008,her2_bc,HER2-positive Breast Cancer,ONC,2025,302249,140.3,36.8,55.8,47.46
4009,MI-ECO-009,9001,wet_amd,Wet Age-related Macular Degeneration,OPH,2021,474864,1136.6,282.3,728.7,224.21
4009,MI-ECO-009,9001,wet_amd,Wet Age-related Macular Degeneration,OPH,2022,474864,1046.1,217.3,519.5,226.46
4009,MI-ECO-009,9001,wet_amd,Wet Age-related Macular Degeneration,OPH,2023,474864,1049.4,130.7,481.8,228.72
4009,MI-ECO-009,9001,wet_amd,Wet Age-related Macular Degeneration,OPH,2024,474864,1100.5,283.7,607.5,231.01
4009,MI-ECO-009,9001,wet_amd,Wet Age-related Macular Degeneration,OPH,2025,474864,1006.8,280.5,565.8,233.32
4009,MI-ECO-009,9002,dme,Diabetic Macular Edema,OPH,2021,474864,1937.0,215.7,1126.1,386.15
4009,MI-ECO-009,9002,dme,Diabetic Macular Edema,OPH,2022,474864,1859.7,336.4,937.3,390.01
4009,MI-ECO-009,9002,dme,Diabetic Macular Edema,OPH,2023,474864,1876.5,281.9,878.0,393.91
4009,MI-ECO-009,9002,dme,Diabetic Macular Edema,OPH,2024,474864,1945.6,261.8,996.1,397.85
4009,MI-ECO-009,9002,dme,Diabetic Macular Edema,OPH,2025,474864,1885.8,465.3,903.3,401.83
4009,MI-ECO-009,9003,rvo,Retinal Vein Occlusion,OPH,2021,474864,569.0,85.8,296.4,127.79
4009,MI-ECO-009,9003,rvo,Retinal Vein Occlusion,OPH,2022,474864,641.1,115.5,447.8,129.07
4009,MI-ECO-009,9003,rvo,Retinal Vein Occlusion,OPH,2023,474864,570.1,81.2,358.6,130.36
4009,MI-ECO-009,9003,rvo,Retinal Vein Occlusion,OPH,2024,474864,626.7,124.0,350.5,131.67
4009,MI-ECO-009,9003,rvo,Retinal Vein Occlusion,OPH,2025,474864,626.0,84.9,393.0,132.98
4009,MI-ECO-009,9004,rrms,Relapsing-Remitting Multiple Sclerosis,MS,2021,474864,474.3,130.5,331.2,106.35
4009,MI-ECO-009,9004,rrms,Relapsing-Remitting Multiple Sclerosis,MS,2022,474864,487.2,124.3,307.6,107.42
4009,MI-ECO-009,9004,rrms,Relapsing-Remitting Multiple Sclerosis,MS,2023,474864,535.4,113.7,334.3,108.49
4009,MI-ECO-009,9004,rrms,Relapsing-Remitting Multiple Sclerosis,MS,2024,474864,538.5,109.9,233.4,109.58
4009,MI-ECO-009,9004,rrms,Relapsing-Remitting Multiple Sclerosis,MS,2025,474864,522.7,71.2,274.9,110.67
4009,MI-ECO-009,9005,ppms,Primary Progressive Multiple Sclerosis,MS,2021,474864,108.7,28.1,51.5,23.37
4009,MI-ECO-009,9005,ppms,Primary Progressive Multiple Sclerosis,MS,2022,474864,109.9,16.4,55.0,23.6
4009,MI-ECO-009,9005,ppms,Primary Progressive Multiple Sclerosis,MS,2023,474864,102.5,18.5,65.3,23.84
4009,MI-ECO-009,9005,ppms,Primary Progressive Multiple Sclerosis,MS,2024,474864,105.2,19.4,72.5,24.08
4009,MI-ECO-009,9005,ppms,Primary Progressive Multiple Sclerosis,MS,2025,474864,117.7,22.4,80.3,24.32
4009,MI-ECO-009,9006,hem_a,Hemophilia A,HEM,2021,474864,22.8,5.7,12.2,4.88
4009,MI-ECO-009,9006,hem_a,Hemophilia A,HEM,2022,474864,23.3,5.4,10.2,4.93
4009,MI-ECO-009,9006,hem_a,Hemophilia A,HEM,2023,474864,23.9,4.6,10.7,4.98
4009,MI-ECO-009,9006,hem_a,Hemophilia A,HEM,2024,474864,24.1,5.8,9.2,5.03
4009,MI-ECO-009,9006,hem_a,Hemophilia A,HEM,2025,474864,23.3,4.0,11.7,5.08
4009,MI-ECO-009,9007,sev_asthma,Severe Allergic/Eosinophilic Asthma,RESP,2021,474864,2334.9,550.5,1243.2,515.43
4009,MI-ECO-009,9007,sev_asthma,Severe Allergic/Eosinophilic Asthma,RESP,2022,474864,2489.6,671.9,1692.2,520.58
4009,MI-ECO-009,9007,sev_asthma,Severe Allergic/Eosinophilic Asthma,RESP,2023,474864,2526.8,309.4,1355.0,525.79
4009,MI-ECO-009,9007,sev_asthma,Severe Allergic/Eosinophilic Asthma,RESP,2024,474864,2405.4,605.3,1457.3,531.05
4009,MI-ECO-009,9007,sev_asthma,Severe Allergic/Eosinophilic Asthma,RESP,2025,474864,2614.4,312.8,1115.5,536.36
4009,MI-ECO-009,9008,her2_bc,HER2-positive Breast Cancer,ONC,2021,474864,162.1,39.9,69.6,37.69
4009,MI-ECO-009,9008,her2_bc,HER2-positive Breast Cancer,ONC,2022,474864,196.6,29.0,92.3,38.06
4009,MI-ECO-009,9008,her2_bc,HER2-positive Breast Cancer,ONC,2023,474864,165.6,36.4,96.8,38.44
4009,MI-ECO-009,9008,her2_bc,HER2-positive Breast Cancer,ONC,2024,474864,177.4,17.8,106.3,38.83
4009,MI-ECO-009,9008,her2_bc,HER2-positive Breast Cancer,ONC,2025,474864,199.4,20.8,76.1,39.22
4010,NJ-ECO-010,9001,wet_amd,Wet Age-related Macular Degeneration,OPH,2021,422881,999.7,262.1,681.8,243.69
4010,NJ-ECO-010,9001,wet_amd,Wet Age-related Macular Degeneration,OPH,2022,422881,1020.8,197.7,501.1,246.13
4010,NJ-ECO-010,9001,wet_amd,Wet Age-related Macular Degeneration,OPH,2023,422881,1063.8,179.4,426.2,248.59
4010,NJ-ECO-010,9001,wet_amd,Wet Age-related Macular Degeneration,OPH,2024,422881,982.0,178.4,574.4,251.08
4010,NJ-ECO-010,9001,wet_amd,Wet Age-related Macular Degeneration,OPH,2025,422881,1091.3,214.8,489.1,253.59
4010,NJ-ECO-010,9002,dme,Diabetic Macular Edema,OPH,2021,422881,1336.9,199.4,814.9,313.17
4010,NJ-ECO-010,9002,dme,Diabetic Macular Edema,OPH,2022,422881,1285.2,335.2,457.4,316.31
4010,NJ-ECO-010,9002,dme,Diabetic Macular Edema,OPH,2023,422881,1368.9,237.2,843.6,319.47
4010,NJ-ECO-010,9002,dme,Diabetic Macular Edema,OPH,2024,422881,1404.4,200.2,670.4,322.66
4010,NJ-ECO-010,9002,dme,Diabetic Macular Edema,OPH,2025,422881,1430.7,351.9,995.9,325.89
4010,NJ-ECO-010,9003,rvo,Retinal Vein Occlusion,OPH,2021,422881,572.4,135.7,274.3,119.81
4010,NJ-ECO-010,9003,rvo,Retinal Vein Occlusion,OPH,2022,422881,575.7,74.2,260.7,121.0
4010,NJ-ECO-010,9003,rvo,Retinal Vein Occlusion,OPH,2023,422881,519.5,109.0,230.5,122.21
4010,NJ-ECO-010,9003,rvo,Retinal Vein Occlusion,OPH,2024,422881,557.4,151.0,303.6,123.44
4010,NJ-ECO-010,9003,rvo,Retinal Vein Occlusion,OPH,2025,422881,522.4,73.8,316.7,124.67
4010,NJ-ECO-010,9004,rrms,Relapsing-Remitting Multiple Sclerosis,MS,2021,422881,385.1,66.4,235.2,92.35
4010,NJ-ECO-010,9004,rrms,Relapsing-Remitting Multiple Sclerosis,MS,2022,422881,389.3,52.0,138.2,93.27
4010,NJ-ECO-010,9004,rrms,Relapsing-Remitting Multiple Sclerosis,MS,2023,422881,434.7,104.6,270.7,94.2
4010,NJ-ECO-010,9004,rrms,Relapsing-Remitting Multiple Sclerosis,MS,2024,422881,408.1,102.1,153.9,95.15
4010,NJ-ECO-010,9004,rrms,Relapsing-Remitting Multiple Sclerosis,MS,2025,422881,436.0,82.9,248.6,96.1
4010,NJ-ECO-010,9005,ppms,Primary Progressive Multiple Sclerosis,MS,2021,422881,90.3,11.8,53.7,19.24
4010,NJ-ECO-010,9005,ppms,Primary Progressive Multiple Sclerosis,MS,2022,422881,81.0,12.4,34.8,19.44
4010,NJ-ECO-010,9005,ppms,Primary Progressive Multiple Sclerosis,MS,2023,422881,70.0,13.1,44.4,19.63
4010,NJ-ECO-010,9005,ppms,Primary Progressive Multiple Sclerosis,MS,2024,422881,76.2,12.2,52.8,19.83
4010,NJ-ECO-010,9005,ppms,Primary Progressive Multiple Sclerosis,MS,2025,422881,86.6,22.8,50.6,20.02
4010,NJ-ECO-010,9006,hem_a,Hemophilia A,HEM,2021,422881,18.9,4.2,9.5,4.47
4010,NJ-ECO-010,9006,hem_a,Hemophilia A,HEM,2022,422881,18.9,2.4,11.5,4.51
4010,NJ-ECO-010,9006,hem_a,Hemophilia A,HEM,2023,422881,20.6,4.6,9.6,4.56
4010,NJ-ECO-010,9006,hem_a,Hemophilia A,HEM,2024,422881,18.1,2.9,6.8,4.6
4010,NJ-ECO-010,9006,hem_a,Hemophilia A,HEM,2025,422881,20.0,5.0,13.4,4.65
4010,NJ-ECO-010,9007,sev_asthma,Severe Allergic/Eosinophilic Asthma,RESP,2021,422881,2012.6,526.9,733.9,445.85
4010,NJ-ECO-010,9007,sev_asthma,Severe Allergic/Eosinophilic Asthma,RESP,2022,422881,2022.3,537.7,1060.0,450.31
4010,NJ-ECO-010,9007,sev_asthma,Severe Allergic/Eosinophilic Asthma,RESP,2023,422881,1941.4,304.9,1214.2,454.81
4010,NJ-ECO-010,9007,sev_asthma,Severe Allergic/Eosinophilic Asthma,RESP,2024,422881,2153.2,247.2,941.3,459.36
4010,NJ-ECO-010,9007,sev_asthma,Severe Allergic/Eosinophilic Asthma,RESP,2025,422881,2013.8,211.0,789.6,463.95
4010,NJ-ECO-010,9008,her2_bc,HER2-positive Breast Cancer,ONC,2021,422881,159.8,26.7,66.4,38.89
4010,NJ-ECO-010,9008,her2_bc,HER2-positive Breast Cancer,ONC,2022,422881,170.1,36.6,113.8,39.28
4010,NJ-ECO-010,9008,her2_bc,HER2-positive Breast Cancer,ONC,2023,422881,175.3,27.9,93.8,39.67
4010,NJ-ECO-010,9008,her2_bc,HER2-positive Breast Cancer,ONC,2024,422881,160.3,16.5,87.2,40.07
4010,NJ-ECO-010,9008,her2_bc,HER2-positive Breast Cancer,ONC,2025,422881,167.2,19.5,113.2,40.47
4011,VA-ECO-011,9001,wet_amd,Wet Age-related Macular Degeneration,OPH,2021,688528,1315.3,176.2,672.1,202.77
4011,VA-ECO-011,9001,wet_amd,Wet Age-related Macular Degeneration,OPH,2022,688528,1381.4,280.4,609.9,204.8
4011,VA-ECO-011,9001,wet_amd,Wet Age-related Macular Degeneration,OPH,2023,688528,1345.1,153.4,869.9,206.85
4011,VA-ECO-011,9001,wet_amd,Wet Age-related Macular Degeneration,OPH,2024,688528,1505.3,208.2,865.3,208.91
4011,VA-ECO-011,9001,wet_amd,Wet Age-related Macular Degeneration,OPH,2025,688528,1385.6,314.5,595.5,211.0
4011,VA-ECO-011,9002,dme,Diabetic Macular Edema,OPH,2021,688528,1993.8,248.0,1106.4,310.15
4011,VA-ECO-011,9002,dme,Diabetic Macular Edema,OPH,2022,688528,2074.2,246.4,1309.7,313.25
4011,VA-ECO-011,9002,dme,Diabetic Macular Edema,OPH,2023,688528,2119.1,565.3,1316.2,316.38
4011,VA-ECO-011,9002,dme,Diabetic Macular Edema,OPH,2024,688528,2325.4,390.0,1531.4,319.55
4011,VA-ECO-011,9002,dme,Diabetic Macular Edema,OPH,2025,688528,2251.2,388.2,1404.6,322.74
4011,VA-ECO-011,9003,rvo,Retinal Vein Occlusion,OPH,2021,688528,663.6,165.1,398.4,99.07
4011,VA-ECO-011,9003,rvo,Retinal Vein Occlusion,OPH,2022,688528,593.0,88.0,265.5,100.06
4011,VA-ECO-011,9003,rvo,Retinal Vein Occlusion,OPH,2023,688528,689.9,131.4,454.2,101.06
4011,VA-ECO-011,9003,rvo,Retinal Vein Occlusion,OPH,2024,688528,680.2,116.7,256.7,102.08
4011,VA-ECO-011,9003,rvo,Retinal Vein Occlusion,OPH,2025,688528,690.3,161.5,301.0,103.1
4011,VA-ECO-011,9004,rrms,Relapsing-Remitting Multiple Sclerosis,MS,2021,688528,650.7,139.6,325.5,87.49
4011,VA-ECO-011,9004,rrms,Relapsing-Remitting Multiple Sclerosis,MS,2022,688528,612.4,168.3,272.7,88.37
4011,VA-ECO-011,9004,rrms,Relapsing-Remitting Multiple Sclerosis,MS,2023,688528,627.3,68.1,424.6,89.25
4011,VA-ECO-011,9004,rrms,Relapsing-Remitting Multiple Sclerosis,MS,2024,688528,597.8,151.9,280.7,90.14
4011,VA-ECO-011,9004,rrms,Relapsing-Remitting Multiple Sclerosis,MS,2025,688528,663.2,169.2,410.6,91.04
4011,VA-ECO-011,9005,ppms,Primary Progressive Multiple Sclerosis,MS,2021,688528,153.8,26.4,61.3,21.24
4011,VA-ECO-011,9005,ppms,Primary Progressive Multiple Sclerosis,MS,2022,688528,151.9,32.1,83.7,21.45
4011,VA-ECO-011,9005,ppms,Primary Progressive Multiple Sclerosis,MS,2023,688528,144.4,14.7,63.0,21.67
4011,VA-ECO-011,9005,ppms,Primary Progressive Multiple Sclerosis,MS,2024,688528,159.5,34.8,108.4,21.88
4011,VA-ECO-011,9005,ppms,Primary Progressive Multiple Sclerosis,MS,2025,688528,156.2,36.2,58.3,22.1
4011,VA-ECO-011,9006,hem_a,Hemophilia A,HEM,2021,688528,32.7,8.6,16.7,4.49
4011,VA-ECO-011,9006,hem_a,Hemophilia A,HEM,2022,688528,30.4,8.2,15.6,4.54
4011,VA-ECO-011,9006,hem_a,Hemophilia A,HEM,2023,688528,29.3,6.7,16.3,4.58
4011,VA-ECO-011,9006,hem_a,Hemophilia A,HEM,2024,688528,32.0,5.5,15.5,4.63
4011,VA-ECO-011,9006,hem_a,Hemophilia A,HEM,2025,688528,31.8,4.1,17.1,4.68
4011,VA-ECO-011,9007,sev_asthma,Severe Allergic/Eosinophilic Asthma,RESP,2021,688528,3317.5,806.5,1325.3,469.64
4011,VA-ECO-011,9007,sev_asthma,Severe Allergic/Eosinophilic Asthma,RESP,2022,688528,3267.2,710.4,1500.3,474.33
4011,VA-ECO-011,9007,sev_asthma,Severe Allergic/Eosinophilic Asthma,RESP,2023,688528,3636.0,702.8,2255.9,479.08
4011,VA-ECO-011,9007,sev_asthma,Severe Allergic/Eosinophilic Asthma,RESP,2024,688528,3065.3,682.4,1185.8,483.87
4011,VA-ECO-011,9007,sev_asthma,Severe Allergic/Eosinophilic Asthma,RESP,2025,688528,3078.2,360.7,1507.5,488.71
4011,VA-ECO-011,9008,her2_bc,HER2-positive Breast Cancer,ONC,2021,688528,241.1,42.3,128.3,37.31
4011,VA-ECO-011,9008,her2_bc,HER2-positive Breast Cancer,ONC,2022,688528,250.2,43.2,99.4,37.68
4011,VA-ECO-011,9008,her2_bc,HER2-positive Breast Cancer,ONC,2023,688528,265.7,65.7,162.1,38.06
4011,VA-ECO-011,9008,her2_bc,HER2-positive Breast Cancer,ONC,2024,688528,276.5,47.2,110.1,38.44
4011,VA-ECO-011,9008,her2_bc,HER2-positive Breast Cancer,ONC,2025,688528,251.1,66.2,120.1,38.82
4012,WA-ECO-012,9001,wet_amd,Wet Age-related Macular Degeneration,OPH,2021,387571,803.4,94.1,511.6,228.48
4012,WA-ECO-012,9001,wet_amd,Wet Age-related Macular Degeneration,OPH,2022,387571,958.8,163.3,371.0,230.76
4012,WA-ECO-012,9001,wet_amd,Wet Age-related Macular Degeneration,OPH,2023,387571,880.4,177.0,381.4,233.07
4012,WA-ECO-012,9001,wet_amd,Wet Age-related Macular Degeneration,OPH,2024,387571,927.9,106.0,349.0,235.4
4012,WA-ECO-012,9001,wet_amd,Wet Age-related Macular Degeneration,OPH,2025,387571,946.8,176.9,365.4,237.75
4012,WA-ECO-012,9002,dme,Diabetic Macular Edema,OPH,2021,387571,1374.3,149.9,841.6,358.97
4012,WA-ECO-012,9002,dme,Diabetic Macular Edema,OPH,2022,387571,1339.3,367.1,772.0,362.55
4012,WA-ECO-012,9002,dme,Diabetic Macular Edema,OPH,2023,387571,1477.2,274.1,792.0,366.18
4012,WA-ECO-012,9002,dme,Diabetic Macular Edema,OPH,2024,387571,1437.5,304.6,939.5,369.84
4012,WA-ECO-012,9002,dme,Diabetic Macular Edema,OPH,2025,387571,1478.7,231.0,607.7,373.54
4012,WA-ECO-012,9003,rvo,Retinal Vein Occlusion,OPH,2021,387571,578.5,99.3,247.6,142.83
4012,WA-ECO-012,9003,rvo,Retinal Vein Occlusion,OPH,2022,387571,572.6,105.3,268.7,144.26
4012,WA-ECO-012,9003,rvo,Retinal Vein Occlusion,OPH,2023,387571,534.0,92.0,325.9,145.7
4012,WA-ECO-012,9003,rvo,Retinal Vein Occlusion,OPH,2024,387571,587.7,95.6,375.0,147.16
4012,WA-ECO-012,9003,rvo,Retinal Vein Occlusion,OPH,2025,387571,538.3,124.2,236.4,148.63
4012,WA-ECO-012,9004,rrms,Relapsing-Remitting Multiple Sclerosis,MS,2021,387571,355.6,42.2,132.1,93.49
4012,WA-ECO-012,9004,rrms,Relapsing-Remitting Multiple Sclerosis,MS,2022,387571,382.1,59.0,224.8,94.43
4012,WA-ECO-012,9004,rrms,Relapsing-Remitting Multiple Sclerosis,MS,2023,387571,358.5,96.1,141.9,95.37
4012,WA-ECO-012,9004,rrms,Relapsing-Remitting Multiple Sclerosis,MS,2024,387571,374.2,99.6,222.0,96.33
4012,WA-ECO-012,9004,rrms,Relapsing-Remitting Multiple Sclerosis,MS,2025,387571,390.5,46.5,266.3,97.29
4012,WA-ECO-012,9005,ppms,Primary Progressive Multiple Sclerosis,MS,2021,387571,101.5,14.3,50.0,23.77
4012,WA-ECO-012,9005,ppms,Primary Progressive Multiple Sclerosis,MS,2022,387571,88.9,12.5,34.6,24.01
4012,WA-ECO-012,9005,ppms,Primary Progressive Multiple Sclerosis,MS,2023,387571,87.4,10.3,45.5,24.25
4012,WA-ECO-012,9005,ppms,Primary Progressive Multiple Sclerosis,MS,2024,387571,87.7,19.5,49.7,24.49
4012,WA-ECO-012,9005,ppms,Primary Progressive Multiple Sclerosis,MS,2025,387571,92.6,22.0,45.6,24.73
4012,WA-ECO-012,9006,hem_a,Hemophilia A,HEM,2021,387571,16.8,3.5,6.3,4.2
4012,WA-ECO-012,9006,hem_a,Hemophilia A,HEM,2022,387571,15.8,3.6,9.9,4.24
4012,WA-ECO-012,9006,hem_a,Hemophilia A,HEM,2023,387571,15.7,2.2,5.7,4.28
4012,WA-ECO-012,9006,hem_a,Hemophilia A,HEM,2024,387571,15.6,3.5,10.7,4.32
4012,WA-ECO-012,9006,hem_a,Hemophilia A,HEM,2025,387571,15.3,3.1,6.0,4.37
4012,WA-ECO-012,9007,sev_asthma,Severe Allergic/Eosinophilic Asthma,RESP,2021,387571,1726.8,374.8,1116.8,457.85
4012,WA-ECO-012,9007,sev_asthma,Severe Allergic/Eosinophilic Asthma,RESP,2022,387571,1966.2,221.2,776.7,462.43
4012,WA-ECO-012,9007,sev_asthma,Severe Allergic/Eosinophilic Asthma,RESP,2023,387571,1749.1,207.2,1077.5,467.05
4012,WA-ECO-012,9007,sev_asthma,Severe Allergic/Eosinophilic Asthma,RESP,2024,387571,2209.3,569.5,807.8,471.72
4012,WA-ECO-012,9007,sev_asthma,Severe Allergic/Eosinophilic Asthma,RESP,2025,387571,1841.0,491.6,741.4,476.44
4012,WA-ECO-012,9008,her2_bc,HER2-positive Breast Cancer,ONC,2021,387571,151.6,40.3,86.2,39.11
4012,WA-ECO-012,9008,her2_bc,HER2-positive Breast Cancer,ONC,2022,387571,168.9,19.7,59.2,39.5
4012,WA-ECO-012,9008,her2_bc,HER2-positive Breast Cancer,ONC,2023,387571,159.0,44.2,63.1,39.9
4012,WA-ECO-012,9008,her2_bc,HER2-positive Breast Cancer,ONC,2024,387571,145.6,29.1,57.9,40.3
4012,WA-ECO-012,9008,her2_bc,HER2-positive Breast Cancer,ONC,2025,387571,154.2,20.4,107.7,40.7
4013,AZ-ECO-013,9001,wet_amd,Wet Age-related Macular Degeneration,OPH,2021,849354,1827.7,281.0,678.3,233.07
4013,AZ-ECO-013,9001,wet_amd,Wet Age-related Macular Degeneration,OPH,2022,849354,1932.5,381.0,696.8,235.4
4013,AZ-ECO-013,9001,wet_amd,Wet Age-related Macular Degeneration,OPH,2023,849354,1981.7,535.1,970.8,237.76
4013,AZ-ECO-013,9001,wet_amd,Wet Age-related Macular Degeneration,OPH,2024,849354,2181.8,569.0,908.2,240.13
4013,AZ-ECO-013,9001,wet_amd,Wet Age-related Macular Degeneration,OPH,2025,849354,2067.0,387.7,1169.9,242.53
4013,AZ-ECO-013,9002,dme,Diabetic Macular Edema,OPH,2021,849354,2716.8,735.9,1149.1,333.22
4013,AZ-ECO-013,9002,dme,Diabetic Macular Edema,OPH,2022,849354,2807.2,536.6,1459.6,336.55
4013,AZ-ECO-013,9002,dme,Diabetic Macular Edema,OPH,2023,849354,3071.4,677.6,1881.0,339.92
4013,AZ-ECO-013,9002,dme,Diabetic Macular Edema,OPH,2024,849354,2744.9,323.8,1315.8,343.32
4013,AZ-ECO-013,9002,dme,Diabetic Macular Edema,OPH,2025,849354,2910.0,366.0,1056.3,346.75
4013,AZ-ECO-013,9003,rvo,Retinal Vein Occlusion,OPH,2021,849354,1092.0,183.2,716.9,125.64
4013,AZ-ECO-013,9003,rvo,Retinal Vein Occlusion,OPH,2022,849354,1125.3,285.4,510.6,126.9
4013,AZ-ECO-013,9003,rvo,Retinal Vein Occlusion,OPH,2023,849354,1020.5,254.7,520.9,128.17
4013,AZ-ECO-013,9003,rvo,Retinal Vein Occlusion,OPH,2024,849354,1042.9,190.5,459.9,129.45
4013,AZ-ECO-013,9003,rvo,Retinal Vein Occlusion,OPH,2025,849354,1074.9,109.2,516.9,130.75
4013,AZ-ECO-013,9004,rrms,Relapsing-Remitting Multiple Sclerosis,MS,2021,849354,844.3,234.4,489.5,98.51
4013,AZ-ECO-013,9004,rrms,Relapsing-Remitting Multiple Sclerosis,MS,2022,849354,853.4,115.9,349.6,99.49
4013,AZ-ECO-013,9004,rrms,Relapsing-Remitting Multiple Sclerosis,MS,2023,849354,901.8,143.7,557.4,100.49
4013,AZ-ECO-013,9004,rrms,Relapsing-Remitting Multiple Sclerosis,MS,2024,849354,820.7,194.9,352.4,101.49
4013,AZ-ECO-013,9004,rrms,Relapsing-Remitting Multiple Sclerosis,MS,2025,849354,908.3,155.0,490.3,102.5
4013,AZ-ECO-013,9005,ppms,Primary Progressive Multiple Sclerosis,MS,2021,849354,149.0,41.2,85.9,18.04
4013,AZ-ECO-013,9005,ppms,Primary Progressive Multiple Sclerosis,MS,2022,849354,149.9,42.0,87.2,18.22
4013,AZ-ECO-013,9005,ppms,Primary Progressive Multiple Sclerosis,MS,2023,849354,157.0,17.3,84.7,18.4
4013,AZ-ECO-013,9005,ppms,Primary Progressive Multiple Sclerosis,MS,2024,849354,178.0,43.1,69.6,18.58
4013,AZ-ECO-013,9005,ppms,Primary Progressive Multiple Sclerosis,MS,2025,849354,167.7,28.6,104.7,18.77
4013,AZ-ECO-013,9006,hem_a,Hemophilia A,HEM,2021,849354,41.2,4.7,19.2,4.81
4013,AZ-ECO-013,9006,hem_a,Hemophilia A,HEM,2022,849354,39.1,10.0,27.2,4.86
4013,AZ-ECO-013,9006,hem_a,Hemophilia A,HEM,2023,849354,42.3,11.5,22.3,4.91
4013,AZ-ECO-013,9006,hem_a,Hemophilia A,HEM,2024,849354,42.3,10.4,25.9,4.95
4013,AZ-ECO-013,9006,hem_a,Hemophilia A,HEM,2025,849354,44.3,4.5,21.9,5.0
4013,AZ-ECO-013,9007,sev_asthma,Severe Allergic/Eosinophilic Asthma,RESP,2021,849354,3750.5,707.6,1978.7,468.33
4013,AZ-ECO-013,9007,sev_asthma,Severe Allergic/Eosinophilic Asthma,RESP,2022,849354,3996.7,1053.4,2121.5,473.02
4013,AZ-ECO-013,9007,sev_asthma,Severe Allergic/Eosinophilic Asthma,RESP,2023,849354,4027.0,1114.6,2236.9,477.75
4013,AZ-ECO-013,9007,sev_asthma,Severe Allergic/Eosinophilic Asthma,RESP,2024,849354,4202.6,996.0,1954.9,482.52
4013,AZ-ECO-013,9007,sev_asthma,Severe Allergic/Eosinophilic Asthma,RESP,2025,849354,4242.0,1047.2,2237.8,487.35
4013,AZ-ECO-013,9008,her2_bc,HER2-positive Breast Cancer,ONC,2021,849354,257.9,60.0,136.7,30.0
4013,AZ-ECO-013,9008,her2_bc,HER2-positive Breast Cancer,ONC,2022,849354,285.3,50.2,172.3,30.3
4013,AZ-ECO-013,9008,her2_bc,HER2-positive Breast Cancer,ONC,2023,849354,244.8,43.5,116.0,30.61
4013,AZ-ECO-013,9008,her2_bc,HER2-positive Breast Cancer,ONC,2024,849354,277.6,63.4,146.1,30.91
4013,AZ-ECO-013,9008,her2_bc,HER2-positive Breast Cancer,ONC,2025,849354,256.3,42.9,172.6,31.22
4014,MA-ECO-014,9001,wet_amd,Wet Age-related Macular Degeneration,OPH,2021,694452,1302.5,194.0,457.6,197.19
4014,MA-ECO-014,9001,wet_amd,Wet Age-related Macular Degeneration,OPH,2022,694452,1463.2,339.6,951.5,199.16
4014,MA-ECO-014,9001,wet_amd,Wet Age-related Macular Degeneration,OPH,2023,694452,1363.0,247.1,812.7,201.15
4014,MA-ECO-014,9001,wet_amd,Wet Age-related Macular Degeneration,OPH,2024,694452,1457.5,261.8,536.9,203.16
4014,MA-ECO-014,9001,wet_amd,Wet Age-related Macular Degeneration,OPH,2025,694452,1489.9,372.8,741.7,205.19
4014,MA-ECO-014,9002,dme,Diabetic Macular Edema,OPH,2021,694452,2560.4,533.9,1140.0,366.58
4014,MA-ECO-014,9002,dme,Diabetic Macular Edema,OPH,2022,694452,2564.5,561.4,1747.4,370.24
4014,MA-ECO-014,9002,dme,Diabetic Macular Edema,OPH,2023,694452,2710.3,523.9,1570.9,373.95
4014,MA-ECO-014,9002,dme,Diabetic Macular Edema,OPH,2024,694452,2673.1,598.5,1014.1,377.68
4014,MA-ECO-014,9002,dme,Diabetic Macular Edema,OPH,2025,694452,2397.6,447.9,1594.4,381.46
4014,MA-ECO-014,9003,rvo,Retinal Vein Occlusion,OPH,2021,694452,883.3,111.8,592.9,133.35
4014,MA-ECO-014,9003,rvo,Retinal Vein Occlusion,OPH,2022,694452,938.8,100.4,442.6,134.68
4014,MA-ECO-014,9003,rvo,Retinal Vein Occlusion,OPH,2023,694452,912.0,100.4,449.9,136.03
4014,MA-ECO-014,9003,rvo,Retinal Vein Occlusion,OPH,2024,694452,1000.5,221.0,615.9,137.39
4014,MA-ECO-014,9003,rvo,Retinal Vein Occlusion,OPH,2025,694452,1032.6,193.2,525.0,138.76
4014,MA-ECO-014,9004,rrms,Relapsing-Remitting Multiple Sclerosis,MS,2021,694452,671.8,94.2,369.7,103.9
4014,MA-ECO-014,9004,rrms,Relapsing-Remitting Multiple Sclerosis,MS,2022,694452,738.5,112.9,435.5,104.94
4014,MA-ECO-014,9004,rrms,Relapsing-Remitting Multiple Sclerosis,MS,2023,694452,755.4,166.4,509.5,105.99
4014,MA-ECO-014,9004,rrms,Relapsing-Remitting Multiple Sclerosis,MS,2024,694452,685.9,101.0,375.2,107.05
4014,MA-ECO-014,9004,rrms,Relapsing-Remitting Multiple Sclerosis,MS,2025,694452,725.4,200.3,373.3,108.12
4014,MA-ECO-014,9005,ppms,Primary Progressive Multiple Sclerosis,MS,2021,694452,164.2,24.4,64.3,22.5
4014,MA-ECO-014,9005,ppms,Primary Progressive Multiple Sclerosis,MS,2022,694452,170.9,39.6,80.0,22.73
4014,MA-ECO-014,9005,ppms,Primary Progressive Multiple Sclerosis,MS,2023,694452,173.5,25.8,62.1,22.96
4014,MA-ECO-014,9005,ppms,Primary Progressive Multiple Sclerosis,MS,2024,694452,154.0,39.5,66.6,23.19
4014,MA-ECO-014,9005,ppms,Primary Progressive Multiple Sclerosis,MS,2025,694452,160.0,18.8,86.7,23.42
4014,MA-ECO-014,9006,hem_a,Hemophilia A,HEM,2021,694452,30.5,8.2,19.4,4.4
4014,MA-ECO-014,9006,hem_a,Hemophilia A,HEM,2022,694452,32.4,3.8,15.3,4.44
4014,MA-ECO-014,9006,hem_a,Hemophilia A,HEM,2023,694452,32.0,8.5,20.6,4.48
4014,MA-ECO-014,9006,hem_a,Hemophilia A,HEM,2024,694452,29.0,4.3,17.8,4.53
4014,MA-ECO-014,9006,hem_a,Hemophilia A,HEM,2025,694452,31.9,7.0,12.6,4.57
4014,MA-ECO-014,9007,sev_asthma,Severe Allergic/Eosinophilic Asthma,RESP,2021,694452,3353.7,446.6,1726.9,494.08
4014,MA-ECO-014,9007,sev_asthma,Severe Allergic/Eosinophilic Asthma,RESP,2022,694452,3593.4,602.3,1843.8,499.02
4014,MA-ECO-014,9007,sev_asthma,Severe Allergic/Eosinophilic Asthma,RESP,2023,694452,3821.9,849.5,1608.3,504.01
4014,MA-ECO-014,9007,sev_asthma,Severe Allergic/Eosinophilic Asthma,RESP,2024,694452,3525.7,473.0,1480.4,509.05
4014,MA-ECO-014,9007,sev_asthma,Severe Allergic/Eosinophilic Asthma,RESP,2025,694452,3428.4,563.7,1760.1,514.14
4014,MA-ECO-014,9008,her2_bc,HER2-positive Breast Cancer,ONC,2021,694452,287.3,39.3,105.7,43.42
4014,MA-ECO-014,9008,her2_bc,HER2-positive Breast Cancer,ONC,2022,694452,286.4,38.3,113.2,43.86
4014,MA-ECO-014,9008,her2_bc,HER2-positive Breast Cancer,ONC,2023,694452,323.6,56.3,198.6,44.3
4014,MA-ECO-014,9008,her2_bc,HER2-positive Breast Cancer,ONC,2024,694452,294.9,68.3,106.0,44.74
4014,MA-ECO-014,9008,her2_bc,HER2-positive Breast Cancer,ONC,2025,694452,291.7,33.5,124.2,45.19
4015,TN-ECO-015,9001,wet_amd,Wet Age-related Macular Degeneration,OPH,2021,358423,777.6,150.1,452.1,219.59
4015,TN-ECO-015,9001,wet_amd,Wet Age-related Macular Degeneration,OPH,2022,358423,882.2,242.7,438.6,221.79
4015,TN-ECO-015,9001,wet_amd,Wet Age-related Macular Degeneration,OPH,2023,358423,826.1,208.1,425.9,224.0
4015,TN-ECO-015,9001,wet_amd,Wet Age-related Macular Degeneration,OPH,2024,358423,828.9,186.5,494.4,226.24
4015,TN-ECO-015,9001,wet_amd,Wet Age-related Macular Degeneration,OPH,2025,358423,766.3,171.4,480.9,228.51
4015,TN-ECO-015,9002,dme,Diabetic Macular Edema,OPH,2021,358423,1452.5,289.4,862.1,390.94
4015,TN-ECO-015,9002,dme,Diabetic Macular Edema,OPH,2022,358423,1403.1,206.7,749.5,394.85
4015,TN-ECO-015,9002,dme,Diabetic Macular Edema,OPH,2023,358423,1366.4,141.3,609.4,398.8
4015,TN-ECO-015,9002,dme,Diabetic Macular Edema,OPH,2024,358423,1473.1,238.0,756.3,402.79
4015,TN-ECO-015,9002,dme,Diabetic Macular Edema,OPH,2025,358423,1516.5,178.3,724.4,406.82
4015,TN-ECO-015,9003,rvo,Retinal Vein Occlusion,OPH,2021,358423,508.3,129.4,313.8,133.26
4015,TN-ECO-015,9003,rvo,Retinal Vein Occlusion,OPH,2022,358423,502.8,59.5,184.5,134.59
4015,TN-ECO-015,9003,rvo,Retinal Vein Occlusion,OPH,2023,358423,463.6,107.9,191.1,135.93
4015,TN-ECO-015,9003,rvo,Retinal Vein Occlusion,OPH,2024,358423,515.6,92.7,320.4,137.29
4015,TN-ECO-015,9003,rvo,Retinal Vein Occlusion,OPH,2025,358423,460.7,46.4,296.6,138.67
4015,TN-ECO-015,9004,rrms,Relapsing-Remitting Multiple Sclerosis,MS,2021,358423,332.5,44.9,154.0,102.13
4015,TN-ECO-015,9004,rrms,Relapsing-Remitting Multiple Sclerosis,MS,2022,358423,369.2,64.5,163.0,103.15
4015,TN-ECO-015,9004,rrms,Relapsing-Remitting Multiple Sclerosis,MS,2023,358423,364.3,38.4,195.7,104.18
4015,TN-ECO-015,9004,rrms,Relapsing-Remitting Multiple Sclerosis,MS,2024,358423,347.2,75.4,166.8,105.22
4015,TN-ECO-015,9004,rrms,Relapsing-Remitting Multiple Sclerosis,MS,2025,358423,369.8,39.6,174.6,106.27
4015,TN-ECO-015,9005,ppms,Primary Progressive Multiple Sclerosis,MS,2021,358423,75.3,7.8,44.6,20.86
4015,TN-ECO-015,9005,ppms,Primary Progressive Multiple Sclerosis,MS,2022,358423,72.2,19.3,49.9,21.07
4015,TN-ECO-015,9005,ppms,Primary Progressive Multiple Sclerosis,MS,2023,358423,81.7,20.4,44.0,21.28
4015,TN-ECO-015,9005,ppms,Primary Progressive Multiple Sclerosis,MS,2024,358423,72.4,13.7,49.3,21.49
4015,TN-ECO-015,9005,ppms,Primary Progressive Multiple Sclerosis,MS,2025,358423,75.1,16.4,45.7,21.7
4015,TN-ECO-015,9006,hem_a,Hemophilia A,HEM,2021,358423,15.0,3.2,9.5,4.36
4015,TN-ECO-015,9006,hem_a,Hemophilia A,HEM,2022,358423,15.2,2.4,6.0,4.41
4015,TN-ECO-015,9006,hem_a,Hemophilia A,HEM,2023,358423,17.3,4.1,10.8,4.45
4015,TN-ECO-015,9006,hem_a,Hemophilia A,HEM,2024,358423,16.5,1.9,7.6,4.5
4015,TN-ECO-015,9006,hem_a,Hemophilia A,HEM,2025,358423,16.6,1.9,7.5,4.54
4015,TN-ECO-015,9007,sev_asthma,Severe Allergic/Eosinophilic Asthma,RESP,2021,358423,1644.6,391.6,749.3,418.07
4015,TN-ECO-015,9007,sev_asthma,Severe Allergic/Eosinophilic Asthma,RESP,2022,358423,1511.8,240.6,873.6,422.25
4015,TN-ECO-015,9007,sev_asthma,Severe Allergic/Eosinophilic Asthma,RESP,2023,358423,1598.1,265.8,758.9,426.47
4015,TN-ECO-015,9007,sev_asthma,Severe Allergic/Eosinophilic Asthma,RESP,2024,358423,1677.5,420.2,854.7,430.74
4015,TN-ECO-015,9007,sev_asthma,Severe Allergic/Eosinophilic Asthma,RESP,2025,358423,1644.8,339.6,806.1,435.04
4015,TN-ECO-015,9008,her2_bc,HER2-positive Breast Cancer,ONC,2021,358423,141.9,27.6,78.2,38.22
4015,TN-ECO-015,9008,her2_bc,HER2-positive Breast Cancer,ONC,2022,358423,130.4,16.2,60.7,38.61
4015,TN-ECO-015,9008,her2_bc,HER2-positive Breast Cancer,ONC,2023,358423,136.3,25.6,81.6,38.99
4015,TN-ECO-015,9008,her2_bc,HER2-positive Breast Cancer,ONC,2024,358423,145.1,35.4,76.2,39.38
4015,TN-ECO-015,9008,her2_bc,HER2-positive Breast Cancer,ONC,2025,358423,147.2,30.2,97.4,39.77
4016,IN-ECO-016,9001,wet_amd,Wet Age-related Macular Degeneration,OPH,2021,350755,597.3,82.4,245.0,170.58
4016,IN-ECO-016,9001,wet_amd,Wet Age-related Macular Degeneration,OPH,2022,350755,578.4,112.0,255.8,172.28
4016,IN-ECO-016,9001,wet_amd,Wet Age-related Macular Degeneration,OPH,2023,350755,588.9,74.6,322.9,174.0
4016,IN-ECO-016,9001,wet_amd,Wet Age-related Macular Degeneration,OPH,2024,350755,623.7,83.9,420.7,175.74
4016,IN-ECO-016,9001,wet_amd,Wet Age-related Macular Degeneration,OPH,2025,350755,606.9,96.0,245.9,177.5
4016,IN-ECO-016,9002,dme,Diabetic Macular Edema,OPH,2021,350755,1121.4,156.2,648.2,281.43
4016,IN-ECO-016,9002,dme,Diabetic Macular Edema,OPH,2022,350755,1000.4,111.8,649.3,284.24
4016,IN-ECO-016,9002,dme,Diabetic Macular Edema,OPH,2023,350755,987.8,106.1,431.5,287.08
4016,IN-ECO-016,9002,dme,Diabetic Macular Edema,OPH,2024,350755,1018.2,257.0,472.6,289.95
4016,IN-ECO-016,9002,dme,Diabetic Macular Edema,OPH,2025,350755,983.2,202.4,539.8,292.85
4016,IN-ECO-016,9003,rvo,Retinal Vein Occlusion,OPH,2021,350755,302.2,57.9,129.4,86.57
4016,IN-ECO-016,9003,rvo,Retinal Vein Occlusion,OPH,2022,350755,306.4,68.2,124.5,87.44
4016,IN-ECO-016,9003,rvo,Retinal Vein Occlusion,OPH,2023,350755,308.2,60.7,144.6,88.31
4016,IN-ECO-016,9003,rvo,Retinal Vein Occlusion,OPH,2024,350755,311.2,31.9,131.2,89.2
4016,IN-ECO-016,9003,rvo,Retinal Vein Occlusion,OPH,2025,350755,344.6,84.1,187.7,90.09
4016,IN-ECO-016,9004,rrms,Relapsing-Remitting Multiple Sclerosis,MS,2021,350755,306.2,31.2,206.6,85.98
4016,IN-ECO-016,9004,rrms,Relapsing-Remitting Multiple Sclerosis,MS,2022,350755,288.1,36.8,160.2,86.84
4016,IN-ECO-016,9004,rrms,Relapsing-Remitting Multiple Sclerosis,MS,2023,350755,305.6,81.7,176.9,87.71
4016,IN-ECO-016,9004,rrms,Relapsing-Remitting Multiple Sclerosis,MS,2024,350755,324.2,60.1,144.2,88.59
4016,IN-ECO-016,9004,rrms,Relapsing-Remitting Multiple Sclerosis,MS,2025,350755,314.1,73.8,147.8,89.48
4016,IN-ECO-016,9005,ppms,Primary Progressive Multiple Sclerosis,MS,2021,350755,58.7,7.3,30.9,16.66
4016,IN-ECO-016,9005,ppms,Primary Progressive Multiple Sclerosis,MS,2022,350755,60.0,14.5,33.3,16.83
4016,IN-ECO-016,9005,ppms,Primary Progressive Multiple Sclerosis,MS,2023,350755,60.8,14.7,36.0,16.99
4016,IN-ECO-016,9005,ppms,Primary Progressive Multiple Sclerosis,MS,2024,350755,61.1,14.4,26.5,17.16
4016,IN-ECO-016,9005,ppms,Primary Progressive Multiple Sclerosis,MS,2025,350755,57.0,11.2,38.2,17.34
4016,IN-ECO-016,9006,hem_a,Hemophilia A,HEM,2021,350755,14.6,3.0,8.9,4.56
4016,IN-ECO-016,9006,hem_a,Hemophilia A,HEM,2022,350755,16.9,2.3,6.3,4.6
4016,IN-ECO-016,9006,hem_a,Hemophilia A,HEM,2023,350755,16.4,2.3,7.6,4.65
4016,IN-ECO-016,9006,hem_a,Hemophilia A,HEM,2024,350755,16.5,2.7,8.9,4.7
4016,IN-ECO-016,9006,hem_a,Hemophilia A,HEM,2025,350755,16.8,2.2,11.6,4.74
4016,IN-ECO-016,9007,sev_asthma,Severe Allergic/Eosinophilic Asthma,RESP,2021,350755,1597.8,298.3,571.9,494.08
4016,IN-ECO-016,9007,sev_asthma,Severe Allergic/Eosinophilic Asthma,RESP,2022,350755,1841.6,204.0,1148.2,499.02
4016,IN-ECO-016,9007,sev_asthma,Severe Allergic/Eosinophilic Asthma,RESP,2023,350755,1656.5,415.8,1158.4,504.01
4016,IN-ECO-016,9007,sev_asthma,Severe Allergic/Eosinophilic Asthma,RESP,2024,350755,1711.4,404.1,661.8,509.05
4016,IN-ECO-016,9007,sev_asthma,Severe Allergic/Eosinophilic Asthma,RESP,2025,350755,1819.8,237.1,988.0,514.14
4016,IN-ECO-016,9008,her2_bc,HER2-positive Breast Cancer,ONC,2021,350755,127.0,14.5,59.9,34.84
4016,IN-ECO-016,9008,her2_bc,HER2-positive Breast Cancer,ONC,2022,350755,108.9,21.4,74.7,35.19
4016,IN-ECO-016,9008,her2_bc,HER2-positive Breast Cancer,ONC,2023,350755,123.6,21.1,60.1,35.54
4016,IN-ECO-016,9008,her2_bc,HER2-positive Breast Cancer,ONC,2024,350755,114.2,24.6,49.6,35.9
4016,IN-ECO-016,9008,her2_bc,HER2-positive Breast Cancer,ONC,2025,350755,144.8,33.9,52.0,36.25
4017,MO-ECO-017,9001,wet_amd,Wet Age-related Macular Degeneration,OPH,2021,408259,884.6,231.2,532.3,223.71
4017,MO-ECO-017,9001,wet_amd,Wet Age-related Macular Degeneration,OPH,2022,408259,916.8,219.7,496.4,225.94
4017,MO-ECO-017,9001,wet_amd,Wet Age-related Macular Degeneration,OPH,2023,408259,969.8,119.6,349.6,228.2
4017,MO-ECO-017,9001,wet_amd,Wet Age-related Macular Degeneration,OPH,2024,408259,1063.4,255.4,623.4,230.49
4017,MO-ECO-017,9001,wet_amd,Wet Age-related Macular Degeneration,OPH,2025,408259,971.7,215.9,454.5,232.79
4017,MO-ECO-017,9002,dme,Diabetic Macular Edema,OPH,2021,408259,1683.6,375.6,665.9,387.36
4017,MO-ECO-017,9002,dme,Diabetic Macular Edema,OPH,2022,408259,1487.8,318.7,804.2,391.23
4017,MO-ECO-017,9002,dme,Diabetic Macular Edema,OPH,2023,408259,1511.9,204.7,722.0,395.14
4017,MO-ECO-017,9002,dme,Diabetic Macular Edema,OPH,2024,408259,1591.1,327.3,673.2,399.1
4017,MO-ECO-017,9002,dme,Diabetic Macular Edema,OPH,2025,408259,1848.3,259.6,1283.8,403.09
4017,MO-ECO-017,9003,rvo,Retinal Vein Occlusion,OPH,2021,408259,449.5,55.1,306.2,110.75
4017,MO-ECO-017,9003,rvo,Retinal Vein Occlusion,OPH,2022,408259,480.0,55.7,186.7,111.86
4017,MO-ECO-017,9003,rvo,Retinal Vein Occlusion,OPH,2023,408259,482.1,93.3,181.7,112.98
4017,MO-ECO-017,9003,rvo,Retinal Vein Occlusion,OPH,2024,408259,449.2,91.3,185.2,114.11
4017,MO-ECO-017,9003,rvo,Retinal Vein Occlusion,OPH,2025,408259,445.4,87.8,230.9,115.25
4017,MO-ECO-017,9004,rrms,Relapsing-Remitting Multiple Sclerosis,MS,2021,408259,354.6,66.2,164.7,87.6
4017,MO-ECO-017,9004,rrms,Relapsing-Remitting Multiple Sclerosis,MS,2022,408259,361.1,47.2,156.9,88.47
4017,MO-ECO-017,9004,rrms,Relapsing-Remitting Multiple Sclerosis,MS,2023,408259,358.1,39.8,142.9,89.36
4017,MO-ECO-017,9004,rrms,Relapsing-Remitting Multiple Sclerosis,MS,2024,408259,354.2,87.1,143.5,90.25
4017,MO-ECO-017,9004,rrms,Relapsing-Remitting Multiple Sclerosis,MS,2025,408259,364.5,70.5,182.6,91.15
4017,MO-ECO-017,9005,ppms,Primary Progressive Multiple Sclerosis,MS,2021,408259,86.6,13.6,57.5,20.95
4017,MO-ECO-017,9005,ppms,Primary Progressive Multiple Sclerosis,MS,2022,408259,94.5,25.5,60.9,21.16
4017,MO-ECO-017,9005,ppms,Primary Progressive Multiple Sclerosis,MS,2023,408259,91.6,15.7,44.1,21.37
4017,MO-ECO-017,9005,ppms,Primary Progressive Multiple Sclerosis,MS,2024,408259,92.3,19.6,62.6,21.58
4017,MO-ECO-017,9005,ppms,Primary Progressive Multiple Sclerosis,MS,2025,408259,87.6,24.2,59.0,21.8
4017,MO-ECO-017,9006,hem_a,Hemophilia A,HEM,2021,408259,21.6,5.1,15.0,5.15
4017,MO-ECO-017,9006,hem_a,Hemophilia A,HEM,2022,408259,22.6,2.5,11.4,5.21
4017,MO-ECO-017,9006,hem_a,Hemophilia A,HEM,2023,408259,20.0,2.0,9.0,5.26
4017,MO-ECO-017,9006,hem_a,Hemophilia A,HEM,2024,408259,21.8,3.3,13.7,5.31
4017,MO-ECO-017,9006,hem_a,Hemophilia A,HEM,2025,408259,21.1,5.3,7.9,5.36
4017,MO-ECO-017,9007,sev_asthma,Severe Allergic/Eosinophilic Asthma,RESP,2021,408259,1990.0,247.6,847.9,499.9
4017,MO-ECO-017,9007,sev_asthma,Severe Allergic/Eosinophilic Asthma,RESP,2022,408259,1982.1,530.5,1012.7,504.9
4017,MO-ECO-017,9007,sev_asthma,Severe Allergic/Eosinophilic Asthma,RESP,2023,408259,2243.3,559.7,1076.0,509.95
4017,MO-ECO-017,9007,sev_asthma,Severe Allergic/Eosinophilic Asthma,RESP,2024,408259,2209.1,450.6,1318.8,515.05
4017,MO-ECO-017,9007,sev_asthma,Severe Allergic/Eosinophilic Asthma,RESP,2025,408259,2059.8,209.0,1211.7,520.2
4017,MO-ECO-017,9008,her2_bc,HER2-positive Breast Cancer,ONC,2021,408259,137.0,33.4,93.5,33.69
4017,MO-ECO-017,9008,her2_bc,HER2-positive Breast Cancer,ONC,2022,408259,129.6,13.5,84.9,34.02
4017,MO-ECO-017,9008,her2_bc,HER2-positive Breast Cancer,ONC,2023,408259,143.2,20.2,57.5,34.36
4017,MO-ECO-017,9008,her2_bc,HER2-positive Breast Cancer,ONC,2024,408259,137.1,27.4,91.1,34.71
4017,MO-ECO-017,9008,her2_bc,HER2-positive Breast Cancer,ONC,2025,408259,137.7,28.1,69.8,35.06
4018,MD-ECO-018,9001,wet_amd,Wet Age-related Macular Degeneration,OPH,2021,958983,1927.6,252.8,799.0,199.78
4018,MD-ECO-018,9001,wet_amd,Wet Age-related Macular Degeneration,OPH,2022,958983,1848.9,389.9,876.5,201.77
4018,MD-ECO-018,9001,wet_amd,Wet Age-related Macular Degeneration,OPH,2023,958983,1917.1,407.6,988.0,203.79
4018,MD-ECO-018,9001,wet_amd,Wet Age-related Macular Degeneration,OPH,2024,958983,2028.7,231.9,883.7,205.83
4018,MD-ECO-018,9001,wet_amd,Wet Age-related Macular Degeneration,OPH,2025,958983,1991.3,306.7,1263.4,207.89
4018,MD-ECO-018,9002,dme,Diabetic Macular Edema,OPH,2021,958983,2676.5,491.6,1129.4,290.81
4018,MD-ECO-018,9002,dme,Diabetic Macular Edema,OPH,2022,958983,2540.5,612.7,1456.4,293.72
4018,MD-ECO-018,9002,dme,Diabetic Macular Edema,OPH,2023,958983,2940.2,688.8,1631.8,296.65
4018,MD-ECO-018,9002,dme,Diabetic Macular Edema,OPH,2024,958983,2919.5,770.2,1358.8,299.62
4018,MD-ECO-018,9002,dme,Diabetic Macular Edema,OPH,2025,958983,3141.8,619.2,1291.9,302.61
4018,MD-ECO-018,9003,rvo,Retinal Vein Occlusion,OPH,2021,958983,1194.8,264.4,465.9,122.5
4018,MD-ECO-018,9003,rvo,Retinal Vein Occlusion,OPH,2022,958983,1205.4,201.3,436.2,123.73
4018,MD-ECO-018,9003,rvo,Retinal Vein Occlusion,OPH,2023,958983,1238.8,317.1,633.7,124.96
4018,MD-ECO-018,9003,rvo,Retinal Vein Occlusion,OPH,2024,958983,1256.8,154.0,443.1,126.21
4018,MD-ECO-018,9003,rvo,Retinal Vein Occlusion,OPH,2025,958983,1263.4,300.5,543.4,127.48
4018,MD-ECO-018,9004,rrms,Relapsing-Remitting Multiple Sclerosis,MS,2021,958983,813.1,217.0,423.4,84.97
4018,MD-ECO-018,9004,rrms,Relapsing-Remitting Multiple Sclerosis,MS,2022,958983,869.2,115.2,557.0,85.82
4018,MD-ECO-018,9004,rrms,Relapsing-Remitting Multiple Sclerosis,MS,2023,958983,883.0,157.8,588.4,86.68
4018,MD-ECO-018,9004,rrms,Relapsing-Remitting Multiple Sclerosis,MS,2024,958983,933.5,195.6,579.1,87.54
4018,MD-ECO-018,9004,rrms,Relapsing-Remitting Multiple Sclerosis,MS,2025,958983,810.0,86.5,513.7,88.42
4018,MD-ECO-018,9005,ppms,Primary Progressive Multiple Sclerosis,MS,2021,958983,206.6,44.1,134.7,20.85
4018,MD-ECO-018,9005,ppms,Primary Progressive Multiple Sclerosis,MS,2022,958983,201.0,31.6,126.1,21.06
4018,MD-ECO-018,9005,ppms,Primary Progressive Multiple Sclerosis,MS,2023,958983,224.0,58.0,93.6,21.27
4018,MD-ECO-018,9005,ppms,Primary Progressive Multiple Sclerosis,MS,2024,958983,199.6,35.7,71.1,21.48
4018,MD-ECO-018,9005,ppms,Primary Progressive Multiple Sclerosis,MS,2025,958983,218.4,60.1,130.6,21.7
4018,MD-ECO-018,9006,hem_a,Hemophilia A,HEM,2021,958983,47.7,5.0,29.8,4.72
4018,MD-ECO-018,9006,hem_a,Hemophilia A,HEM,2022,958983,44.0,11.6,16.6,4.76
4018,MD-ECO-018,9006,hem_a,Hemophilia A,HEM,2023,958983,47.2,9.4,23.9,4.81
4018,MD-ECO-018,9006,hem_a,Hemophilia A,HEM,2024,958983,44.4,10.3,20.8,4.86
4018,MD-ECO-018,9006,hem_a,Hemophilia A,HEM,2025,958983,47.2,12.2,30.9,4.91
4018,MD-ECO-018,9007,sev_asthma,Severe Allergic/Eosinophilic Asthma,RESP,2021,958983,4524.1,537.7,1886.0,451.8
4018,MD-ECO-018,9007,sev_asthma,Severe Allergic/Eosinophilic Asthma,RESP,2022,958983,4300.7,688.7,1935.1,456.31
4018,MD-ECO-018,9007,sev_asthma,Severe Allergic/Eosinophilic Asthma,RESP,2023,958983,4639.9,1283.5,3176.1,460.88
4018,MD-ECO-018,9007,sev_asthma,Severe Allergic/Eosinophilic Asthma,RESP,2024,958983,4972.1,918.4,2052.1,465.49
4018,MD-ECO-018,9007,sev_asthma,Severe Allergic/Eosinophilic Asthma,RESP,2025,958983,4481.1,801.1,1616.4,470.14
4018,MD-ECO-018,9008,her2_bc,HER2-positive Breast Cancer,ONC,2021,958983,282.9,78.8,106.7,32.96
4018,MD-ECO-018,9008,her2_bc,HER2-positive Breast Cancer,ONC,2022,958983,343.2,61.8,219.2,33.29
4018,MD-ECO-018,9008,her2_bc,HER2-positive Breast Cancer,ONC,2023,958983,315.5,53.1,156.6,33.62
4018,MD-ECO-018,9008,her2_bc,HER2-positive Breast Cancer,ONC,2024,958983,316.5,71.6,163.0,33.96
4018,MD-ECO-018,9008,her2_bc,HER2-positive Breast Cancer,ONC,2025,958983,332.2,35.8,156.5,34.3
4019,CO-ECO-019,9001,wet_amd,Wet Age-related Macular Degeneration,OPH,2021,155131,287.2,60.8,110.0,190.77
4019,CO-ECO-019,9001,wet_amd,Wet Age-related Macular Degeneration,OPH,2022,155131,298.7,68.6,184.1,192.67
4019,CO-ECO-019,9001,wet_amd,Wet Age-related Macular Degeneration,OPH,2023,155131,327.7,80.2,226.6,194.6
4019,CO-ECO-019,9001,wet_amd,Wet Age-related Macular Degeneration,OPH,2024,155131,320.8,64.4,189.4,196.55
4019,CO-ECO-019,9001,wet_amd,Wet Age-related Macular Degeneration,OPH,2025,155131,300.4,50.5,188.6,198.51
4019,CO-ECO-019,9002,dme,Diabetic Macular Edema,OPH,2021,155131,581.7,143.9,383.8,358.43
4019,CO-ECO-019,9002,dme,Diabetic Macular Edema,OPH,2022,155131,533.1,139.8,343.6,362.01
4019,CO-ECO-019,9002,dme,Diabetic Macular Edema,OPH,2023,155131,559.7,146.8,249.1,365.63
4019,CO-ECO-019,9002,dme,Diabetic Macular Edema,OPH,2024,155131,530.5,113.1,341.6,369.29
4019,CO-ECO-019,9002,dme,Diabetic Macular Edema,OPH,2025,155131,613.6,82.8,428.6,372.98
4019,CO-ECO-019,9003,rvo,Retinal Vein Occlusion,OPH,2021,155131,170.8,27.3,111.2,116.43
4019,CO-ECO-019,9003,rvo,Retinal Vein Occlusion,OPH,2022,155131,177.4,27.0,98.6,117.59
4019,CO-ECO-019,9003,rvo,Retinal Vein Occlusion,OPH,2023,155131,161.2,23.5,79.1,118.77
4019,CO-ECO-019,9003,rvo,Retinal Vein Occlusion,OPH,2024,155131,195.1,25.2,120.3,119.95
4019,CO-ECO-019,9003,rvo,Retinal Vein Occlusion,OPH,2025,155131,189.5,36.9,72.5,121.15
4019,CO-ECO-019,9004,rrms,Relapsing-Remitting Multiple Sclerosis,MS,2021,155131,180.1,31.2,98.4,103.86
4019,CO-ECO-019,9004,rrms,Relapsing-Remitting Multiple Sclerosis,MS,2022,155131,156.5,41.7,68.7,104.9
4019,CO-ECO-019,9004,rrms,Relapsing-Remitting Multiple Sclerosis,MS,2023,155131,161.3,35.2,110.3,105.95
4019,CO-ECO-019,9004,rrms,Relapsing-Remitting Multiple Sclerosis,MS,2024,155131,160.2,18.4,74.3,107.01
4019,CO-ECO-019,9004,rrms,Relapsing-Remitting Multiple Sclerosis,MS,2025,155131,161.7,35.2,63.3,108.08
4019,CO-ECO-019,9005,ppms,Primary Progressive Multiple Sclerosis,MS,2021,155131,28.7,6.1,16.7,20.53
4019,CO-ECO-019,9005,ppms,Primary Progressive Multiple Sclerosis,MS,2022,155131,31.9,3.8,19.0,20.73
4019,CO-ECO-019,9005,ppms,Primary Progressive Multiple Sclerosis,MS,2023,155131,32.3,6.3,16.6,20.94
4019,CO-ECO-019,9005,ppms,Primary Progressive Multiple Sclerosis,MS,2024,155131,32.0,7.6,13.4,21.15
4019,CO-ECO-019,9005,ppms,Primary Progressive Multiple Sclerosis,MS,2025,155131,32.9,6.9,13.0,21.36
4019,CO-ECO-019,9006,hem_a,Hemophilia A,HEM,2021,155131,7.8,1.9,3.3,5.02
4019,CO-ECO-019,9006,hem_a,Hemophilia A,HEM,2022,155131,7.5,0.8,3.2,5.07
4019,CO-ECO-019,9006,hem_a,Hemophilia A,HEM,2023,155131,7.5,1.5,5.0,5.12
4019,CO-ECO-019,9006,hem_a,Hemophilia A,HEM,2024,155131,8.5,1.0,5.0,5.17
4019,CO-ECO-019,9006,hem_a,Hemophilia A,HEM,2025,155131,8.2,1.0,5.7,5.23
4019,CO-ECO-019,9007,sev_asthma,Severe Allergic/Eosinophilic Asthma,RESP,2021,155131,772.7,188.8,356.1,467.65
4019,CO-ECO-019,9007,sev_asthma,Severe Allergic/Eosinophilic Asthma,RESP,2022,155131,769.8,190.9,281.6,472.33
4019,CO-ECO-019,9007,sev_asthma,Severe Allergic/Eosinophilic Asthma,RESP,2023,155131,747.6,76.7,443.0,477.05
4019,CO-ECO-019,9007,sev_asthma,Severe Allergic/Eosinophilic Asthma,RESP,2024,155131,687.4,90.1,303.3,481.82
4019,CO-ECO-019,9007,sev_asthma,Severe Allergic/Eosinophilic Asthma,RESP,2025,155131,778.2,78.9,278.1,486.64
4019,CO-ECO-019,9008,her2_bc,HER2-positive Breast Cancer,ONC,2021,155131,56.6,10.7,25.7,36.67
4019,CO-ECO-019,9008,her2_bc,HER2-positive Breast Cancer,ONC,2022,155131,56.5,13.2,29.9,37.04
4019,CO-ECO-019,9008,her2_bc,HER2-positive Breast Cancer,ONC,2023,155131,58.4,11.9,37.8,37.41
4019,CO-ECO-019,9008,her2_bc,HER2-positive Breast Cancer,ONC,2024,155131,60.4,11.1,35.1,37.78
4019,CO-ECO-019,9008,her2_bc,HER2-positive Breast Cancer,ONC,2025,155131,64.2,15.4,23.1,38.16
4020,MN-ECO-020,9001,wet_amd,Wet Age-related Macular Degeneration,OPH,2021,731415,1382.8,314.2,493.5,188.43
4020,MN-ECO-020,9001,wet_amd,Wet Age-related Macular Degeneration,OPH,2022,731415,1365.4,201.2,612.9,190.31
4020,MN-ECO-020,9001,wet_amd,Wet Age-related Macular Degeneration,OPH,2023,731415,1434.5,293.6,641.7,192.21
4020,MN-ECO-020,9001,wet_amd,Wet Age-related Macular Degeneration,OPH,2024,731415,1510.2,182.4,875.8,194.14
4020,MN-ECO-020,9001,wet_amd,Wet Age-related Macular Degeneration,OPH,2025,731415,1462.2,377.0,824.1,196.08
4020,MN-ECO-020,9002,dme,Diabetic Macular Edema,OPH,2021,731415,2325.1,610.2,1065.4,326.39
4020,MN-ECO-020,9002,dme,Diabetic Macular Edema,OPH,2022,731415,2490.5,665.4,1017.2,329.66
4020,MN-ECO-020,9002,dme,Diabetic Macular Edema,OPH,2023,731415,2268.5,627.8,1081.4,332.95
4020,MN-ECO-020,9002,dme,Diabetic Macular Edema,OPH,2024,731415,2433.3,546.0,1487.5,336.28
4020,MN-ECO-020,9002,dme,Diabetic Macular Edema,OPH,2025,731415,2450.5,486.0,1418.4,339.65
4020,MN-ECO-020,9003,rvo,Retinal Vein Occlusion,OPH,2021,731415,764.6,163.2,313.2,116.01
4020,MN-ECO-020,9003,rvo,Retinal Vein Occlusion,OPH,2022,731415,815.7,225.3,497.1,117.17
4020,MN-ECO-020,9003,rvo,Retinal Vein Occlusion,OPH,2023,731415,842.4,219.0,343.2,118.34
4020,MN-ECO-020,9003,rvo,Retinal Vein Occlusion,OPH,2024,731415,893.5,181.6,320.3,119.53
4020,MN-ECO-020,9003,rvo,Retinal Vein Occlusion,OPH,2025,731415,878.2,95.6,556.5,120.72
4020,MN-ECO-020,9004,rrms,Relapsing-Remitting Multiple Sclerosis,MS,2021,731415,605.8,87.9,414.1,86.89
4020,MN-ECO-020,9004,rrms,Relapsing-Remitting Multiple Sclerosis,MS,2022,731415,654.6,165.6,359.8,87.76
4020,MN-ECO-020,9004,rrms,Relapsing-Remitting Multiple Sclerosis,MS,2023,731415,594.9,146.9,333.9,88.64
4020,MN-ECO-020,9004,rrms,Relapsing-Remitting Multiple Sclerosis,MS,2024,731415,676.5,73.9,425.8,89.52
4020,MN-ECO-020,9004,rrms,Relapsing-Remitting Multiple Sclerosis,MS,2025,731415,699.0,179.4,414.3,90.42
4020,MN-ECO-020,9005,ppms,Primary Progressive Multiple Sclerosis,MS,2021,731415,143.5,18.2,51.8,20.05
4020,MN-ECO-020,9005,ppms,Primary Progressive Multiple Sclerosis,MS,2022,731415,152.4,25.2,74.6,20.25
4020,MN-ECO-020,9005,ppms,Primary Progressive Multiple Sclerosis,MS,2023,731415,153.7,16.1,80.6,20.45
4020,MN-ECO-020,9005,ppms,Primary Progressive Multiple Sclerosis,MS,2024,731415,148.2,24.4,100.2,20.66
4020,MN-ECO-020,9005,ppms,Primary Progressive Multiple Sclerosis,MS,2025,731415,159.6,18.1,109.2,20.86
4020,MN-ECO-020,9006,hem_a,Hemophilia A,HEM,2021,731415,33.6,8.6,21.0,4.55
4020,MN-ECO-020,9006,hem_a,Hemophilia A,HEM,2022,731415,36.2,6.9,15.5,4.59
4020,MN-ECO-020,9006,hem_a,Hemophilia A,HEM,2023,731415,33.9,5.9,12.2,4.64
4020,MN-ECO-020,9006,hem_a,Hemophilia A,HEM,2024,731415,32.5,6.2,13.2,4.69
4020,MN-ECO-020,9006,hem_a,Hemophilia A,HEM,2025,731415,34.3,8.3,15.1,4.73
4020,MN-ECO-020,9007,sev_asthma,Severe Allergic/Eosinophilic Asthma,RESP,2021,731415,3704.8,568.6,1768.6,467.89
4020,MN-ECO-020,9007,sev_asthma,Severe Allergic/Eosinophilic Asthma,RESP,2022,731415,3672.9,524.6,1875.6,472.57
4020,MN-ECO-020,9007,sev_asthma,Severe Allergic/Eosinophilic Asthma,RESP,2023,731415,3335.3,396.6,1318.4,477.29
4020,MN-ECO-020,9007,sev_asthma,Severe Allergic/Eosinophilic Asthma,RESP,2024,731415,3530.5,833.7,2187.1,482.07
4020,MN-ECO-020,9007,sev_asthma,Severe Allergic/Eosinophilic Asthma,RESP,2025,731415,3402.9,819.8,1202.0,486.89
4020,MN-ECO-020,9008,her2_bc,HER2-positive Breast Cancer,ONC,2021,731415,249.9,41.4,111.0,36.23
4020,MN-ECO-020,9008,her2_bc,HER2-positive Breast Cancer,ONC,2022,731415,249.6,64.3,101.6,36.59
4020,MN-ECO-020,9008,her2_bc,HER2-positive Breast Cancer,ONC,2023,731415,272.4,68.3,164.4,36.96
4020,MN-ECO-020,9008,her2_bc,HER2-positive Breast Cancer,ONC,2024,731415,306.2,72.7,124.7,37.33
4020,MN-ECO-020,9008,her2_bc,HER2-positive Breast Cancer,ONC,2025,731415,277.9,31.0,172.2,37.7
4021,WI-ECO-021,9001,wet_amd,Wet Age-related Macular Degeneration,OPH,2021,631088,1344.2,372.9,671.1,204.94
4021,WI-ECO-021,9001,wet_amd,Wet Age-related Macular Degeneration,OPH,2022,631088,1268.4,349.8,550.4,206.99
4021,WI-ECO-021,9001,wet_amd,Wet Age-related Macular Degeneration,OPH,2023,631088,1231.9,250.6,567.4,209.06
4021,WI-ECO-021,9001,wet_amd,Wet Age-related Macular Degeneration,OPH,2024,631088,1216.3,159.1,771.4,211.15
4021,WI-ECO-021,9001,wet_amd,Wet Age-related Macular Degeneration,OPH,2025,631088,1364.8,235.5,764.6,213.26
4021,WI-ECO-021,9002,dme,Diabetic Macular Edema,OPH,2021,631088,2008.0,526.6,879.5,324.48
4021,WI-ECO-021,9002,dme,Diabetic Macular Edema,OPH,2022,631088,2158.7,578.2,1309.3,327.72
4021,WI-ECO-021,9002,dme,Diabetic Macular Edema,OPH,2023,631088,2127.1,219.8,1443.1,331.0
4021,WI-ECO-021,9002,dme,Diabetic Macular Edema,OPH,2024,631088,2039.1,287.2,1336.3,334.31
4021,WI-ECO-021,9002,dme,Diabetic Macular Edema,OPH,2025,631088,2143.4,263.4,896.2,337.65
4021,WI-ECO-021,9003,rvo,Retinal Vein Occlusion,OPH,2021,631088,663.5,129.2,407.5,105.35
4021,WI-ECO-021,9003,rvo,Retinal Vein Occlusion,OPH,2022,631088,663.4,148.4,282.0,106.4
4021,WI-ECO-021,9003,rvo,Retinal Vein Occlusion,OPH,2023,631088,645.8,109.4,331.8,107.46
4021,WI-ECO-021,9003,rvo,Retinal Vein Occlusion,OPH,2024,631088,718.9,94.2,501.7,108.54
4021,WI-ECO-021,9003,rvo,Retinal Vein Occlusion,OPH,2025,631088,635.5,166.6,366.2,109.62
4021,WI-ECO-021,9004,rrms,Relapsing-Remitting Multiple Sclerosis,MS,2021,631088,532.1,57.7,326.2,87.19
4021,WI-ECO-021,9004,rrms,Relapsing-Remitting Multiple Sclerosis,MS,2022,631088,509.8,63.8,204.2,88.06
4021,WI-ECO-021,9004,rrms,Relapsing-Remitting Multiple Sclerosis,MS,2023,631088,578.4,64.0,206.9,88.94
4021,WI-ECO-021,9004,rrms,Relapsing-Remitting Multiple Sclerosis,MS,2024,631088,523.3,115.5,359.9,89.83
4021,WI-ECO-021,9004,rrms,Relapsing-Remitting Multiple Sclerosis,MS,2025,631088,564.2,151.6,292.4,90.73
4021,WI-ECO-021,9005,ppms,Primary Progressive Multiple Sclerosis,MS,2021,631088,136.9,28.4,65.0,22.28
4021,WI-ECO-021,9005,ppms,Primary Progressive Multiple Sclerosis,MS,2022,631088,143.1,24.4,74.5,22.5
4021,WI-ECO-021,9005,ppms,Primary Progressive Multiple Sclerosis,MS,2023,631088,129.1,22.9,56.5,22.73
4021,WI-ECO-021,9005,ppms,Primary Progressive Multiple Sclerosis,MS,2024,631088,144.9,23.7,85.5,22.95
4021,WI-ECO-021,9005,ppms,Primary Progressive Multiple Sclerosis,MS,2025,631088,138.4,32.0,90.1,23.18
4021,WI-ECO-021,9006,hem_a,Hemophilia A,HEM,2021,631088,27.9,5.2,16.1,4.3
4021,WI-ECO-021,9006,hem_a,Hemophilia A,HEM,2022,631088,27.2,5.5,19.0,4.34
4021,WI-ECO-021,9006,hem_a,Hemophilia A,HEM,2023,631088,26.5,4.8,17.1,4.39
4021,WI-ECO-021,9006,hem_a,Hemophilia A,HEM,2024,631088,26.1,3.7,15.3,4.43
4021,WI-ECO-021,9006,hem_a,Hemophilia A,HEM,2025,631088,28.3,6.7,19.6,4.47
4021,WI-ECO-021,9007,sev_asthma,Severe Allergic/Eosinophilic Asthma,RESP,2021,631088,2928.3,558.8,1642.3,473.69
4021,WI-ECO-021,9007,sev_asthma,Severe Allergic/Eosinophilic Asthma,RESP,2022,631088,3045.3,406.7,1469.7,478.43
4021,WI-ECO-021,9007,sev_asthma,Severe Allergic/Eosinophilic Asthma,RESP,2023,631088,3001.2,582.9,2043.8,483.22
4021,WI-ECO-021,9007,sev_asthma,Severe Allergic/Eosinophilic Asthma,RESP,2024,631088,3132.9,622.3,1128.3,488.05
4021,WI-ECO-021,9007,sev_asthma,Severe Allergic/Eosinophilic Asthma,RESP,2025,631088,2926.3,604.8,1480.0,492.93
4021,WI-ECO-021,9008,her2_bc,HER2-positive Breast Cancer,ONC,2021,631088,242.6,45.2,121.3,38.23
4021,WI-ECO-021,9008,her2_bc,HER2-positive Breast Cancer,ONC,2022,631088,239.1,39.2,132.1,38.62
4021,WI-ECO-021,9008,her2_bc,HER2-positive Breast Cancer,ONC,2023,631088,250.7,50.4,93.6,39.0
4021,WI-ECO-021,9008,her2_bc,HER2-positive Breast Cancer,ONC,2024,631088,247.6,28.9,103.8,39.39
4021,WI-ECO-021,9008,her2_bc,HER2-positive Breast Cancer,ONC,2025,631088,220.4,26.0,99.0,39.79
4022,OR-ECO-022,9001,wet_amd,Wet Age-related Macular Degeneration,OPH,2021,343537,690.3,175.3,409.6,196.38
4022,OR-ECO-022,9001,wet_amd,Wet Age-related Macular Degeneration,OPH,2022,343537,648.9,130.4,399.1,198.35
4022,OR-ECO-022,9001,wet_amd,Wet Age-related Macular Degeneration,OPH,2023,343537,718.1,133.7,449.1,200.33
4022,OR-ECO-022,9001,wet_amd,Wet Age-related Macular Degeneration,OPH,2024,343537,724.8,193.6,298.7,202.34
4022,OR-ECO-022,9001,wet_amd,Wet Age-related Macular Degeneration,OPH,2025,343537,749.8,132.3,473.5,204.36
4022,OR-ECO-022,9002,dme,Diabetic Macular Edema,OPH,2021,343537,927.9,183.2,462.4,299.39
4022,OR-ECO-022,9002,dme,Diabetic Macular Edema,OPH,2022,343537,1027.8,256.8,366.5,302.38
4022,OR-ECO-022,9002,dme,Diabetic Macular Edema,OPH,2023,343537,1065.9,284.2,619.7,305.41
4022,OR-ECO-022,9002,dme,Diabetic Macular Edema,OPH,2024,343537,985.4,215.7,677.3,308.46
4022,OR-ECO-022,9002,dme,Diabetic Macular Edema,OPH,2025,343537,1111.3,150.2,504.5,311.55
4022,OR-ECO-022,9003,rvo,Retinal Vein Occlusion,OPH,2021,343537,417.6,104.9,188.3,120.9
4022,OR-ECO-022,9003,rvo,Retinal Vein Occlusion,OPH,2022,343537,400.9,56.2,240.6,122.11
4022,OR-ECO-022,9003,rvo,Retinal Vein Occlusion,OPH,2023,343537,405.3,59.3,174.8,123.33
4022,OR-ECO-022,9003,rvo,Retinal Vein Occlusion,OPH,2024,343537,393.4,66.6,185.6,124.56
4022,OR-ECO-022,9003,rvo,Retinal Vein Occlusion,OPH,2025,343537,429.4,76.9,298.4,125.81
4022,OR-ECO-022,9004,rrms,Relapsing-Remitting Multiple Sclerosis,MS,2021,343537,268.1,37.9,143.3,81.99
4022,OR-ECO-022,9004,rrms,Relapsing-Remitting Multiple Sclerosis,MS,2022,343537,289.2,66.2,159.7,82.81
4022,OR-ECO-022,9004,rrms,Relapsing-Remitting Multiple Sclerosis,MS,2023,343537,271.0,49.2,116.0,83.64
4022,OR-ECO-022,9004,rrms,Relapsing-Remitting Multiple Sclerosis,MS,2024,343537,296.4,80.4,111.8,84.48
4022,OR-ECO-022,9004,rrms,Relapsing-Remitting Multiple Sclerosis,MS,2025,343537,291.5,53.7,175.1,85.32
4022,OR-ECO-022,9005,ppms,Primary Progressive Multiple Sclerosis,MS,2021,343537,82.5,19.8,45.7,24.02
4022,OR-ECO-022,9005,ppms,Primary Progressive Multiple Sclerosis,MS,2022,343537,84.9,14.5,54.8,24.26
4022,OR-ECO-022,9005,ppms,Primary Progressive Multiple Sclerosis,MS,2023,343537,92.5,24.9,47.9,24.5
4022,OR-ECO-022,9005,ppms,Primary Progressive Multiple Sclerosis,MS,2024,343537,88.0,22.5,50.5,24.74
4022,OR-ECO-022,9005,ppms,Primary Progressive Multiple Sclerosis,MS,2025,343537,90.1,13.6,51.1,24.99
4022,OR-ECO-022,9006,hem_a,Hemophilia A,HEM,2021,343537,16.6,2.1,10.3,4.43
4022,OR-ECO-022,9006,hem_a,Hemophilia A,HEM,2022,343537,14.7,2.6,10.2,4.47
4022,OR-ECO-022,9006,hem_a,Hemophilia A,HEM,2023,343537,15.6,3.5,7.2,4.51
4022,OR-ECO-022,9006,hem_a,Hemophilia A,HEM,2024,343537,16.4,2.7,8.2,4.56
4022,OR-ECO-022,9006,hem_a,Hemophilia A,HEM,2025,343537,15.1,3.1,6.8,4.6
4022,OR-ECO-022,9007,sev_asthma,Severe Allergic/Eosinophilic Asthma,RESP,2021,343537,1558.5,249.7,727.6,472.28
4022,OR-ECO-022,9007,sev_asthma,Severe Allergic/Eosinophilic Asthma,RESP,2022,343537,1623.4,179.3,1066.3,477.0
4022,OR-ECO-022,9007,sev_asthma,Severe Allergic/Eosinophilic Asthma,RESP,2023,343537,1713.6,402.0,835.4,481.77
4022,OR-ECO-022,9007,sev_asthma,Severe Allergic/Eosinophilic Asthma,RESP,2024,343537,1678.8,405.0,786.4,486.59
4022,OR-ECO-022,9007,sev_asthma,Severe Allergic/Eosinophilic Asthma,RESP,2025,343537,1579.3,331.3,1100.0,491.46
4022,OR-ECO-022,9008,her2_bc,HER2-positive Breast Cancer,ONC,2021,343537,113.4,18.7,54.5,33.94
4022,OR-ECO-022,9008,her2_bc,HER2-positive Breast Cancer,ONC,2022,343537,112.4,26.7,60.3,34.28
4022,OR-ECO-022,9008,her2_bc,HER2-positive Breast Cancer,ONC,2023,343537,116.9,17.0,46.6,34.62
4022,OR-ECO-022,9008,her2_bc,HER2-positive Breast Cancer,ONC,2024,343537,129.1,31.6,72.8,34.97
4022,OR-ECO-022,9008,her2_bc,HER2-positive Breast Cancer,ONC,2025,343537,125.4,20.6,87.3,35.31
4023,SC-ECO-023,9001,wet_amd,Wet Age-related Macular Degeneration,OPH,2021,613515,1119.2,210.7,665.5,179.47
4023,SC-ECO-023,9001,wet_amd,Wet Age-related Macular Degeneration,OPH,2022,613515,1186.1,327.2,703.5,181.26
4023,SC-ECO-023,9001,wet_amd,Wet Age-related Macular Degeneration,OPH,2023,613515,1183.0,146.1,826.6,183.07
4023,SC-ECO-023,9001,wet_amd,Wet Age-related Macular Degeneration,OPH,2024,613515,1080.6,197.6,386.6,184.9
4023,SC-ECO-023,9001,wet_amd,Wet Age-related Macular Degeneration,OPH,2025,613515,1202.5,148.7,701.0,186.75
4023,SC-ECO-023,9002,dme,Diabetic Macular Edema,OPH,2021,613515,2196.9,325.9,904.9,342.49
4023,SC-ECO-023,9002,dme,Diabetic Macular Edema,OPH,2022,613515,2046.4,237.3,1216.4,345.92
4023,SC-ECO-023,9002,dme,Diabetic Macular Edema,OPH,2023,613515,1936.0,421.2,933.4,349.38
4023,SC-ECO-023,9002,dme,Diabetic Macular Edema,OPH,2024,613515,2133.3,320.0,1200.0,352.87
4023,SC-ECO-023,9002,dme,Diabetic Macular Edema,OPH,2025,613515,2249.3,264.7,995.7,356.4
4023,SC-ECO-023,9003,rvo,Retinal Vein Occlusion,OPH,2021,613515,609.4,162.3,332.2,106.88
4023,SC-ECO-023,9003,rvo,Retinal Vein Occlusion,OPH,2022,613515,682.6,89.6,415.4,107.95
4023,SC-ECO-023,9003,rvo,Retinal Vein Occlusion,OPH,2023,613515,637.4,154.5,250.8,109.03
4023,SC-ECO-023,9003,rvo,Retinal Vein Occlusion,OPH,2024,613515,646.3,110.3,258.0,110.12
4023,SC-ECO-023,9003,rvo,Retinal Vein Occlusion,OPH,2025,613515,694.1,171.0,256.9,111.22
4023,SC-ECO-023,9004,rrms,Relapsing-Remitting Multiple Sclerosis,MS,2021,613515,631.8,72.1,387.1,99.47
4023,SC-ECO-023,9004,rrms,Relapsing-Remitting Multiple Sclerosis,MS,2022,613515,670.6,92.7,332.1,100.46
4023,SC-ECO-023,9004,rrms,Relapsing-Remitting Multiple Sclerosis,MS,2023,613515,592.4,82.2,372.1,101.47
4023,SC-ECO-023,9004,rrms,Relapsing-Remitting Multiple Sclerosis,MS,2024,613515,640.9,74.7,360.4,102.48
4023,SC-ECO-023,9004,rrms,Relapsing-Remitting Multiple Sclerosis,MS,2025,613515,692.7,184.1,345.8,103.51
4023,SC-ECO-023,9005,ppms,Primary Progressive Multiple Sclerosis,MS,2021,613515,127.1,18.1,44.5,19.95
4023,SC-ECO-023,9005,ppms,Primary Progressive Multiple Sclerosis,MS,2022,613515,130.9,20.1,73.8,20.15
4023,SC-ECO-023,9005,ppms,Primary Progressive Multiple Sclerosis,MS,2023,613515,130.1,29.8,49.5,20.36
4023,SC-ECO-023,9005,ppms,Primary Progressive Multiple Sclerosis,MS,2024,613515,127.7,21.8,61.9,20.56
4023,SC-ECO-023,9005,ppms,Primary Progressive Multiple Sclerosis,MS,2025,613515,131.6,34.0,47.3,20.76
4023,SC-ECO-023,9006,hem_a,Hemophilia A,HEM,2021,613515,21.6,3.6,9.5,3.92
4023,SC-ECO-023,9006,hem_a,Hemophilia A,HEM,2022,613515,24.8,2.7,14.9,3.96
4023,SC-ECO-023,9006,hem_a,Hemophilia A,HEM,2023,613515,27.0,4.5,18.7,4.0
4023,SC-ECO-023,9006,hem_a,Hemophilia A,HEM,2024,613515,26.0,4.3,16.1,4.04
4023,SC-ECO-023,9006,hem_a,Hemophilia A,HEM,2025,613515,24.6,6.8,14.5,4.08
4023,SC-ECO-023,9007,sev_asthma,Severe Allergic/Eosinophilic Asthma,RESP,2021,613515,3558.1,657.3,2108.9,560.22
4023,SC-ECO-023,9007,sev_asthma,Severe Allergic/Eosinophilic Asthma,RESP,2022,613515,3414.8,856.7,2321.1,565.82
4023,SC-ECO-023,9007,sev_asthma,Severe Allergic/Eosinophilic Asthma,RESP,2023,613515,3741.1,789.2,1771.6,571.48
4023,SC-ECO-023,9007,sev_asthma,Severe Allergic/Eosinophilic Asthma,RESP,2024,613515,3559.1,540.8,2147.5,577.2
4023,SC-ECO-023,9007,sev_asthma,Severe Allergic/Eosinophilic Asthma,RESP,2025,613515,3480.9,687.3,2152.0,582.97
4023,SC-ECO-023,9008,her2_bc,HER2-positive Breast Cancer,ONC,2021,613515,219.2,61.0,98.1,35.56
4023,SC-ECO-023,9008,her2_bc,HER2-positive Breast Cancer,ONC,2022,613515,216.6,36.8,95.9,35.92
4023,SC-ECO-023,9008,her2_bc,HER2-positive Breast Cancer,ONC,2023,613515,217.8,31.0,85.4,36.28
4023,SC-ECO-023,9008,her2_bc,HER2-positive Breast Cancer,ONC,2024,613515,228.6,34.4,128.1,36.64
4023,SC-ECO-023,9008,her2_bc,HER2-positive Breast Cancer,ONC,2025,613515,244.0,30.8,105.5,37.01
4024,CA-ECO-024,9001,wet_amd,Wet Age-related Macular Degeneration,OPH,2021,268199,627.7,76.4,407.9,217.94
4024,CA-ECO-024,9001,wet_amd,Wet Age-related Macular Degeneration,OPH,2022,268199,617.9,139.8,264.2,220.12
4024,CA-ECO-024,9001,wet_amd,Wet Age-related Macular Degeneration,OPH,2023,268199,562.1,65.6,349.3,222.32
4024,CA-ECO-024,9001,wet_amd,Wet Age-related Macular Degeneration,OPH,2024,268199,569.5,130.1,284.8,224.54
4024,CA-ECO-024,9001,wet_amd,Wet Age-related Macular Degeneration,OPH,2025,268199,602.2,117.1,235.9,226.79
4024,CA-ECO-024,9002,dme,Diabetic Macular Edema,OPH,2021,268199,822.4,213.9,533.5,300.46
4024,CA-ECO-024,9002,dme,Diabetic Macular Edema,OPH,2022,268199,814.7,192.0,398.8,303.46
4024,CA-ECO-024,9002,dme,Diabetic Macular Edema,OPH,2023,268199,812.6,154.0,466.1,306.5
4024,CA-ECO-024,9002,dme,Diabetic Macular Edema,OPH,2024,268199,895.0,183.2,544.0,309.56
4024,CA-ECO-024,9002,dme,Diabetic Macular Edema,OPH,2025,268199,818.4,97.1,368.5,312.66
4024,CA-ECO-024,9003,rvo,Retinal Vein Occlusion,OPH,2021,268199,281.7,57.7,115.8,103.49
4024,CA-ECO-024,9003,rvo,Retinal Vein Occlusion,OPH,2022,268199,272.9,28.5,116.6,104.53
4024,CA-ECO-024,9003,rvo,Retinal Vein Occlusion,OPH,2023,268199,304.2,56.5,200.6,105.57
4024,CA-ECO-024,9003,rvo,Retinal Vein Occlusion,OPH,2024,268199,295.6,70.2,155.2,106.63
4024,CA-ECO-024,9003,rvo,Retinal Vein Occlusion,OPH,2025,268199,302.7,43.1,114.8,107.69
4024,CA-ECO-024,9004,rrms,Relapsing-Remitting Multiple Sclerosis,MS,2021,268199,293.4,72.5,103.6,112.45
4024,CA-ECO-024,9004,rrms,Relapsing-Remitting Multiple Sclerosis,MS,2022,268199,295.6,79.1,163.4,113.57
4024,CA-ECO-024,9004,rrms,Relapsing-Remitting Multiple Sclerosis,MS,2023,268199,331.4,60.1,117.6,114.71
4024,CA-ECO-024,9004,rrms,Relapsing-Remitting Multiple Sclerosis,MS,2024,268199,288.7,31.4,131.9,115.85
4024,CA-ECO-024,9004,rrms,Relapsing-Remitting Multiple Sclerosis,MS,2025,268199,312.1,33.0,155.4,117.01
4024,CA-ECO-024,9005,ppms,Primary Progressive Multiple Sclerosis,MS,2021,268199,73.1,16.2,46.5,25.94
4024,CA-ECO-024,9005,ppms,Primary Progressive Multiple Sclerosis,MS,2022,268199,65.3,14.5,42.2,26.2
4024,CA-ECO-024,9005,ppms,Primary Progressive Multiple Sclerosis,MS,2023,268199,74.3,16.8,40.9,26.46
4024,CA-ECO-024,9005,ppms,Primary Progressive Multiple Sclerosis,MS,2024,268199,74.5,15.3,26.5,26.72
4024,CA-ECO-024,9005,ppms,Primary Progressive Multiple Sclerosis,MS,2025,268199,73.4,12.7,29.2,26.99
4024,CA-ECO-024,9006,hem_a,Hemophilia A,HEM,2021,268199,11.6,2.4,5.3,4.6
4024,CA-ECO-024,9006,hem_a,Hemophilia A,HEM,2022,268199,12.8,1.5,7.4,4.64
4024,CA-ECO-024,9006,hem_a,Hemophilia A,HEM,2023,268199,12.6,1.7,5.3,4.69
4024,CA-ECO-024,9006,hem_a,Hemophilia A,HEM,2024,268199,12.1,2.5,4.8,4.74
4024,CA-ECO-024,9006,hem_a,Hemophilia A,HEM,2025,268199,13.1,2.7,8.6,4.78
4024,CA-ECO-024,9007,sev_asthma,Severe Allergic/Eosinophilic Asthma,RESP,2021,268199,1183.4,263.2,599.2,466.46
4024,CA-ECO-024,9007,sev_asthma,Severe Allergic/Eosinophilic Asthma,RESP,2022,268199,1108.6,268.5,405.6,471.12
4024,CA-ECO-024,9007,sev_asthma,Severe Allergic/Eosinophilic Asthma,RESP,2023,268199,1358.2,151.2,726.7,475.83
4024,CA-ECO-024,9007,sev_asthma,Severe Allergic/Eosinophilic Asthma,RESP,2024,268199,1248.6,168.5,671.6,480.59
4024,CA-ECO-024,9007,sev_asthma,Severe Allergic/Eosinophilic Asthma,RESP,2025,268199,1220.2,276.5,441.1,485.4
4024,CA-ECO-024,9008,her2_bc,HER2-positive Breast Cancer,ONC,2021,268199,87.6,20.7,34.2,33.44
4024,CA-ECO-024,9008,her2_bc,HER2-positive Breast Cancer,ONC,2022,268199,90.6,11.0,31.8,33.78
4024,CA-ECO-024,9008,her2_bc,HER2-positive Breast Cancer,ONC,2023,268199,91.3,17.9,56.3,34.12
4024,CA-ECO-024,9008,her2_bc,HER2-positive Breast Cancer,ONC,2024,268199,94.9,13.9,66.1,34.46
4024,CA-ECO-024,9008,her2_bc,HER2-positive Breast Cancer,ONC,2025,268199,97.6,13.8,57.4,34.8
4025,TX-ECO-025,9001,wet_amd,Wet Age-related Macular Degeneration,OPH,2021,3102846,5791.1,1299.2,2824.5,189.31
4025,TX-ECO-025,9001,wet_amd,Wet Age-related Macular Degeneration,OPH,2022,3102846,5576.9,869.6,2117.4,191.2
4025,TX-ECO-025,9001,wet_amd,Wet Age-related Macular Degeneration,OPH,2023,3102846,6012.6,1595.7,2730.5,193.11
4025,TX-ECO-025,9001,wet_amd,Wet Age-related Macular Degeneration,OPH,2024,3102846,5952.2,834.6,2636.3,195.04
4025,TX-ECO-025,9001,wet_amd,Wet Age-related Macular Degeneration,OPH,2025,3102846,5842.5,1375.3,2748.6,196.99
4025,TX-ECO-025,9002,dme,Diabetic Macular Edema,OPH,2021,3102846,11302.1,1274.8,5974.3,355.4
4025,TX-ECO-025,9002,dme,Diabetic Macular Edema,OPH,2022,3102846,11245.7,2120.3,5703.8,358.95
4025,TX-ECO-025,9002,dme,Diabetic Macular Edema,OPH,2023,3102846,11421.6,1594.9,6890.4,362.54
4025,TX-ECO-025,9002,dme,Diabetic Macular Edema,OPH,2024,3102846,12290.9,2536.8,7066.3,366.16
4025,TX-ECO-025,9002,dme,Diabetic Macular Edema,OPH,2025,3102846,11125.9,1547.4,7456.9,369.83
4025,TX-ECO-025,9003,rvo,Retinal Vein Occlusion,OPH,2021,3102846,3351.6,935.4,1745.7,107.45
4025,TX-ECO-025,9003,rvo,Retinal Vein Occlusion,OPH,2022,3102846,3841.4,514.2,2523.7,108.52
4025,TX-ECO-025,9003,rvo,Retinal Vein Occlusion,OPH,2023,3102846,3445.3,351.5,1772.4,109.61
4025,TX-ECO-025,9003,rvo,Retinal Vein Occlusion,OPH,2024,3102846,3238.6,781.7,1302.1,110.7
4025,TX-ECO-025,9003,rvo,Retinal Vein Occlusion,OPH,2025,3102846,3855.9,809.2,1876.9,111.81
4025,TX-ECO-025,9004,rrms,Relapsing-Remitting Multiple Sclerosis,MS,2021,3102846,3119.9,718.6,1735.0,100.9
4025,TX-ECO-025,9004,rrms,Relapsing-Remitting Multiple Sclerosis,MS,2022,3102846,2865.1,538.9,1055.7,101.9
4025,TX-ECO-025,9004,rrms,Relapsing-Remitting Multiple Sclerosis,MS,2023,3102846,2960.5,297.8,1438.9,102.92
4025,TX-ECO-025,9004,rrms,Relapsing-Remitting Multiple Sclerosis,MS,2024,3102846,3286.5,686.6,1578.3,103.95
4025,TX-ECO-025,9004,rrms,Relapsing-Remitting Multiple Sclerosis,MS,2025,3102846,2994.2,763.2,1834.0,104.99
4025,TX-ECO-025,9005,ppms,Primary Progressive Multiple Sclerosis,MS,2021,3102846,628.4,133.6,248.8,20.23
4025,TX-ECO-025,9005,ppms,Primary Progressive Multiple Sclerosis,MS,2022,3102846,628.7,154.8,234.2,20.43
4025,TX-ECO-025,9005,ppms,Primary Progressive Multiple Sclerosis,MS,2023,3102846,677.9,126.6,286.7,20.64
4025,TX-ECO-025,9005,ppms,Primary Progressive Multiple Sclerosis,MS,2024,3102846,646.0,165.5,413.2,20.84
4025,TX-ECO-025,9005,ppms,Primary Progressive Multiple Sclerosis,MS,2025,3102846,648.3,131.9,446.2,21.05
4025,TX-ECO-025,9006,hem_a,Hemophilia A,HEM,2021,3102846,125.6,30.4,57.7,4.13
4025,TX-ECO-025,9006,hem_a,Hemophilia A,HEM,2022,3102846,131.0,35.8,68.9,4.17
4025,TX-ECO-025,9006,hem_a,Hemophilia A,HEM,2023,3102846,128.5,33.0,69.0,4.21
4025,TX-ECO-025,9006,hem_a,Hemophilia A,HEM,2024,3102846,135.6,17.4,84.1,4.25
4025,TX-ECO-025,9006,hem_a,Hemophilia A,HEM,2025,3102846,133.2,33.6,65.0,4.3
4025,TX-ECO-025,9007,sev_asthma,Severe Allergic/Eosinophilic Asthma,RESP,2021,3102846,15098.7,4155.2,6588.7,466.42
4025,TX-ECO-025,9007,sev_asthma,Severe Allergic/Eosinophilic Asthma,RESP,2022,3102846,13710.7,3615.8,5173.6,471.08
4025,TX-ECO-025,9007,sev_asthma,Severe Allergic/Eosinophilic Asthma,RESP,2023,3102846,14675.0,3186.6,7353.4,475.79
4025,TX-ECO-025,9007,sev_asthma,Severe Allergic/Eosinophilic Asthma,RESP,2024,3102846,14183.6,3963.4,7283.5,480.55
4025,TX-ECO-025,9007,sev_asthma,Severe Allergic/Eosinophilic Asthma,RESP,2025,3102846,15354.7,2456.2,5387.0,485.36
4025,TX-ECO-025,9008,her2_bc,HER2-positive Breast Cancer,ONC,2021,3102846,1118.6,127.0,707.1,36.74
4025,TX-ECO-025,9008,her2_bc,HER2-positive Breast Cancer,ONC,2022,3102846,1085.6,218.8,423.7,37.1
4025,TX-ECO-025,9008,her2_bc,HER2-positive Breast Cancer,ONC,2023,3102846,1207.2,230.4,761.1,37.47
4025,TX-ECO-025,9008,her2_bc,HER2-positive Breast Cancer,ONC,2024,3102846,1199.2,270.7,546.6,37.85
4025,TX-ECO-025,9008,her2_bc,HER2-positive Breast Cancer,ONC,2025,3102846,1139.5,295.6,770.8,38.23
4026,NY-ECO-026,9001,wet_amd,Wet Age-related Macular Degeneration,OPH,2021,372515,682.3,71.9,374.0,182.84
4026,NY-ECO-026,9001,wet_amd,Wet Age-related Macular Degeneration,OPH,2022,372515,703.6,158.6,360.6,184.66
4026,NY-ECO-026,9001,wet_amd,Wet Age-related Macular Degeneration,OPH,2023,372515,635.9,156.3,343.8,186.51
4026,NY-ECO-026,9001,wet_amd,Wet Age-related Macular Degeneration,OPH,2024,372515,720.0,110.4,321.1,188.38
4026,NY-ECO-026,9001,wet_amd,Wet Age-related Macular Degeneration,OPH,2025,372515,654.2,127.9,238.9,190.26
4026,NY-ECO-026,9002,dme,Diabetic Macular Edema,OPH,2021,372515,940.4,225.0,520.0,267.62
4026,NY-ECO-026,9002,dme,Diabetic Macular Edema,OPH,2022,372515,1070.7,175.0,667.0,270.3
4026,NY-ECO-026,9002,dme,Diabetic Macular Edema,OPH,2023,372515,981.1,179.8,417.4,273.0
4026,NY-ECO-026,9002,dme,Diabetic Macular Edema,OPH,2024,372515,999.7,261.8,441.1,275.73
4026,NY-ECO-026,9002,dme,Diabetic Macular Edema,OPH,2025,372515,1085.6,181.0,429.0,278.49
4026,NY-ECO-026,9003,rvo,Retinal Vein Occlusion,OPH,2021,372515,344.7,84.9,154.3,96.18
4026,NY-ECO-026,9003,rvo,Retinal Vein Occlusion,OPH,2022,372515,341.1,84.6,158.5,97.14
4026,NY-ECO-026,9003,rvo,Retinal Vein Occlusion,OPH,2023,372515,382.9,42.3,202.3,98.11
4026,NY-ECO-026,9003,rvo,Retinal Vein Occlusion,OPH,2024,372515,342.4,67.7,229.2,99.09
4026,NY-ECO-026,9003,rvo,Retinal Vein Occlusion,OPH,2025,372515,352.0,40.0,205.2,100.09
4026,NY-ECO-026,9004,rrms,Relapsing-Remitting Multiple Sclerosis,MS,2021,372515,278.6,75.7,169.7,76.8
4026,NY-ECO-026,9004,rrms,Relapsing-Remitting Multiple Sclerosis,MS,2022,372515,277.1,44.5,125.4,77.57
4026,NY-ECO-026,9004,rrms,Relapsing-Remitting Multiple Sclerosis,MS,2023,372515,282.7,54.5,184.7,78.35
4026,NY-ECO-026,9004,rrms,Relapsing-Remitting Multiple Sclerosis,MS,2024,372515,297.6,53.3,169.4,79.13
4026,NY-ECO-026,9004,rrms,Relapsing-Remitting Multiple Sclerosis,MS,2025,372515,312.9,76.3,135.1,79.92
4026,NY-ECO-026,9005,ppms,Primary Progressive Multiple Sclerosis,MS,2021,372515,89.2,19.9,59.0,23.18
4026,NY-ECO-026,9005,ppms,Primary Progressive Multiple Sclerosis,MS,2022,372515,91.3,21.6,32.1,23.41
4026,NY-ECO-026,9005,ppms,Primary Progressive Multiple Sclerosis,MS,2023,372515,91.1,11.9,34.1,23.64
4026,NY-ECO-026,9005,ppms,Primary Progressive Multiple Sclerosis,MS,2024,372515,85.8,12.0,33.4,23.88
4026,NY-ECO-026,9005,ppms,Primary Progressive Multiple Sclerosis,MS,2025,372515,88.5,18.9,34.6,24.12
4026,NY-ECO-026,9006,hem_a,Hemophilia A,HEM,2021,372515,15.7,2.0,6.0,4.21
4026,NY-ECO-026,9006,hem_a,Hemophilia A,HEM,2022,372515,15.0,3.1,5.5,4.25
4026,NY-ECO-026,9006,hem_a,Hemophilia A,HEM,2023,372515,14.7,3.7,5.7,4.29
4026,NY-ECO-026,9006,hem_a,Hemophilia A,HEM,2024,372515,16.5,2.6,10.5,4.33
4026,NY-ECO-026,9006,hem_a,Hemophilia A,HEM,2025,372515,15.7,1.6,10.5,4.38
4026,NY-ECO-026,9007,sev_asthma,Severe Allergic/Eosinophilic Asthma,RESP,2021,372515,1711.6,334.6,772.8,444.99
4026,NY-ECO-026,9007,sev_asthma,Severe Allergic/Eosinophilic Asthma,RESP,2022,372515,1601.5,340.5,756.9,449.44
4026,NY-ECO-026,9007,sev_asthma,Severe Allergic/Eosinophilic Asthma,RESP,2023,372515,1666.6,253.5,756.8,453.94
4026,NY-ECO-026,9007,sev_asthma,Severe Allergic/Eosinophilic Asthma,RESP,2024,372515,1710.2,231.0,724.3,458.48
4026,NY-ECO-026,9007,sev_asthma,Severe Allergic/Eosinophilic Asthma,RESP,2025,372515,1760.8,301.0,1102.4,463.06
4026,NY-ECO-026,9008,her2_bc,HER2-positive Breast Cancer,ONC,2021,372515,126.2,31.3,49.4,34.23
4026,NY-ECO-026,9008,her2_bc,HER2-positive Breast Cancer,ONC,2022,372515,136.3,28.4,75.1,34.57
4026,NY-ECO-026,9008,her2_bc,HER2-positive Breast Cancer,ONC,2023,372515,124.5,33.2,69.9,34.92
4026,NY-ECO-026,9008,her2_bc,HER2-positive Breast Cancer,ONC,2024,372515,130.5,25.2,57.6,35.27
4026,NY-ECO-026,9008,her2_bc,HER2-positive Breast Cancer,ONC,2025,372515,138.7,35.6,90.7,35.62
4027,FL-ECO-027,9001,wet_amd,Wet Age-related Macular Degeneration,OPH,2021,662318,1397.6,259.0,687.5,205.38
4027,FL-ECO-027,9001,wet_amd,Wet Age-related Macular Degeneration,OPH,2022,662318,1344.5,237.2,722.7,207.43
4027,FL-ECO-027,9001,wet_amd,Wet Age-related Macular Degeneration,OPH,2023,662318,1293.7,216.3,685.6,209.5
4027,FL-ECO-027,9001,wet_amd,Wet Age-related Macular Degeneration,OPH,2024,662318,1418.1,289.9,746.7,211.6
4027,FL-ECO-027,9001,wet_amd,Wet Age-related Macular Degeneration,OPH,2025,662318,1421.7,210.0,808.2,213.72
4027,FL-ECO-027,9002,dme,Diabetic Macular Edema,OPH,2021,662318,2320.0,644.5,1002.9,361.08
4027,FL-ECO-027,9002,dme,Diabetic Macular Edema,OPH,2022,662318,2415.9,384.6,1365.5,364.7
4027,FL-ECO-027,9002,dme,Diabetic Macular Edema,OPH,2023,662318,2440.3,416.0,986.1,368.34
4027,FL-ECO-027,9002,dme,Diabetic Macular Edema,OPH,2024,662318,2564.0,489.3,931.3,372.03
4027,FL-ECO-027,9002,dme,Diabetic Macular Edema,OPH,2025,662318,2445.5,360.1,1413.1,375.75
4027,FL-ECO-027,9003,rvo,Retinal Vein Occlusion,OPH,2021,662318,802.7,173.2,422.1,116.37
4027,FL-ECO-027,9003,rvo,Retinal Vein Occlusion,OPH,2022,662318,849.4,151.6,531.2,117.53
4027,FL-ECO-027,9003,rvo,Retinal Vein Occlusion,OPH,2023,662318,758.6,146.9,353.8,118.7
4027,FL-ECO-027,9003,rvo,Retinal Vein Occlusion,OPH,2024,662318,811.4,82.2,474.6,119.89
4027,FL-ECO-027,9003,rvo,Retinal Vein Occlusion,OPH,2025,662318,764.8,163.5,472.4,121.09
4027,FL-ECO-027,9004,rrms,Relapsing-Remitting Multiple Sclerosis,MS,2021,662318,529.4,142.1,339.9,77.84
4027,FL-ECO-027,9004,rrms,Relapsing-Remitting Multiple Sclerosis,MS,2022,662318,551.4,124.4,200.8,78.62
4027,FL-ECO-027,9004,rrms,Relapsing-Remitting Multiple Sclerosis,MS,2023,662318,533.6,118.0,272.4,79.4
4027,FL-ECO-027,9004,rrms,Relapsing-Remitting Multiple Sclerosis,MS,2024,662318,556.7,139.2,380.0,80.2
4027,FL-ECO-027,9004,rrms,Relapsing-Remitting Multiple Sclerosis,MS,2025,662318,563.9,130.3,356.3,81.0
4027,FL-ECO-027,9005,ppms,Primary Progressive Multiple Sclerosis,MS,2021,662318,143.6,35.6,74.1,21.7
4027,FL-ECO-027,9005,ppms,Primary Progressive Multiple Sclerosis,MS,2022,662318,141.7,39.1,85.8,21.92
4027,FL-ECO-027,9005,ppms,Primary Progressive Multiple Sclerosis,MS,2023,662318,150.2,17.0,69.0,22.13
4027,FL-ECO-027,9005,ppms,Primary Progressive Multiple Sclerosis,MS,2024,662318,140.0,24.9,94.4,22.36
4027,FL-ECO-027,9005,ppms,Primary Progressive Multiple Sclerosis,MS,2025,662318,138.2,36.3,74.2,22.58
4027,FL-ECO-027,9006,hem_a,Hemophilia A,HEM,2021,662318,27.4,5.8,13.3,4.14
4027,FL-ECO-027,9006,hem_a,Hemophilia A,HEM,2022,662318,27.3,2.8,15.8,4.18
4027,FL-ECO-027,9006,hem_a,Hemophilia A,HEM,2023,662318,29.1,5.6,12.0,4.22
4027,FL-ECO-027,9006,hem_a,Hemophilia A,HEM,2024,662318,26.3,4.1,12.6,4.26
4027,FL-ECO-027,9006,hem_a,Hemophilia A,HEM,2025,662318,29.8,4.2,20.1,4.3
4027,FL-ECO-027,9007,sev_asthma,Severe Allergic/Eosinophilic Asthma,RESP,2021,662318,3235.9,324.7,1180.8,492.79
4027,FL-ECO-027,9007,sev_asthma,Severe Allergic/Eosinophilic Asthma,RESP,2022,662318,3197.4,630.7,1960.6,497.72
4027,FL-ECO-027,9007,sev_asthma,Severe Allergic/Eosinophilic Asthma,RESP,2023,662318,3427.5,847.9,1780.6,502.7
4027,FL-ECO-027,9007,sev_asthma,Severe Allergic/Eosinophilic Asthma,RESP,2024,662318,3561.1,760.6,2435.5,507.72
4027,FL-ECO-027,9007,sev_asthma,Severe Allergic/Eosinophilic Asthma,RESP,2025,662318,3419.9,669.4,1738.5,512.8
4027,FL-ECO-027,9008,her2_bc,HER2-positive Breast Cancer,ONC,2021,662318,228.3,49.4,151.0,33.4
4027,FL-ECO-027,9008,her2_bc,HER2-positive Breast Cancer,ONC,2022,662318,233.0,33.4,115.9,33.73
4027,FL-ECO-027,9008,her2_bc,HER2-positive Breast Cancer,ONC,2023,662318,232.8,24.8,158.7,34.07
4027,FL-ECO-027,9008,her2_bc,HER2-positive Breast Cancer,ONC,2024,662318,232.6,59.7,138.7,34.41
4027,FL-ECO-027,9008,her2_bc,HER2-positive Breast Cancer,ONC,2025,662318,210.5,40.4,114.6,34.76
4028,PA-ECO-028,9001,wet_amd,Wet Age-related Macular Degeneration,OPH,2021,945430,1721.1,466.0,882.7,191.24
4028,PA-ECO-028,9001,wet_amd,Wet Age-related Macular Degeneration,OPH,2022,945430,1786.1,239.7,1173.2,193.15
4028,PA-ECO-028,9001,wet_amd,Wet Age-related Macular Degeneration,OPH,2023,945430,1939.6,535.3,823.3,195.08
4028,PA-ECO-028,9001,wet_amd,Wet Age-related Macular Degeneration,OPH,2024,945430,1834.9,290.2,946.0,197.03
4028,PA-ECO-028,9001,wet_amd,Wet Age-related Macular Degeneration,OPH,2025,945430,1826.8,303.6,899.4,199.0
4028,PA-ECO-028,9002,dme,Diabetic Macular Edema,OPH,2021,945430,3443.9,875.2,1657.3,364.71
4028,PA-ECO-028,9002,dme,Diabetic Macular Edema,OPH,2022,945430,3510.1,805.2,1557.2,368.36
4028,PA-ECO-028,9002,dme,Diabetic Macular Edema,OPH,2023,945430,3735.7,602.0,1661.7,372.04
4028,PA-ECO-028,9002,dme,Diabetic Macular Edema,OPH,2024,945430,3779.9,706.5,1517.2,375.76
4028,PA-ECO-028,9002,dme,Diabetic Macular Edema,OPH,2025,945430,3491.2,659.8,2172.6,379.52
4028,PA-ECO-028,9003,rvo,Retinal Vein Occlusion,OPH,2021,945430,1185.5,154.4,464.6,130.32
4028,PA-ECO-028,9003,rvo,Retinal Vein Occlusion,OPH,2022,945430,1247.8,230.2,663.8,131.62
4028,PA-ECO-028,9003,rvo,Retinal Vein Occlusion,OPH,2023,945430,1337.3,252.5,621.0,132.94
4028,PA-ECO-028,9003,rvo,Retinal Vein Occlusion,OPH,2024,945430,1243.9,202.0,666.0,134.27
4028,PA-ECO-028,9003,rvo,Retinal Vein Occlusion,OPH,2025,945430,1283.4,250.0,835.7,135.61
4028,PA-ECO-028,9004,rrms,Relapsing-Remitting Multiple Sclerosis,MS,2021,945430,930.4,120.4,617.9,100.09
4028,PA-ECO-028,9004,rrms,Relapsing-Remitting Multiple Sclerosis,MS,2022,945430,1003.0,118.2,370.2,101.09
4028,PA-ECO-028,9004,rrms,Relapsing-Remitting Multiple Sclerosis,MS,2023,945430,1038.3,279.3,640.4,102.1
4028,PA-ECO-028,9004,rrms,Relapsing-Remitting Multiple Sclerosis,MS,2024,945430,932.7,256.0,399.5,103.12
4028,PA-ECO-028,9004,rrms,Relapsing-Remitting Multiple Sclerosis,MS,2025,945430,1017.5,215.8,445.2,104.15
4028,PA-ECO-028,9005,ppms,Primary Progressive Multiple Sclerosis,MS,2021,945430,201.9,25.3,134.8,21.03
4028,PA-ECO-028,9005,ppms,Primary Progressive Multiple Sclerosis,MS,2022,945430,195.1,46.6,121.3,21.24
4028,PA-ECO-028,9005,ppms,Primary Progressive Multiple Sclerosis,MS,2023,945430,200.1,28.0,116.6,21.46
4028,PA-ECO-028,9005,ppms,Primary Progressive Multiple Sclerosis,MS,2024,945430,198.1,25.5,101.2,21.67
4028,PA-ECO-028,9005,ppms,Primary Progressive Multiple Sclerosis,MS,2025,945430,212.2,56.9,81.9,21.89
4028,PA-ECO-028,9006,hem_a,Hemophilia A,HEM,2021,945430,44.7,6.0,24.2,4.66
4028,PA-ECO-028,9006,hem_a,Hemophilia A,HEM,2022,945430,47.3,10.1,20.0,4.7
4028,PA-ECO-028,9006,hem_a,Hemophilia A,HEM,2023,945430,43.5,8.3,25.4,4.75
4028,PA-ECO-028,9006,hem_a,Hemophilia A,HEM,2024,945430,46.4,8.1,30.5,4.8
4028,PA-ECO-028,9006,hem_a,Hemophilia A,HEM,2025,945430,46.6,9.3,20.7,4.85
4028,PA-ECO-028,9007,sev_asthma,Severe Allergic/Eosinophilic Asthma,RESP,2021,945430,4588.9,482.3,3199.3,509.41
4028,PA-ECO-028,9007,sev_asthma,Severe Allergic/Eosinophilic Asthma,RESP,2022,945430,4565.5,1103.7,2908.1,514.51
4028,PA-ECO-028,9007,sev_asthma,Severe Allergic/Eosinophilic Asthma,RESP,2023,945430,5024.8,736.1,2694.9,519.65
4028,PA-ECO-028,9007,sev_asthma,Severe Allergic/Eosinophilic Asthma,RESP,2024,945430,4806.0,1299.0,2104.2,524.85
4028,PA-ECO-028,9007,sev_asthma,Severe Allergic/Eosinophilic Asthma,RESP,2025,945430,5149.8,585.7,3269.1,530.1
4028,PA-ECO-028,9008,her2_bc,HER2-positive Breast Cancer,ONC,2021,945430,350.7,46.6,169.2,37.61
4028,PA-ECO-028,9008,her2_bc,HER2-positive Breast Cancer,ONC,2022,945430,340.4,62.8,164.4,37.99
4028,PA-ECO-028,9008,her2_bc,HER2-positive Breast Cancer,ONC,2023,945430,341.3,79.8,206.2,38.37
4028,PA-ECO-028,9008,her2_bc,HER2-positive Breast Cancer,ONC,2024,945430,357.6,79.5,204.5,38.75
4028,PA-ECO-028,9008,her2_bc,HER2-positive Breast Cancer,ONC,2025,945430,365.8,42.8,221.3,39.14
4029,IL-ECO-029,9001,wet_amd,Wet Age-related Macular Degeneration,OPH,2021,313172,677.1,151.2,288.8,215.28
4029,IL-ECO-029,9001,wet_amd,Wet Age-related Macular Degeneration,OPH,2022,313172,664.0,116.6,421.8,217.43
4029,IL-ECO-029,9001,wet_amd,Wet Age-related Macular Degeneration,OPH,2023,313172,741.2,180.6,266.2,219.61
4029,IL-ECO-029,9001,wet_amd,Wet Age-related Macular Degeneration,OPH,2024,313172,677.4,120.5,465.1,221.8
4029,IL-ECO-029,9001,wet_amd,Wet Age-related Macular Degeneration,OPH,2025,313172,705.1,182.5,345.6,224.02
4029,IL-ECO-029,9002,dme,Diabetic Macular Edema,OPH,2021,313172,1018.2,207.1,608.8,318.83
4029,IL-ECO-029,9002,dme,Diabetic Macular Edema,OPH,2022,313172,1063.2,227.9,620.8,322.01
4029,IL-ECO-029,9002,dme,Diabetic Macular Edema,OPH,2023,313172,1014.3,155.4,445.3,325.23
4029,IL-ECO-029,9002,dme,Diabetic Macular Edema,OPH,2024,313172,1140.2,251.4,773.9,328.49
4029,IL-ECO-029,9002,dme,Diabetic Macular Edema,OPH,2025,313172,1060.7,229.4,619.5,331.77
4029,IL-ECO-029,9003,rvo,Retinal Vein Occlusion,OPH,2021,313172,441.5,89.4,185.9,134.85
4029,IL-ECO-029,9003,rvo,Retinal Vein Occlusion,OPH,2022,313172,434.3,70.4,189.7,136.2
4029,IL-ECO-029,9003,rvo,Retinal Vein Occlusion,OPH,2023,313172,462.5,106.4,234.2,137.56
4029,IL-ECO-029,9003,rvo,Retinal Vein Occlusion,OPH,2024,313172,429.0,49.1,283.5,138.93
4029,IL-ECO-029,9003,rvo,Retinal Vein Occlusion,OPH,2025,313172,471.6,78.6,318.6,140.32
4029,IL-ECO-029,9004,rrms,Relapsing-Remitting Multiple Sclerosis,MS,2021,313172,299.5,54.5,127.8,95.71
4029,IL-ECO-029,9004,rrms,Relapsing-Remitting Multiple Sclerosis,MS,2022,313172,279.2,55.9,123.4,96.66
4029,IL-ECO-029,9004,rrms,Relapsing-Remitting Multiple Sclerosis,MS,2023,313172,318.0,42.9,120.7,97.63
4029,IL-ECO-029,9004,rrms,Relapsing-Remitting Multiple Sclerosis,MS,2024,313172,325.8,53.2,204.1,98.61
4029,IL-ECO-029,9004,rrms,Relapsing-Remitting Multiple Sclerosis,MS,2025,313172,314.9,71.7,114.4,99.59
4029,IL-ECO-029,9005,ppms,Primary Progressive Multiple Sclerosis,MS,2021,313172,61.1,6.9,22.7,21.65
4029,IL-ECO-029,9005,ppms,Primary Progressive Multiple Sclerosis,MS,2022,313172,68.0,17.0,27.7,21.87
4029,IL-ECO-029,9005,ppms,Primary Progressive Multiple Sclerosis,MS,2023,313172,68.2,11.4,27.6,22.09
4029,IL-ECO-029,9005,ppms,Primary Progressive Multiple Sclerosis,MS,2024,313172,72.5,15.6,44.9,22.31
4029,IL-ECO-029,9005,ppms,Primary Progressive Multiple Sclerosis,MS,2025,313172,70.9,19.1,41.9,22.53
4029,IL-ECO-029,9006,hem_a,Hemophilia A,HEM,2021,313172,12.7,2.1,6.4,4.37
4029,IL-ECO-029,9006,hem_a,Hemophilia A,HEM,2022,313172,14.0,3.7,7.6,4.42
4029,IL-ECO-029,9006,hem_a,Hemophilia A,HEM,2023,313172,14.5,2.7,6.4,4.46
4029,IL-ECO-029,9006,hem_a,Hemophilia A,HEM,2024,313172,13.8,3.7,9.1,4.51
4029,IL-ECO-029,9006,hem_a,Hemophilia A,HEM,2025,313172,14.8,1.6,9.9,4.55
4029,IL-ECO-029,9007,sev_asthma,Severe Allergic/Eosinophilic Asthma,RESP,2021,313172,1432.1,218.0,656.5,453.23
4029,IL-ECO-029,9007,sev_asthma,Severe Allergic/Eosinophilic Asthma,RESP,2022,313172,1437.5,299.1,591.6,457.76
4029,IL-ECO-029,9007,sev_asthma,Severe Allergic/Eosinophilic Asthma,RESP,2023,313172,1381.6,292.9,673.1,462.34
4029,IL-ECO-029,9007,sev_asthma,Severe Allergic/Eosinophilic Asthma,RESP,2024,313172,1510.4,291.4,725.1,466.96
4029,IL-ECO-029,9007,sev_asthma,Severe Allergic/Eosinophilic Asthma,RESP,2025,313172,1518.7,160.9,603.8,471.63
4029,IL-ECO-029,9008,her2_bc,HER2-positive Breast Cancer,ONC,2021,313172,115.3,17.5,50.0,35.41
4029,IL-ECO-029,9008,her2_bc,HER2-positive Breast Cancer,ONC,2022,313172,99.3,15.5,53.3,35.77
4029,IL-ECO-029,9008,her2_bc,HER2-positive Breast Cancer,ONC,2023,313172,112.2,11.5,55.1,36.12
4029,IL-ECO-029,9008,her2_bc,HER2-positive Breast Cancer,ONC,2024,313172,118.4,17.8,60.0,36.49
4029,IL-ECO-029,9008,her2_bc,HER2-positive Breast Cancer,ONC,2025,313172,121.7,29.8,77.3,36.85
4030,OH-ECO-030,9001,wet_amd,Wet Age-related Macular Degeneration,OPH,2021,799868,1608.0,351.8,1115.7,207.01
4030,OH-ECO-030,9001,wet_amd,Wet Age-related Macular Degeneration,OPH,2022,799868,1701.0,311.7,862.4,209.08
4030,OH-ECO-030,9001,wet_amd,Wet Age-related Macular Degeneration,OPH,2023,799868,1616.2,298.6,917.4,211.18
4030,OH-ECO-030,9001,wet_amd,Wet Age-related Macular Degeneration,OPH,2024,799868,1558.2,389.8,646.5,213.29
4030,OH-ECO-030,9001,wet_amd,Wet Age-related Macular Degeneration,OPH,2025,799868,1522.0,408.6,701.6,215.42
4030,OH-ECO-030,9002,dme,Diabetic Macular Edema,OPH,2021,799868,2510.6,493.4,1227.8,326.12
4030,OH-ECO-030,9002,dme,Diabetic Macular Edema,OPH,2022,799868,2572.5,551.6,1364.7,329.39
4030,OH-ECO-030,9002,dme,Diabetic Macular Edema,OPH,2023,799868,2625.9,471.6,1140.5,332.68
4030,OH-ECO-030,9002,dme,Diabetic Macular Edema,OPH,2024,799868,2773.0,759.5,1250.2,336.01
4030,OH-ECO-030,9002,dme,Diabetic Macular Edema,OPH,2025,799868,2755.7,547.5,980.6,339.37
4030,OH-ECO-030,9003,rvo,Retinal Vein Occlusion,OPH,2021,799868,757.4,125.7,469.4,106.44
4030,OH-ECO-030,9003,rvo,Retinal Vein Occlusion,OPH,2022,799868,757.8,114.5,321.5,107.5
4030,OH-ECO-030,9003,rvo,Retinal Vein Occlusion,OPH,2023,799868,863.0,171.9,405.6,108.58
4030,OH-ECO-030,9003,rvo,Retinal Vein Occlusion,OPH,2024,799868,875.2,182.4,404.2,109.66
4030,OH-ECO-030,9003,rvo,Retinal Vein Occlusion,OPH,2025,799868,862.8,239.1,558.5,110.76
4030,OH-ECO-030,9004,rrms,Relapsing-Remitting Multiple Sclerosis,MS,2021,799868,609.3,154.1,285.3,80.0
4030,OH-ECO-030,9004,rrms,Relapsing-Remitting Multiple Sclerosis,MS,2022,799868,642.8,77.2,278.4,80.8
4030,OH-ECO-030,9004,rrms,Relapsing-Remitting Multiple Sclerosis,MS,2023,799868,663.2,137.2,333.9,81.61
4030,OH-ECO-030,9004,rrms,Relapsing-Remitting Multiple Sclerosis,MS,2024,799868,681.9,150.9,337.1,82.43
4030,OH-ECO-030,9004,rrms,Relapsing-Remitting Multiple Sclerosis,MS,2025,799868,616.6,128.6,412.3,83.25
4030,OH-ECO-030,9005,ppms,Primary Progressive Multiple Sclerosis,MS,2021,799868,147.7,29.1,99.3,20.05
4030,OH-ECO-030,9005,ppms,Primary Progressive Multiple Sclerosis,MS,2022,799868,158.0,19.2,79.4,20.25
4030,OH-ECO-030,9005,ppms,Primary Progressive Multiple Sclerosis,MS,2023,799868,167.4,34.0,106.9,20.45
4030,OH-ECO-030,9005,ppms,Primary Progressive Multiple Sclerosis,MS,2024,799868,159.4,24.6,59.9,20.66
4030,OH-ECO-030,9005,ppms,Primary Progressive Multiple Sclerosis,MS,2025,799868,173.9,44.5,73.6,20.86
4030,OH-ECO-030,9006,hem_a,Hemophilia A,HEM,2021,799868,40.0,6.7,26.3,4.89
4030,OH-ECO-030,9006,hem_a,Hemophilia A,HEM,2022,799868,38.7,9.4,19.8,4.93
4030,OH-ECO-030,9006,hem_a,Hemophilia A,HEM,2023,799868,40.1,8.5,19.6,4.98
4030,OH-ECO-030,9006,hem_a,Hemophilia A,HEM,2024,799868,39.8,9.3,24.0,5.03
4030,OH-ECO-030,9006,hem_a,Hemophilia A,HEM,2025,799868,43.8,5.7,25.7,5.08
4030,OH-ECO-030,9007,sev_asthma,Severe Allergic/Eosinophilic Asthma,RESP,2021,799868,4212.6,1171.7,1772.1,505.15
4030,OH-ECO-030,9007,sev_asthma,Severe Allergic/Eosinophilic Asthma,RESP,2022,799868,4045.6,777.6,2057.2,510.2
4030,OH-ECO-030,9007,sev_asthma,Severe Allergic/Eosinophilic Asthma,RESP,2023,799868,4462.5,896.6,1786.4,515.31
4030,OH-ECO-030,9007,sev_asthma,Severe Allergic/Eosinophilic Asthma,RESP,2024,799868,4362.9,581.6,2092.6,520.46
4030,OH-ECO-030,9007,sev_asthma,Severe Allergic/Eosinophilic Asthma,RESP,2025,799868,4278.1,806.4,2364.4,525.66
4030,OH-ECO-030,9008,her2_bc,HER2-positive Breast Cancer,ONC,2021,799868,267.9,71.2,97.1,34.57
4030,OH-ECO-030,9008,her2_bc,HER2-positive Breast Cancer,ONC,2022,799868,248.5,30.3,93.7,34.92
4030,OH-ECO-030,9008,her2_bc,HER2-positive Breast Cancer,ONC,2023,799868,272.1,39.7,123.9,35.27
4030,OH-ECO-030,9008,her2_bc,HER2-positive Breast Cancer,ONC,2024,799868,266.4,54.0,144.8,35.62
4030,OH-ECO-030,9008,her2_bc,HER2-positive Breast Cancer,ONC,2025,799868,308.2,78.0,198.7,35.98
4031,GA-ECO-031,9001,wet_amd,Wet Age-related Macular Degeneration,OPH,2021,1032649,2617.7,631.2,1251.8,232.2
4031,GA-ECO-031,9001,wet_amd,Wet Age-related Macular Degeneration,OPH,2022,1032649,2586.1,679.0,1443.6,234.52
4031,GA-ECO-031,9001,wet_amd,Wet Age-related Macular Degeneration,OPH,2023,1032649,2273.5,556.4,1167.4,236.87
4031,GA-ECO-031,9001,wet_amd,Wet Age-related Macular Degeneration,OPH,2024,1032649,2539.9,413.3,909.0,239.23
4031,GA-ECO-031,9001,wet_amd,Wet Age-related Macular Degeneration,OPH,2025,1032649,2489.7,639.4,1191.0,241.63
4031,GA-ECO-031,9002,dme,Diabetic Macular Edema,OPH,2021,1032649,3527.4,819.6,1343.8,367.1
4031,GA-ECO-031,9002,dme,Diabetic Macular Edema,OPH,2022,1032649,3808.3,1032.5,1968.1,370.77
4031,GA-ECO-031,9002,dme,Diabetic Macular Edema,OPH,2023,1032649,3690.7,895.1,1683.0,374.48
4031,GA-ECO-031,9002,dme,Diabetic Macular Edema,OPH,2024,1032649,4096.0,1082.0,1589.7,378.22
4031,GA-ECO-031,9002,dme,Diabetic Macular Edema,OPH,2025,1032649,4150.5,655.6,2528.2,382.0
4031,GA-ECO-031,9003,rvo,Retinal Vein Occlusion,OPH,2021,1032649,1251.8,242.6,479.7,124.12
4031,GA-ECO-031,9003,rvo,Retinal Vein Occlusion,OPH,2022,1032649,1388.3,179.3,702.1,125.36
4031,GA-ECO-031,9003,rvo,Retinal Vein Occlusion,OPH,2023,1032649,1418.1,145.0,501.2,126.61
4031,GA-ECO-031,9003,rvo,Retinal Vein Occlusion,OPH,2024,1032649,1306.4,278.3,632.4,127.88
4031,GA-ECO-031,9003,rvo,Retinal Vein Occlusion,OPH,2025,1032649,1233.3,132.2,806.3,129.16
4031,GA-ECO-031,9004,rrms,Relapsing-Remitting Multiple Sclerosis,MS,2021,1032649,1167.5,242.3,565.1,110.99
4031,GA-ECO-031,9004,rrms,Relapsing-Remitting Multiple Sclerosis,MS,2022,1032649,1269.3,285.2,689.6,112.1
4031,GA-ECO-031,9004,rrms,Relapsing-Remitting Multiple Sclerosis,MS,2023,1032649,1152.8,123.8,429.8,113.22
4031,GA-ECO-031,9004,rrms,Relapsing-Remitting Multiple Sclerosis,MS,2024,1032649,1195.4,284.0,481.4,114.36
4031,GA-ECO-031,9004,rrms,Relapsing-Remitting Multiple Sclerosis,MS,2025,1032649,1171.8,194.3,527.6,115.5
4031,GA-ECO-031,9005,ppms,Primary Progressive Multiple Sclerosis,MS,2021,1032649,206.1,53.0,113.5,20.52
4031,GA-ECO-031,9005,ppms,Primary Progressive Multiple Sclerosis,MS,2022,1032649,221.5,56.3,91.1,20.72
4031,GA-ECO-031,9005,ppms,Primary Progressive Multiple Sclerosis,MS,2023,1032649,233.6,52.7,141.1,20.93
4031,GA-ECO-031,9005,ppms,Primary Progressive Multiple Sclerosis,MS,2024,1032649,233.0,55.6,135.6,21.14
4031,GA-ECO-031,9005,ppms,Primary Progressive Multiple Sclerosis,MS,2025,1032649,235.5,26.9,85.6,21.35
4031,GA-ECO-031,9006,hem_a,Hemophilia A,HEM,2021,1032649,42.0,10.2,25.4,4.37
4031,GA-ECO-031,9006,hem_a,Hemophilia A,HEM,2022,1032649,48.3,12.6,29.5,4.41
4031,GA-ECO-031,9006,hem_a,Hemophilia A,HEM,2023,1032649,47.1,6.6,25.4,4.45
4031,GA-ECO-031,9006,hem_a,Hemophilia A,HEM,2024,1032649,48.7,12.0,31.1,4.5
4031,GA-ECO-031,9006,hem_a,Hemophilia A,HEM,2025,1032649,45.2,8.5,27.1,4.54
4031,GA-ECO-031,9007,sev_asthma,Severe Allergic/Eosinophilic Asthma,RESP,2021,1032649,5155.2,1120.5,3555.0,484.84
4031,GA-ECO-031,9007,sev_asthma,Severe Allergic/Eosinophilic Asthma,RESP,2022,1032649,4612.8,1105.3,2813.8,489.69
4031,GA-ECO-031,9007,sev_asthma,Severe Allergic/Eosinophilic Asthma,RESP,2023,1032649,5351.7,632.7,3227.7,494.59
4031,GA-ECO-031,9007,sev_asthma,Severe Allergic/Eosinophilic Asthma,RESP,2024,1032649,4765.2,1111.6,2407.9,499.53
4031,GA-ECO-031,9007,sev_asthma,Severe Allergic/Eosinophilic Asthma,RESP,2025,1032649,5464.3,563.4,3042.8,504.53
4031,GA-ECO-031,9008,her2_bc,HER2-positive Breast Cancer,ONC,2021,1032649,378.2,79.6,254.6,35.14
4031,GA-ECO-031,9008,her2_bc,HER2-positive Breast Cancer,ONC,2022,1032649,361.9,92.9,231.5,35.49
4031,GA-ECO-031,9008,her2_bc,HER2-positive Breast Cancer,ONC,2023,1032649,376.8,39.8,145.1,35.84
4031,GA-ECO-031,9008,her2_bc,HER2-positive Breast Cancer,ONC,2024,1032649,386.9,103.8,157.3,36.2
4031,GA-ECO-031,9008,her2_bc,HER2-positive Breast Cancer,ONC,2025,1032649,380.5,81.5,217.8,36.56
4032,NC-ECO-032,9001,wet_amd,Wet Age-related Macular Degeneration,OPH,2021,352428,665.8,123.9,438.1,198.98
4032,NC-ECO-032,9001,wet_amd,Wet Age-related Macular Degeneration,OPH,2022,352428,747.7,205.3,456.9,200.97
4032,NC-ECO-032,9001,wet_amd,Wet Age-related Macular Degeneration,OPH,2023,352428,710.3,118.9,415.1,202.98
4032,NC-ECO-032,9001,wet_amd,Wet Age-related Macular Degeneration,OPH,2024,352428,793.6,108.8,418.9,205.01
4032,NC-ECO-032,9001,wet_amd,Wet Age-related Macular Degeneration,OPH,2025,352428,710.7,182.2,448.3,207.06
4032,NC-ECO-032,9002,dme,Diabetic Macular Edema,OPH,2021,352428,1137.2,284.4,444.0,319.39
4032,NC-ECO-032,9002,dme,Diabetic Macular Edema,OPH,2022,352428,1230.3,226.1,806.6,322.58
4032,NC-ECO-032,9002,dme,Diabetic Macular Edema,OPH,2023,352428,1147.4,272.7,527.6,325.81
4032,NC-ECO-032,9002,dme,Diabetic Macular Edema,OPH,2024,352428,1210.7,211.8,498.8,329.07
4032,NC-ECO-032,9002,dme,Diabetic Macular Edema,OPH,2025,352428,1131.3,205.5,716.9,332.36
4032,NC-ECO-032,9003,rvo,Retinal Vein Occlusion,OPH,2021,352428,410.1,85.3,145.6,115.54
4032,NC-ECO-032,9003,rvo,Retinal Vein Occlusion,OPH,2022,352428,426.2,58.6,192.9,116.7
4032,NC-ECO-032,9003,rvo,Retinal Vein Occlusion,OPH,2023,352428,416.0,79.3,279.1,117.86
4032,NC-ECO-032,9003,rvo,Retinal Vein Occlusion,OPH,2024,352428,407.7,98.8,247.2,119.04
4032,NC-ECO-032,9003,rvo,Retinal Vein Occlusion,OPH,2025,352428,409.4,62.8,256.5,120.23
4032,NC-ECO-032,9004,rrms,Relapsing-Remitting Multiple Sclerosis,MS,2021,352428,285.4,32.3,118.0,78.21
4032,NC-ECO-032,9004,rrms,Relapsing-Remitting Multiple Sclerosis,MS,2022,352428,292.2,68.1,170.1,78.99
4032,NC-ECO-032,9004,rrms,Relapsing-Remitting Multiple Sclerosis,MS,2023,352428,271.9,52.8,165.4,79.78
4032,NC-ECO-032,9004,rrms,Relapsing-Remitting Multiple Sclerosis,MS,2024,352428,271.4,57.3,156.6,80.58
4032,NC-ECO-032,9004,rrms,Relapsing-Remitting Multiple Sclerosis,MS,2025,352428,295.4,39.4,139.4,81.39
4032,NC-ECO-032,9005,ppms,Primary Progressive Multiple Sclerosis,MS,2021,352428,63.4,7.3,40.8,19.07
4032,NC-ECO-032,9005,ppms,Primary Progressive Multiple Sclerosis,MS,2022,352428,65.7,12.1,26.2,19.26
4032,NC-ECO-032,9005,ppms,Primary Progressive Multiple Sclerosis,MS,2023,352428,66.4,17.8,26.3,19.46
4032,NC-ECO-032,9005,ppms,Primary Progressive Multiple Sclerosis,MS,2024,352428,69.5,13.9,27.7,19.65
4032,NC-ECO-032,9005,ppms,Primary Progressive Multiple Sclerosis,MS,2025,352428,69.9,14.2,30.6,19.85
4032,NC-ECO-032,9006,hem_a,Hemophilia A,HEM,2021,352428,18.9,3.1,9.6,5.23
4032,NC-ECO-032,9006,hem_a,Hemophilia A,HEM,2022,352428,19.4,2.0,13.1,5.28
4032,NC-ECO-032,9006,hem_a,Hemophilia A,HEM,2023,352428,18.5,4.1,10.6,5.33
4032,NC-ECO-032,9006,hem_a,Hemophilia A,HEM,2024,352428,19.2,2.5,11.9,5.39
4032,NC-ECO-032,9006,hem_a,Hemophilia A,HEM,2025,352428,19.7,4.7,12.1,5.44
4032,NC-ECO-032,9007,sev_asthma,Severe Allergic/Eosinophilic Asthma,RESP,2021,352428,1716.9,415.4,612.1,475.68
4032,NC-ECO-032,9007,sev_asthma,Severe Allergic/Eosinophilic Asthma,RESP,2022,352428,1854.5,429.8,943.9,480.44
4032,NC-ECO-032,9007,sev_asthma,Severe Allergic/Eosinophilic Asthma,RESP,2023,352428,1699.8,379.7,1154.6,485.24
4032,NC-ECO-032,9007,sev_asthma,Severe Allergic/Eosinophilic Asthma,RESP,2024,352428,1637.1,358.1,885.6,490.1
4032,NC-ECO-032,9007,sev_asthma,Severe Allergic/Eosinophilic Asthma,RESP,2025,352428,1729.7,332.1,797.2,495.0
4032,NC-ECO-032,9008,her2_bc,HER2-positive Breast Cancer,ONC,2021,352428,118.7,17.7,74.6,34.14
4032,NC-ECO-032,9008,her2_bc,HER2-positive Breast Cancer,ONC,2022,352428,119.8,27.7,78.1,34.48
4032,NC-ECO-032,9008,her2_bc,HER2-positive Breast Cancer,ONC,2023,352428,122.1,13.9,52.9,34.82
4032,NC-ECO-032,9008,her2_bc,HER2-positive Breast Cancer,ONC,2024,352428,130.7,18.3,77.2,35.17
4032,NC-ECO-032,9008,her2_bc,HER2-positive Breast Cancer,ONC,2025,352428,120.9,16.7,52.6,35.52
4033,MI-ECO-033,9001,wet_amd,Wet Age-related Macular Degeneration,OPH,2021,233976,604.9,119.1,340.7,241.9
4033,MI-ECO-033,9001,wet_amd,Wet Age-related Macular Degeneration,OPH,2022,233976,581.6,78.3,306.6,244.32
4033,MI-ECO-033,9001,wet_amd,Wet Age-related Macular Degeneration,OPH,2023,233976,627.2,111.1,344.7,246.76
4033,MI-ECO-033,9001,wet_amd,Wet Age-related Macular Degeneration,OPH,2024,233976,588.7,98.9,406.3,249.23
4033,MI-ECO-033,9001,wet_amd,Wet Age-related Macular Degeneration,OPH,2025,233976,544.3,67.5,368.9,251.72
4033,MI-ECO-033,9002,dme,Diabetic Macular Edema,OPH,2021,233976,870.4,182.3,371.7,353.1
4033,MI-ECO-033,9002,dme,Diabetic Macular Edema,OPH,2022,233976,839.6,205.6,549.1,356.63
4033,MI-ECO-033,9002,dme,Diabetic Macular Edema,OPH,2023,233976,857.3,192.7,474.5,360.2
4033,MI-ECO-033,9002,dme,Diabetic Macular Edema,OPH,2024,233976,819.8,128.3,472.1,363.8
4033,MI-ECO-033,9002,dme,Diabetic Macular Edema,OPH,2025,233976,872.1,129.2,607.9,367.44
4033,MI-ECO-033,9003,rvo,Retinal Vein Occlusion,OPH,2021,233976,342.8,89.1,153.9,136.79
4033,MI-ECO-033,9003,rvo,Retinal Vein Occlusion,OPH,2022,233976,314.5,86.8,149.4,138.16
4033,MI-ECO-033,9003,rvo,Retinal Vein Occlusion,OPH,2023,233976,345.9,45.1,167.1,139.54
4033,MI-ECO-033,9003,rvo,Retinal Vein Occlusion,OPH,2024,233976,358.9,73.1,224.9,140.94
4033,MI-ECO-033,9003,rvo,Retinal Vein Occlusion,OPH,2025,233976,332.4,68.2,222.4,142.35
4033,MI-ECO-033,9004,rrms,Relapsing-Remitting Multiple Sclerosis,MS,2021,233976,267.1,33.1,151.6,104.23
4033,MI-ECO-033,9004,rrms,Relapsing-Remitting Multiple Sclerosis,MS,2022,233976,237.8,48.1,93.2,105.27
4033,MI-ECO-033,9004,rrms,Relapsing-Remitting Multiple Sclerosis,MS,2023,233976,254.7,60.7,125.5,106.33
4033,MI-ECO-033,9004,rrms,Relapsing-Remitting Multiple Sclerosis,MS,2024,233976,244.0,27.8,87.9,107.39
4033,MI-ECO-033,9004,rrms,Relapsing-Remitting Multiple Sclerosis,MS,2025,233976,240.4,41.8,85.7,108.46
4033,MI-ECO-033,9005,ppms,Primary Progressive Multiple Sclerosis,MS,2021,233976,45.5,7.6,25.3,18.37
4033,MI-ECO-033,9005,ppms,Primary Progressive Multiple Sclerosis,MS,2022,233976,39.4,7.9,19.9,18.55
4033,MI-ECO-033,9005,ppms,Primary Progressive Multiple Sclerosis,MS,2023,233976,44.9,11.9,27.7,18.73
4033,MI-ECO-033,9005,ppms,Primary Progressive Multiple Sclerosis,MS,2024,233976,42.1,10.2,26.9,18.92
4033,MI-ECO-033,9005,ppms,Primary Progressive Multiple Sclerosis,MS,2025,233976,43.7,4.4,21.3,19.11
4033,MI-ECO-033,9006,hem_a,Hemophilia A,HEM,2021,233976,9.8,2.1,4.0,4.14
4033,MI-ECO-033,9006,hem_a,Hemophilia A,HEM,2022,233976,10.5,1.7,6.7,4.18
4033,MI-ECO-033,9006,hem_a,Hemophilia A,HEM,2023,233976,10.1,1.6,4.2,4.22
4033,MI-ECO-033,9006,hem_a,Hemophilia A,HEM,2024,233976,10.4,1.4,6.4,4.27
4033,MI-ECO-033,9006,hem_a,Hemophilia A,HEM,2025,233976,9.6,1.4,5.1,4.31
4033,MI-ECO-033,9007,sev_asthma,Severe Allergic/Eosinophilic Asthma,RESP,2021,233976,1172.5,151.7,763.3,505.53
4033,MI-ECO-033,9007,sev_asthma,Severe Allergic/Eosinophilic Asthma,RESP,2022,233976,1054.0,263.0,507.6,510.59
4033,MI-ECO-033,9007,sev_asthma,Severe Allergic/Eosinophilic Asthma,RESP,2023,233976,1203.5,294.8,732.9,515.7
4033,MI-ECO-033,9007,sev_asthma,Severe Allergic/Eosinophilic Asthma,RESP,2024,233976,1208.1,264.1,560.7,520.85
4033,MI-ECO-033,9007,sev_asthma,Severe Allergic/Eosinophilic Asthma,RESP,2025,233976,1234.9,176.8,467.8,526.06
4033,MI-ECO-033,9008,her2_bc,HER2-positive Breast Cancer,ONC,2021,233976,88.2,22.3,56.1,38.18
4033,MI-ECO-033,9008,her2_bc,HER2-positive Breast Cancer,ONC,2022,233976,92.8,11.6,32.8,38.56
4033,MI-ECO-033,9008,her2_bc,HER2-positive Breast Cancer,ONC,2023,233976,96.0,10.2,38.6,38.95
4033,MI-ECO-033,9008,her2_bc,HER2-positive Breast Cancer,ONC,2024,233976,93.9,21.4,40.7,39.34
4033,MI-ECO-033,9008,her2_bc,HER2-positive Breast Cancer,ONC,2025,233976,92.8,25.0,57.0,39.73
4034,NJ-ECO-034,9001,wet_amd,Wet Age-related Macular Degeneration,OPH,2021,324396,676.4,157.9,455.4,205.72
4034,NJ-ECO-034,9001,wet_amd,Wet Age-related Macular Degeneration,OPH,2022,324396,644.4,91.5,349.5,207.78
4034,NJ-ECO-034,9001,wet_amd,Wet Age-related Macular Degeneration,OPH,2023,324396,683.0,112.8,386.0,209.86
4034,NJ-ECO-034,9001,wet_amd,Wet Age-related Macular Degeneration,OPH,2024,324396,681.7,167.5,297.3,211.96
4034,NJ-ECO-034,9001,wet_amd,Wet Age-related Macular Degeneration,OPH,2025,324396,723.8,149.5,323.1,214.08
4034,NJ-ECO-034,9002,dme,Diabetic Macular Edema,OPH,2021,324396,1212.4,248.9,532.8,378.2
4034,NJ-ECO-034,9002,dme,Diabetic Macular Edema,OPH,2022,324396,1178.7,304.7,512.4,381.99
4034,NJ-ECO-034,9002,dme,Diabetic Macular Edema,OPH,2023,324396,1162.1,168.7,436.2,385.81
4034,NJ-ECO-034,9002,dme,Diabetic Macular Edema,OPH,2024,324396,1189.3,281.2,532.3,389.66
4034,NJ-ECO-034,9002,dme,Diabetic Macular Edema,OPH,2025,324396,1184.1,314.6,807.8,393.56
4034,NJ-ECO-034,9003,rvo,Retinal Vein Occlusion,OPH,2021,324396,429.5,93.8,231.6,134.11
4034,NJ-ECO-034,9003,rvo,Retinal Vein Occlusion,OPH,2022,324396,442.3,83.5,196.6,135.45
4034,NJ-ECO-034,9003,rvo,Retinal Vein Occlusion,OPH,2023,324396,443.9,103.1,279.0,136.81
4034,NJ-ECO-034,9003,rvo,Retinal Vein Occlusion,OPH,2024,324396,471.2,92.1,294.7,138.18
4034,NJ-ECO-034,9003,rvo,Retinal Vein Occlusion,OPH,2025,324396,488.7,127.1,211.8,139.56
4034,NJ-ECO-034,9004,rrms,Relapsing-Remitting Multiple Sclerosis,MS,2021,324396,323.2,84.1,148.6,95.73
4034,NJ-ECO-034,9004,rrms,Relapsing-Remitting Multiple Sclerosis,MS,2022,324396,317.4,53.5,203.4,96.69
4034,NJ-ECO-034,9004,rrms,Relapsing-Remitting Multiple Sclerosis,MS,2023,324396,272.4,59.0,187.6,97.65
4034,NJ-ECO-034,9004,rrms,Relapsing-Remitting Multiple Sclerosis,MS,2024,324396,338.0,39.5,150.3,98.63
4034,NJ-ECO-034,9004,rrms,Relapsing-Remitting Multiple Sclerosis,MS,2025,324396,323.7,74.1,225.3,99.62
4034,NJ-ECO-034,9005,ppms,Primary Progressive Multiple Sclerosis,MS,2021,324396,77.7,11.7,39.8,22.72
4034,NJ-ECO-034,9005,ppms,Primary Progressive Multiple Sclerosis,MS,2022,324396,72.9,9.8,31.0,22.94
4034,NJ-ECO-034,9005,ppms,Primary Progressive Multiple Sclerosis,MS,2023,324396,75.2,7.7,28.2,23.17
4034,NJ-ECO-034,9005,ppms,Primary Progressive Multiple Sclerosis,MS,2024,324396,77.5,8.5,47.0,23.4
4034,NJ-ECO-034,9005,ppms,Primary Progressive Multiple Sclerosis,MS,2025,324396,74.0,18.1,32.6,23.64
4034,NJ-ECO-034,9006,hem_a,Hemophilia A,HEM,2021,324396,15.4,2.0,9.9,5.06
4034,NJ-ECO-034,9006,hem_a,Hemophilia A,HEM,2022,324396,14.8,3.0,9.5,5.11
4034,NJ-ECO-034,9006,hem_a,Hemophilia A,HEM,2023,324396,17.5,3.3,10.7,5.16
4034,NJ-ECO-034,9006,hem_a,Hemophilia A,HEM,2024,324396,16.9,2.6,10.3,5.21
4034,NJ-ECO-034,9006,hem_a,Hemophilia A,HEM,2025,324396,15.8,4.2,8.4,5.26
4034,NJ-ECO-034,9007,sev_asthma,Severe Allergic/Eosinophilic Asthma,RESP,2021,324396,1494.6,331.0,616.1,531.02
4034,NJ-ECO-034,9007,sev_asthma,Severe Allergic/Eosinophilic Asthma,RESP,2022,324396,1722.0,185.5,1199.0,536.33
4034,NJ-ECO-034,9007,sev_asthma,Severe Allergic/Eosinophilic Asthma,RESP,2023,324396,1689.0,207.3,1180.4,541.69
4034,NJ-ECO-034,9007,sev_asthma,Severe Allergic/Eosinophilic Asthma,RESP,2024,324396,1630.1,305.8,591.4,547.11
4034,NJ-ECO-034,9007,sev_asthma,Severe Allergic/Eosinophilic Asthma,RESP,2025,324396,1751.1,405.4,776.3,552.58
4034,NJ-ECO-034,9008,her2_bc,HER2-positive Breast Cancer,ONC,2021,324396,134.6,31.6,60.1,42.46
4034,NJ-ECO-034,9008,her2_bc,HER2-positive Breast Cancer,ONC,2022,324396,127.9,25.0,86.4,42.89
4034,NJ-ECO-034,9008,her2_bc,HER2-positive Breast Cancer,ONC,2023,324396,138.0,36.9,71.0,43.32
4034,NJ-ECO-034,9008,her2_bc,HER2-positive Breast Cancer,ONC,2024,324396,148.6,18.1,93.4,43.75
4034,NJ-ECO-034,9008,her2_bc,HER2-positive Breast Cancer,ONC,2025,324396,140.8,36.1,68.4,44.19
4035,VA-ECO-035,9001,wet_amd,Wet Age-related Macular Degeneration,OPH,2021,217569,417.7,56.7,286.0,194.3
4035,VA-ECO-035,9001,wet_amd,Wet Age-related Macular Degeneration,OPH,2022,217569,431.4,118.9,218.2,196.24
4035,VA-ECO-035,9001,wet_amd,Wet Age-related Macular Degeneration,OPH,2023,217569,453.8,72.9,237.8,198.2
4035,VA-ECO-035,9001,wet_amd,Wet Age-related Macular Degeneration,OPH,2024,217569,421.1,44.3,267.4,200.19
4035,VA-ECO-035,9001,wet_amd,Wet Age-related Macular Degeneration,OPH,2025,217569,425.7,91.0,294.6,202.19
4035,VA-ECO-035,9002,dme,Diabetic Macular Edema,OPH,2021,217569,703.3,104.6,469.8,334.89
4035,VA-ECO-035,9002,dme,Diabetic Macular Edema,OPH,2022,217569,738.8,135.6,469.8,338.24
4035,VA-ECO-035,9002,dme,Diabetic Macular Edema,OPH,2023,217569,759.6,168.9,523.5,341.62
4035,VA-ECO-035,9002,dme,Diabetic Macular Edema,OPH,2024,217569,789.7,196.9,349.0,345.03
4035,VA-ECO-035,9002,dme,Diabetic Macular Edema,OPH,2025,217569,788.9,98.1,340.7,348.48
4035,VA-ECO-035,9003,rvo,Retinal Vein Occlusion,OPH,2021,217569,229.5,46.5,146.1,95.34
4035,VA-ECO-035,9003,rvo,Retinal Vein Occlusion,OPH,2022,217569,226.0,22.9,109.5,96.3
4035,VA-ECO-035,9003,rvo,Retinal Vein Occlusion,OPH,2023,217569,208.8,34.1,87.2,97.26
4035,VA-ECO-035,9003,rvo,Retinal Vein Occlusion,OPH,2024,217569,221.8,48.3,103.4,98.23
4035,VA-ECO-035,9003,rvo,Retinal Vein Occlusion,OPH,2025,217569,240.2,45.1,117.3,99.21
4035,VA-ECO-035,9004,rrms,Relapsing-Remitting Multiple Sclerosis,MS,2021,217569,202.4,41.3,118.3,84.93
4035,VA-ECO-035,9004,rrms,Relapsing-Remitting Multiple Sclerosis,MS,2022,217569,198.2,46.9,99.6,85.78
4035,VA-ECO-035,9004,rrms,Relapsing-Remitting Multiple Sclerosis,MS,2023,217569,182.2,31.8,67.9,86.64
4035,VA-ECO-035,9004,rrms,Relapsing-Remitting Multiple Sclerosis,MS,2024,217569,205.3,33.7,126.8,87.51
4035,VA-ECO-035,9004,rrms,Relapsing-Remitting Multiple Sclerosis,MS,2025,217569,200.6,20.5,78.9,88.38
4035,VA-ECO-035,9005,ppms,Primary Progressive Multiple Sclerosis,MS,2021,217569,48.1,6.3,20.7,19.87
4035,VA-ECO-035,9005,ppms,Primary Progressive Multiple Sclerosis,MS,2022,217569,40.7,6.9,21.6,20.07
4035,VA-ECO-035,9005,ppms,Primary Progressive Multiple Sclerosis,MS,2023,217569,42.7,8.6,21.0,20.27
4035,VA-ECO-035,9005,ppms,Primary Progressive Multiple Sclerosis,MS,2024,217569,44.0,5.0,16.8,20.47
4035,VA-ECO-035,9005,ppms,Primary Progressive Multiple Sclerosis,MS,2025,217569,42.6,6.0,27.7,20.67
4035,VA-ECO-035,9006,hem_a,Hemophilia A,HEM,2021,217569,9.9,2.6,6.3,4.35
4035,VA-ECO-035,9006,hem_a,Hemophilia A,HEM,2022,217569,9.4,1.3,6.1,4.39
4035,VA-ECO-035,9006,hem_a,Hemophilia A,HEM,2023,217569,8.5,2.1,5.7,4.43
4035,VA-ECO-035,9006,hem_a,Hemophilia A,HEM,2024,217569,10.2,1.8,4.3,4.48
4035,VA-ECO-035,9006,hem_a,Hemophilia A,HEM,2025,217569,9.1,1.3,4.3,4.52
4035,VA-ECO-035,9007,sev_asthma,Severe Allergic/Eosinophilic Asthma,RESP,2021,217569,1030.8,211.2,444.2,490.26
4035,VA-ECO-035,9007,sev_asthma,Severe Allergic/Eosinophilic Asthma,RESP,2022,217569,1082.6,247.7,586.3,495.16
4035,VA-ECO-035,9007,sev_asthma,Severe Allergic/Eosinophilic Asthma,RESP,2023,217569,1148.2,279.1,722.7,500.11
4035,VA-ECO-035,9007,sev_asthma,Severe Allergic/Eosinophilic Asthma,RESP,2024,217569,1166.3,124.4,665.8,505.11
4035,VA-ECO-035,9007,sev_asthma,Severe Allergic/Eosinophilic Asthma,RESP,2025,217569,1108.8,273.0,583.4,510.17
4035,VA-ECO-035,9008,her2_bc,HER2-positive Breast Cancer,ONC,2021,217569,74.7,15.7,29.9,36.69
4035,VA-ECO-035,9008,her2_bc,HER2-positive Breast Cancer,ONC,2022,217569,80.7,18.8,36.8,37.05
4035,VA-ECO-035,9008,her2_bc,HER2-positive Breast Cancer,ONC,2023,217569,76.7,20.0,40.3,37.42
4035,VA-ECO-035,9008,her2_bc,HER2-positive Breast Cancer,ONC,2024,217569,77.9,21.4,52.3,37.8
4035,VA-ECO-035,9008,her2_bc,HER2-positive Breast Cancer,ONC,2025,217569,85.2,9.8,38.3,38.17
4036,WA-ECO-036,9001,wet_amd,Wet Age-related Macular Degeneration,OPH,2021,1351756,2449.9,405.8,1400.4,185.24
4036,WA-ECO-036,9001,wet_amd,Wet Age-related Macular Degeneration,OPH,2022,1351756,2489.5,509.0,1348.4,187.09
4036,WA-ECO-036,9001,wet_amd,Wet Age-related Macular Degeneration,OPH,2023,1351756,2445.9,461.9,1456.0,188.96
4036,WA-ECO-036,9001,wet_amd,Wet Age-related Macular Degeneration,OPH,2024,1351756,2527.7,510.3,1108.1,190.85
4036,WA-ECO-036,9001,wet_amd,Wet Age-related Macular Degeneration,OPH,2025,1351756,2554.5,614.9,1185.8,192.76
4036,WA-ECO-036,9002,dme,Diabetic Macular Edema,OPH,2021,1351756,4157.4,1073.7,1626.3,297.06
4036,WA-ECO-036,9002,dme,Diabetic Macular Edema,OPH,2022,1351756,4081.3,1027.5,1653.6,300.03
4036,WA-ECO-036,9002,dme,Diabetic Macular Edema,OPH,2023,1351756,4095.4,859.2,2208.9,303.03
4036,WA-ECO-036,9002,dme,Diabetic Macular Edema,OPH,2024,1351756,4447.8,706.6,2090.0,306.06
4036,WA-ECO-036,9002,dme,Diabetic Macular Edema,OPH,2025,1351756,4365.7,535.2,2650.1,309.12
4036,WA-ECO-036,9003,rvo,Retinal Vein Occlusion,OPH,2021,1351756,1257.6,249.4,528.4,101.09
4036,WA-ECO-036,9003,rvo,Retinal Vein Occlusion,OPH,2022,1351756,1294.6,153.6,470.4,102.1
4036,WA-ECO-036,9003,rvo,Retinal Vein Occlusion,OPH,2023,1351756,1319.7,203.1,520.4,103.12
4036,WA-ECO-036,9003,rvo,Retinal Vein Occlusion,OPH,2024,1351756,1378.9,256.5,572.7,104.15
4036,WA-ECO-036,9003,rvo,Retinal Vein Occlusion,OPH,2025,1351756,1599.0,185.5,1049.6,105.19
4036,WA-ECO-036,9004,rrms,Relapsing-Remitting Multiple Sclerosis,MS,2021,1351756,1092.0,201.0,722.3,75.25
4036,WA-ECO-036,9004,rrms,Relapsing-Remitting Multiple Sclerosis,MS,2022,1351756,1067.8,113.4,495.9,76.0
4036,WA-ECO-036,9004,rrms,Relapsing-Remitting Multiple Sclerosis,MS,2023,1351756,999.7,204.5,695.2,76.76
4036,WA-ECO-036,9004,rrms,Relapsing-Remitting Multiple Sclerosis,MS,2024,1351756,1005.9,216.8,435.9,77.53
4036,WA-ECO-036,9004,rrms,Relapsing-Remitting Multiple Sclerosis,MS,2025,1351756,1072.8,183.1,569.4,78.3
4036,WA-ECO-036,9005,ppms,Primary Progressive Multiple Sclerosis,MS,2021,1351756,270.0,42.4,148.3,19.34
4036,WA-ECO-036,9005,ppms,Primary Progressive Multiple Sclerosis,MS,2022,1351756,257.1,32.8,92.4,19.53
4036,WA-ECO-036,9005,ppms,Primary Progressive Multiple Sclerosis,MS,2023,1351756,257.8,64.6,128.1,19.73
4036,WA-ECO-036,9005,ppms,Primary Progressive Multiple Sclerosis,MS,2024,1351756,278.9,53.6,121.6,19.92
4036,WA-ECO-036,9005,ppms,Primary Progressive Multiple Sclerosis,MS,2025,1351756,274.6,33.5,175.8,20.12
4036,WA-ECO-036,9006,hem_a,Hemophilia A,HEM,2021,1351756,58.3,16.2,35.5,4.82
4036,WA-ECO-036,9006,hem_a,Hemophilia A,HEM,2022,1351756,64.4,8.8,27.0,4.87
4036,WA-ECO-036,9006,hem_a,Hemophilia A,HEM,2023,1351756,70.4,10.2,26.3,4.91
4036,WA-ECO-036,9006,hem_a,Hemophilia A,HEM,2024,1351756,71.6,14.7,27.2,4.96
4036,WA-ECO-036,9006,hem_a,Hemophilia A,HEM,2025,1351756,71.9,14.7,49.7,5.01
4036,WA-ECO-036,9007,sev_asthma,Severe Allergic/Eosinophilic Asthma,RESP,2021,1351756,6238.1,1364.8,2940.2,448.6
4036,WA-ECO-036,9007,sev_asthma,Severe Allergic/Eosinophilic Asthma,RESP,2022,1351756,6436.8,1618.9,3793.9,453.09
4036,WA-ECO-036,9007,sev_asthma,Severe Allergic/Eosinophilic Asthma,RESP,2023,1351756,5945.2,1151.7,2573.6,457.62
4036,WA-ECO-036,9007,sev_asthma,Severe Allergic/Eosinophilic Asthma,RESP,2024,1351756,5981.1,1304.4,2200.2,462.2
4036,WA-ECO-036,9007,sev_asthma,Severe Allergic/Eosinophilic Asthma,RESP,2025,1351756,6206.4,720.6,4020.7,466.82
4036,WA-ECO-036,9008,her2_bc,HER2-positive Breast Cancer,ONC,2021,1351756,460.1,79.6,193.1,35.01
4036,WA-ECO-036,9008,her2_bc,HER2-positive Breast Cancer,ONC,2022,1351756,488.8,93.7,275.2,35.36
4036,WA-ECO-036,9008,her2_bc,HER2-positive Breast Cancer,ONC,2023,1351756,501.4,132.6,276.8,35.71
4036,WA-ECO-036,9008,her2_bc,HER2-positive Breast Cancer,ONC,2024,1351756,494.9,86.8,265.2,36.07
4036,WA-ECO-036,9008,her2_bc,HER2-positive Breast Cancer,ONC,2025,1351756,510.6,68.7,183.5,36.43
4037,AZ-ECO-037,9001,wet_amd,Wet Age-related Macular Degeneration,OPH,2021,815811,1881.6,307.6,967.9,202.9
4037,AZ-ECO-037,9001,wet_amd,Wet Age-related Macular Degeneration,OPH,2022,815811,1608.1,338.3,845.6,204.93
4037,AZ-ECO-037,9001,wet_amd,Wet Age-related Macular Degeneration,OPH,2023,815811,1556.1,201.9,858.9,206.98
4037,AZ-ECO-037,9001,wet_amd,Wet Age-related Macular Degeneration,OPH,2024,815811,1728.0,376.8,745.4,209.05
4037,AZ-ECO-037,9001,wet_amd,Wet Age-related Macular Degeneration,OPH,2025,815811,1918.7,193.5,672.9,211.14
4037,AZ-ECO-037,9002,dme,Diabetic Macular Edema,OPH,2021,815811,2991.8,610.4,1908.1,360.48
4037,AZ-ECO-037,9002,dme,Diabetic Macular Edema,OPH,2022,815811,3111.0,794.7,1642.6,364.08
4037,AZ-ECO-037,9002,dme,Diabetic Macular Edema,OPH,2023,815811,2851.9,746.3,1624.8,367.72
4037,AZ-ECO-037,9002,dme,Diabetic Macular Edema,OPH,2024,815811,2979.1,359.9,2032.9,371.4
4037,AZ-ECO-037,9002,dme,Diabetic Macular Edema,OPH,2025,815811,3013.1,419.5,1154.3,375.11
4037,AZ-ECO-037,9003,rvo,Retinal Vein Occlusion,OPH,2021,815811,1056.3,152.1,466.9,126.91
4037,AZ-ECO-037,9003,rvo,Retinal Vein Occlusion,OPH,2022,815811,1045.2,147.7,546.1,128.18
4037,AZ-ECO-037,9003,rvo,Retinal Vein Occlusion,OPH,2023,815811,1140.7,136.1,584.6,129.46
4037,AZ-ECO-037,9003,rvo,Retinal Vein Occlusion,OPH,2024,815811,1124.0,245.7,443.7,130.75
4037,AZ-ECO-037,9003,rvo,Retinal Vein Occlusion,OPH,2025,815811,954.7,104.5,540.9,132.06
4037,AZ-ECO-037,9004,rrms,Relapsing-Remitting Multiple Sclerosis,MS,2021,815811,759.9,112.7,323.4,91.19
4037,AZ-ECO-037,9004,rrms,Relapsing-Remitting Multiple Sclerosis,MS,2022,815811,726.9,97.0,328.7,92.1
4037,AZ-ECO-037,9004,rrms,Relapsing-Remitting Multiple Sclerosis,MS,2023,815811,765.3,115.1,519.9,93.02
4037,AZ-ECO-037,9004,rrms,Relapsing-Remitting Multiple Sclerosis,MS,2024,815811,722.8,74.9,349.3,93.95
4037,AZ-ECO-037,9004,rrms,Relapsing-Remitting Multiple Sclerosis,MS,2025,815811,705.4,118.7,382.4,94.89
4037,AZ-ECO-037,9005,ppms,Primary Progressive Multiple Sclerosis,MS,2021,815811,196.3,35.5,73.7,23.7
4037,AZ-ECO-037,9005,ppms,Primary Progressive Multiple Sclerosis,MS,2022,815811,189.1,23.1,115.9,23.94
4037,AZ-ECO-037,9005,ppms,Primary Progressive Multiple Sclerosis,MS,2023,815811,202.1,55.5,125.5,24.17
4037,AZ-ECO-037,9005,ppms,Primary Progressive Multiple Sclerosis,MS,2024,815811,205.0,36.1,81.5,24.42
4037,AZ-ECO-037,9005,ppms,Primary Progressive Multiple Sclerosis,MS,2025,815811,197.7,41.6,110.4,24.66
4037,AZ-ECO-037,9006,hem_a,Hemophilia A,HEM,2021,815811,36.5,5.1,16.5,4.19
4037,AZ-ECO-037,9006,hem_a,Hemophilia A,HEM,2022,815811,30.5,3.6,11.7,4.23
4037,AZ-ECO-037,9006,hem_a,Hemophilia A,HEM,2023,815811,34.7,6.9,23.6,4.27
4037,AZ-ECO-037,9006,hem_a,Hemophilia A,HEM,2024,815811,36.7,6.6,19.9,4.32
4037,AZ-ECO-037,9006,hem_a,Hemophilia A,HEM,2025,815811,35.5,9.5,24.6,4.36
4037,AZ-ECO-037,9007,sev_asthma,Severe Allergic/Eosinophilic Asthma,RESP,2021,815811,3460.6,552.6,1490.0,453.35
4037,AZ-ECO-037,9007,sev_asthma,Severe Allergic/Eosinophilic Asthma,RESP,2022,815811,3817.1,614.6,2480.5,457.88
4037,AZ-ECO-037,9007,sev_asthma,Severe Allergic/Eosinophilic Asthma,RESP,2023,815811,3604.7,572.0,1340.7,462.46
4037,AZ-ECO-037,9007,sev_asthma,Severe Allergic/Eosinophilic Asthma,RESP,2024,815811,4243.7,467.6,2506.4,467.09
4037,AZ-ECO-037,9007,sev_asthma,Severe Allergic/Eosinophilic Asthma,RESP,2025,815811,3853.4,805.6,1757.4,471.76
4037,AZ-ECO-037,9008,her2_bc,HER2-positive Breast Cancer,ONC,2021,815811,330.8,73.1,175.6,38.64
4037,AZ-ECO-037,9008,her2_bc,HER2-positive Breast Cancer,ONC,2022,815811,311.4,46.1,157.0,39.02
4037,AZ-ECO-037,9008,her2_bc,HER2-positive Breast Cancer,ONC,2023,815811,336.2,57.0,224.1,39.41
4037,AZ-ECO-037,9008,her2_bc,HER2-positive Breast Cancer,ONC,2024,815811,343.4,56.5,133.8,39.81
4037,AZ-ECO-037,9008,her2_bc,HER2-positive Breast Cancer,ONC,2025,815811,344.3,53.2,222.3,40.21
4038,MA-ECO-038,9001,wet_amd,Wet Age-related Macular Degeneration,OPH,2021,609872,1250.9,282.1,754.5,203.64
4038,MA-ECO-038,9001,wet_amd,Wet Age-related Macular Degeneration,OPH,2022,609872,1259.1,350.1,518.7,205.68
4038,MA-ECO-038,9001,wet_amd,Wet Age-related Macular Degeneration,OPH,2023,609872,1140.8,301.3,623.9,207.74
4038,MA-ECO-038,9001,wet_amd,Wet Age-related Macular Degeneration,OPH,2024,609872,1310.1,348.4,871.0,209.82
4038,MA-ECO-038,9001,wet_amd,Wet Age-related Macular Degeneration,OPH,2025,609872,1185.4,182.3,663.2,211.91
4038,MA-ECO-038,9002,dme,Diabetic Macular Edema,OPH,2021,609872,1701.9,203.9,844.3,300.54
4038,MA-ECO-038,9002,dme,Diabetic Macular Edema,OPH,2022,609872,1730.4,178.2,831.3,303.55
4038,MA-ECO-038,9002,dme,Diabetic Macular Edema,OPH,2023,609872,2027.5,308.0,1015.6,306.58
4038,MA-ECO-038,9002,dme,Diabetic Macular Edema,OPH,2024,609872,1814.9,217.8,792.4,309.65
4038,MA-ECO-038,9002,dme,Diabetic Macular Edema,OPH,2025,609872,1883.7,442.8,958.9,312.74
4038,MA-ECO-038,9003,rvo,Retinal Vein Occlusion,OPH,2021,609872,594.1,165.8,367.0,100.68
4038,MA-ECO-038,9003,rvo,Retinal Vein Occlusion,OPH,2022,609872,596.5,160.5,228.8,101.69
4038,MA-ECO-038,9003,rvo,Retinal Vein Occlusion,OPH,2023,609872,669.1,71.2,319.2,102.7
4038,MA-ECO-038,9003,rvo,Retinal Vein Occlusion,OPH,2024,609872,589.9,113.6,327.5,103.73
4038,MA-ECO-038,9003,rvo,Retinal Vein Occlusion,OPH,2025,609872,628.0,115.0,226.3,104.77
4038,MA-ECO-038,9004,rrms,Relapsing-Remitting Multiple Sclerosis,MS,2021,609872,420.3,96.8,158.3,72.68
4038,MA-ECO-038,9004,rrms,Relapsing-Remitting Multiple Sclerosis,MS,2022,609872,439.6,79.1,155.2,73.41
4038,MA-ECO-038,9004,rrms,Relapsing-Remitting Multiple Sclerosis,MS,2023,609872,475.6,101.8,260.1,74.14
4038,MA-ECO-038,9004,rrms,Relapsing-Remitting Multiple Sclerosis,MS,2024,609872,421.7,91.1,271.8,74.88
4038,MA-ECO-038,9004,rrms,Relapsing-Remitting Multiple Sclerosis,MS,2025,609872,449.1,80.7,274.6,75.63
4038,MA-ECO-038,9005,ppms,Primary Progressive Multiple Sclerosis,MS,2021,609872,139.4,18.6,74.0,22.17
4038,MA-ECO-038,9005,ppms,Primary Progressive Multiple Sclerosis,MS,2022,609872,136.5,25.3,63.5,22.39
4038,MA-ECO-038,9005,ppms,Primary Progressive Multiple Sclerosis,MS,2023,609872,142.7,28.5,76.5,22.61
4038,MA-ECO-038,9005,ppms,Primary Progressive Multiple Sclerosis,MS,2024,609872,140.2,29.8,71.9,22.84
4038,MA-ECO-038,9005,ppms,Primary Progressive Multiple Sclerosis,MS,2025,609872,136.6,18.0,70.0,23.07
4038,MA-ECO-038,9006,hem_a,Hemophilia A,HEM,2021,609872,29.2,5.9,14.1,4.89
4038,MA-ECO-038,9006,hem_a,Hemophilia A,HEM,2022,609872,30.6,3.2,13.7,4.94
4038,MA-ECO-038,9006,hem_a,Hemophilia A,HEM,2023,609872,30.4,4.4,12.5,4.99
4038,MA-ECO-038,9006,hem_a,Hemophilia A,HEM,2024,609872,31.0,4.5,12.7,5.04
4038,MA-ECO-038,9006,hem_a,Hemophilia A,HEM,2025,609872,32.0,6.3,22.1,5.09
4038,MA-ECO-038,9007,sev_asthma,Severe Allergic/Eosinophilic Asthma,RESP,2021,609872,2841.4,695.7,1607.2,484.9
4038,MA-ECO-038,9007,sev_asthma,Severe Allergic/Eosinophilic Asthma,RESP,2022,609872,2921.2,490.2,1218.7,489.75
4038,MA-ECO-038,9007,sev_asthma,Severe Allergic/Eosinophilic Asthma,RESP,2023,609872,3042.8,307.0,1410.0,494.64
4038,MA-ECO-038,9007,sev_asthma,Severe Allergic/Eosinophilic Asthma,RESP,2024,609872,3251.0,544.0,1526.6,499.59
4038,MA-ECO-038,9007,sev_asthma,Severe Allergic/Eosinophilic Asthma,RESP,2025,609872,2847.3,754.7,1388.9,504.59
4038,MA-ECO-038,9008,her2_bc,HER2-positive Breast Cancer,ONC,2021,609872,243.6,67.7,148.7,40.46
4038,MA-ECO-038,9008,her2_bc,HER2-positive Breast Cancer,ONC,2022,609872,241.1,52.1,101.1,40.87
4038,MA-ECO-038,9008,her2_bc,HER2-positive Breast Cancer,ONC,2023,609872,250.0,49.3,94.1,41.27
4038,MA-ECO-038,9008,her2_bc,HER2-positive Breast Cancer,ONC,2024,609872,252.3,69.5,123.8,41.69
4038,MA-ECO-038,9008,her2_bc,HER2-positive Breast Cancer,ONC,2025,609872,263.1,68.4,140.2,42.1
4039,TN-ECO-039,9001,wet_amd,Wet Age-related Macular Degeneration,OPH,2021,720999,1692.5,442.0,1007.5,222.3
4039,TN-ECO-039,9001,wet_amd,Wet Age-related Macular Degeneration,OPH,2022,720999,1608.9,250.3,1093.2,224.52
4039,TN-ECO-039,9001,wet_amd,Wet Age-related Macular Degeneration,OPH,2023,720999,1643.7,238.7,1109.6,226.76
4039,TN-ECO-039,9001,wet_amd,Wet Age-related Macular Degeneration,OPH,2024,720999,1608.3,384.7,704.7,229.03
4039,TN-ECO-039,9001,wet_amd,Wet Age-related Macular Degeneration,OPH,2025,720999,1677.5,463.5,1022.2,231.32
4039,TN-ECO-039,9002,dme,Diabetic Macular Edema,OPH,2021,720999,2512.4,377.7,1553.8,338.74
4039,TN-ECO-039,9002,dme,Diabetic Macular Edema,OPH,2022,720999,2460.2,496.3,956.8,342.13
4039,TN-ECO-039,9002,dme,Diabetic Macular Edema,OPH,2023,720999,2384.3,566.3,1563.4,345.55
4039,TN-ECO-039,9002,dme,Diabetic Macular Edema,OPH,2024,720999,2514.6,678.9,1468.4,349.01
4039,TN-ECO-039,9002,dme,Diabetic Macular Edema,OPH,2025,720999,2706.4,622.9,1016.6,352.5
4039,TN-ECO-039,9003,rvo,Retinal Vein Occlusion,OPH,2021,720999,841.1,211.7,419.9,124.83
4039,TN-ECO-039,9003,rvo,Retinal Vein Occlusion,OPH,2022,720999,892.2,156.0,357.1,126.08
4039,TN-ECO-039,9003,rvo,Retinal Vein Occlusion,OPH,2023,720999,883.2,118.8,551.9,127.34
4039,TN-ECO-039,9003,rvo,Retinal Vein Occlusion,OPH,2024,720999,932.5,207.5,508.7,128.62
4039,TN-ECO-039,9003,rvo,Retinal Vein Occlusion,OPH,2025,720999,924.7,181.9,402.1,129.9
4039,TN-ECO-039,9004,rrms,Relapsing-Remitting Multiple Sclerosis,MS,2021,720999,758.0,201.7,305.6,101.06
4039,TN-ECO-039,9004,rrms,Relapsing-Remitting Multiple Sclerosis,MS,2022,720999,778.9,89.7,493.7,102.07
4039,TN-ECO-039,9004,rrms,Relapsing-Remitting Multiple Sclerosis,MS,2023,720999,798.2,177.4,362.4,103.09
4039,TN-ECO-039,9004,rrms,Relapsing-Remitting Multiple Sclerosis,MS,2024,720999,696.7,156.3,335.1,104.12
4039,TN-ECO-039,9004,rrms,Relapsing-Remitting Multiple Sclerosis,MS,2025,720999,796.6,220.6,459.1,105.16
4039,TN-ECO-039,9005,ppms,Primary Progressive Multiple Sclerosis,MS,2021,720999,159.0,32.4,75.5,22.1
4039,TN-ECO-039,9005,ppms,Primary Progressive Multiple Sclerosis,MS,2022,720999,151.8,31.3,67.6,22.33
4039,TN-ECO-039,9005,ppms,Primary Progressive Multiple Sclerosis,MS,2023,720999,137.7,15.4,91.3,22.55
4039,TN-ECO-039,9005,ppms,Primary Progressive Multiple Sclerosis,MS,2024,720999,169.3,39.3,107.5,22.77
4039,TN-ECO-039,9005,ppms,Primary Progressive Multiple Sclerosis,MS,2025,720999,179.0,47.9,114.0,23.0
4039,TN-ECO-039,9006,hem_a,Hemophilia A,HEM,2021,720999,27.3,7.1,15.9,4.21
4039,TN-ECO-039,9006,hem_a,Hemophilia A,HEM,2022,720999,30.9,6.1,18.9,4.25
4039,TN-ECO-039,9006,hem_a,Hemophilia A,HEM,2023,720999,33.5,5.8,17.3,4.3
4039,TN-ECO-039,9006,hem_a,Hemophilia A,HEM,2024,720999,31.4,4.2,12.8,4.34
4039,TN-ECO-039,9006,hem_a,Hemophilia A,HEM,2025,720999,33.2,6.8,12.8,4.38
4039,TN-ECO-039,9007,sev_asthma,Severe Allergic/Eosinophilic Asthma,RESP,2021,720999,4088.9,871.9,2668.2,534.01
4039,TN-ECO-039,9007,sev_asthma,Severe Allergic/Eosinophilic Asthma,RESP,2022,720999,3466.0,368.9,1325.3,539.35
4039,TN-ECO-039,9007,sev_asthma,Severe Allergic/Eosinophilic Asthma,RESP,2023,720999,3900.8,999.0,2223.7,544.74
4039,TN-ECO-039,9007,sev_asthma,Severe Allergic/Eosinophilic Asthma,RESP,2024,720999,4057.1,842.9,1732.4,550.19
4039,TN-ECO-039,9007,sev_asthma,Severe Allergic/Eosinophilic Asthma,RESP,2025,720999,4024.8,736.9,1940.2,555.69
4039,TN-ECO-039,9008,her2_bc,HER2-positive Breast Cancer,ONC,2021,720999,296.5,32.7,128.6,40.61
4039,TN-ECO-039,9008,her2_bc,HER2-positive Breast Cancer,ONC,2022,720999,288.8,44.1,170.0,41.02
4039,TN-ECO-039,9008,her2_bc,HER2-positive Breast Cancer,ONC,2023,720999,295.9,81.0,152.1,41.43
4039,TN-ECO-039,9008,her2_bc,HER2-positive Breast Cancer,ONC,2024,720999,309.8,77.5,211.8,41.84
4039,TN-ECO-039,9008,her2_bc,HER2-positive Breast Cancer,ONC,2025,720999,315.0,71.0,125.2,42.26
4040,IN-ECO-040,9001,wet_amd,Wet Age-related Macular Degeneration,OPH,2021,368464,677.0,141.9,436.4,187.92
4040,IN-ECO-040,9001,wet_amd,Wet Age-related Macular Degeneration,OPH,2022,368464,665.7,185.0,276.7,189.8
4040,IN-ECO-040,9001,wet_amd,Wet Age-related Macular Degeneration,OPH,2023,368464,802.1,166.3,429.3,191.69
4040,IN-ECO-040,9001,wet_amd,Wet Age-related Macular Degeneration,OPH,2024,368464,686.2,164.6,391.8,193.61
4040,IN-ECO-040,9001,wet_amd,Wet Age-related Macular Degeneration,OPH,2025,368464,665.9,175.1,282.2,195.55
4040,IN-ECO-040,9002,dme,Diabetic Macular Edema,OPH,2021,368464,1189.8,216.2,769.8,331.26
4040,IN-ECO-040,9002,dme,Diabetic Macular Edema,OPH,2022,368464,1208.3,241.8,638.9,334.57
4040,IN-ECO-040,9002,dme,Diabetic Macular Edema,OPH,2023,368464,1244.2,175.5,866.8,337.92
4040,IN-ECO-040,9002,dme,Diabetic Macular Edema,OPH,2024,368464,1204.9,291.3,499.0,341.3
4040,IN-ECO-040,9002,dme,Diabetic Macular Edema,OPH,2025,368464,1320.1,281.2,822.3,344.71
4040,IN-ECO-040,9003,rvo,Retinal Vein Occlusion,OPH,2021,368464,461.4,68.2,245.3,120.37
4040,IN-ECO-040,9003,rvo,Retinal Vein Occlusion,OPH,2022,368464,443.5,65.4,280.3,121.58
4040,IN-ECO-040,9003,rvo,Retinal Vein Occlusion,OPH,2023,368464,444.1,88.1,247.3,122.79
4040,IN-ECO-040,9003,rvo,Retinal Vein Occlusion,OPH,2024,368464,448.1,86.9,177.6,124.02
4040,IN-ECO-040,9003,rvo,Retinal Vein Occlusion,OPH,2025,368464,481.3,62.6,177.2,125.26
4040,IN-ECO-040,9004,rrms,Relapsing-Remitting Multiple Sclerosis,MS,2021,368464,339.3,73.6,136.9,85.58
4040,IN-ECO-040,9004,rrms,Relapsing-Remitting Multiple Sclerosis,MS,2022,368464,356.6,61.9,227.7,86.43
4040,IN-ECO-040,9004,rrms,Relapsing-Remitting Multiple Sclerosis,MS,2023,368464,330.8,48.4,175.5,87.3
4040,IN-ECO-040,9004,rrms,Relapsing-Remitting Multiple Sclerosis,MS,2024,368464,325.0,43.9,148.3,88.17
4040,IN-ECO-040,9004,rrms,Relapsing-Remitting Multiple Sclerosis,MS,2025,368464,336.7,74.9,208.6,89.05
4040,IN-ECO-040,9005,ppms,Primary Progressive Multiple Sclerosis,MS,2021,368464,70.3,12.1,36.1,19.03
4040,IN-ECO-040,9005,ppms,Primary Progressive Multiple Sclerosis,MS,2022,368464,67.8,6.9,36.7,19.22
4040,IN-ECO-040,9005,ppms,Primary Progressive Multiple Sclerosis,MS,2023,368464,74.1,19.1,32.2,19.42
4040,IN-ECO-040,9005,ppms,Primary Progressive Multiple Sclerosis,MS,2024,368464,70.2,19.5,38.2,19.61
4040,IN-ECO-040,9005,ppms,Primary Progressive Multiple Sclerosis,MS,2025,368464,72.1,12.4,47.5,19.81
4040,IN-ECO-040,9006,hem_a,Hemophilia A,HEM,2021,368464,14.0,3.4,9.2,3.85
4040,IN-ECO-040,9006,hem_a,Hemophilia A,HEM,2022,368464,14.8,3.6,10.1,3.89
4040,IN-ECO-040,9006,hem_a,Hemophilia A,HEM,2023,368464,15.6,2.8,7.4,3.93
4040,IN-ECO-040,9006,hem_a,Hemophilia A,HEM,2024,368464,14.2,1.5,5.4,3.97
4040,IN-ECO-040,9006,hem_a,Hemophilia A,HEM,2025,368464,13.6,2.7,5.0,4.01
4040,IN-ECO-040,9007,sev_asthma,Severe Allergic/Eosinophilic Asthma,RESP,2021,368464,1543.7,181.4,1016.3,431.22
4040,IN-ECO-040,9007,sev_asthma,Severe Allergic/Eosinophilic Asthma,RESP,2022,368464,1725.7,396.0,672.1,435.54
4040,IN-ECO-040,9007,sev_asthma,Severe Allergic/Eosinophilic Asthma,RESP,2023,368464,1610.2,366.5,592.5,439.89
4040,IN-ECO-040,9007,sev_asthma,Severe Allergic/Eosinophilic Asthma,RESP,2024,368464,1750.8,273.8,1115.9,444.29
4040,IN-ECO-040,9007,sev_asthma,Severe Allergic/Eosinophilic Asthma,RESP,2025,368464,1646.8,181.9,950.3,448.73
4040,IN-ECO-040,9008,her2_bc,HER2-positive Breast Cancer,ONC,2021,368464,134.2,16.0,88.1,37.87
4040,IN-ECO-040,9008,her2_bc,HER2-positive Breast Cancer,ONC,2022,368464,141.3,31.0,93.7,38.25
4040,IN-ECO-040,9008,her2_bc,HER2-positive Breast Cancer,ONC,2023,368464,136.2,22.2,69.9,38.63
4040,IN-ECO-040,9008,her2_bc,HER2-positive Breast Cancer,ONC,2024,368464,149.2,32.4,65.4,39.02
4040,IN-ECO-040,9008,her2_bc,HER2-positive Breast Cancer,ONC,2025,368464,155.0,17.6,85.0,39.41
4041,MO-ECO-041,9001,wet_amd,Wet Age-related Macular Degeneration,OPH,2021,428013,668.7,94.5,423.2,170.2
4041,MO-ECO-041,9001,wet_amd,Wet Age-related Macular Degeneration,OPH,2022,428013,701.4,135.2,251.8,171.9
4041,MO-ECO-041,9001,wet_amd,Wet Age-related Macular Degeneration,OPH,2023,428013,703.1,192.4,344.8,173.62
4041,MO-ECO-041,9001,wet_amd,Wet Age-related Macular Degeneration,OPH,2024,428013,735.6,126.9,460.7,175.36
4041,MO-ECO-041,9001,wet_amd,Wet Age-related Macular Degeneration,OPH,2025,428013,738.9,78.9,383.6,177.11
4041,MO-ECO-041,9002,dme,Diabetic Macular Edema,OPH,2021,428013,1419.7,387.3,685.3,333.09
4041,MO-ECO-041,9002,dme,Diabetic Macular Edema,OPH,2022,428013,1346.9,160.9,597.8,336.42
4041,MO-ECO-041,9002,dme,Diabetic Macular Edema,OPH,2023,428013,1504.3,212.0,985.5,339.79
4041,MO-ECO-041,9002,dme,Diabetic Macular Edema,OPH,2024,428013,1527.8,179.0,872.9,343.18
4041,MO-ECO-041,9002,dme,Diabetic Macular Edema,OPH,2025,428013,1436.4,347.3,897.7,346.62
4041,MO-ECO-041,9003,rvo,Retinal Vein Occlusion,OPH,2021,428013,509.1,125.4,217.1,118.81
4041,MO-ECO-041,9003,rvo,Retinal Vein Occlusion,OPH,2022,428013,502.6,92.7,222.4,119.99
4041,MO-ECO-041,9003,rvo,Retinal Vein Occlusion,OPH,2023,428013,569.0,131.5,389.8,121.19
4041,MO-ECO-041,9003,rvo,Retinal Vein Occlusion,OPH,2024,428013,551.7,138.6,205.1,122.4
4041,MO-ECO-041,9003,rvo,Retinal Vein Occlusion,OPH,2025,428013,503.1,121.9,332.7,123.63
4041,MO-ECO-041,9004,rrms,Relapsing-Remitting Multiple Sclerosis,MS,2021,428013,348.4,81.6,199.1,83.29
4041,MO-ECO-041,9004,rrms,Relapsing-Remitting Multiple Sclerosis,MS,2022,428013,352.9,43.5,206.3,84.12
4041,MO-ECO-041,9004,rrms,Relapsing-Remitting Multiple Sclerosis,MS,2023,428013,390.8,96.2,222.6,84.96
4041,MO-ECO-041,9004,rrms,Relapsing-Remitting Multiple Sclerosis,MS,2024,428013,357.2,81.8,213.2,85.81
4041,MO-ECO-041,9004,rrms,Relapsing-Remitting Multiple Sclerosis,MS,2025,428013,337.3,65.2,172.4,86.67
4041,MO-ECO-041,9005,ppms,Primary Progressive Multiple Sclerosis,MS,2021,428013,80.5,12.5,35.9,19.64
4041,MO-ECO-041,9005,ppms,Primary Progressive Multiple Sclerosis,MS,2022,428013,85.1,10.8,47.1,19.84
4041,MO-ECO-041,9005,ppms,Primary Progressive Multiple Sclerosis,MS,2023,428013,77.7,20.8,29.0,20.04
4041,MO-ECO-041,9005,ppms,Primary Progressive Multiple Sclerosis,MS,2024,428013,81.1,10.2,46.8,20.24
4041,MO-ECO-041,9005,ppms,Primary Progressive Multiple Sclerosis,MS,2025,428013,92.0,9.6,63.2,20.44
4041,MO-ECO-041,9006,hem_a,Hemophilia A,HEM,2021,428013,20.2,4.9,14.1,4.73
4041,MO-ECO-041,9006,hem_a,Hemophilia A,HEM,2022,428013,19.2,3.5,11.1,4.78
4041,MO-ECO-041,9006,hem_a,Hemophilia A,HEM,2023,428013,21.3,2.9,11.6,4.83
4041,MO-ECO-041,9006,hem_a,Hemophilia A,HEM,2024,428013,20.7,3.4,11.0,4.87
4041,MO-ECO-041,9006,hem_a,Hemophilia A,HEM,2025,428013,20.1,3.1,10.0,4.92
4041,MO-ECO-041,9007,sev_asthma,Severe Allergic/Eosinophilic Asthma,RESP,2021,428013,1977.3,485.8,1198.3,454.87
4041,MO-ECO-041,9007,sev_asthma,Severe Allergic/Eosinophilic Asthma,RESP,2022,428013,1981.9,364.2,887.5,459.42
4041,MO-ECO-041,9007,sev_asthma,Severe Allergic/Eosinophilic Asthma,RESP,2023,428013,2099.3,467.3,1361.0,464.02
4041,MO-ECO-041,9007,sev_asthma,Severe Allergic/Eosinophilic Asthma,RESP,2024,428013,1993.4,426.5,1294.6,468.66
4041,MO-ECO-041,9007,sev_asthma,Severe Allergic/Eosinophilic Asthma,RESP,2025,428013,1997.9,221.0,935.4,473.34
4041,MO-ECO-041,9008,her2_bc,HER2-positive Breast Cancer,ONC,2021,428013,153.8,21.2,76.8,35.57
4041,MO-ECO-041,9008,her2_bc,HER2-positive Breast Cancer,ONC,2022,428013,163.7,43.8,82.0,35.93
4041,MO-ECO-041,9008,her2_bc,HER2-positive Breast Cancer,ONC,2023,428013,135.9,34.2,49.4,36.29
4041,MO-ECO-041,9008,her2_bc,HER2-positive Breast Cancer,ONC,2024,428013,167.2,37.0,61.9,36.65
4041,MO-ECO-041,9008,her2_bc,HER2-positive Breast Cancer,ONC,2025,428013,165.0,39.0,84.5,37.02
4042,MD-ECO-042,9001,wet_amd,Wet Age-related Macular Degeneration,OPH,2021,1180086,2214.2,339.9,1494.8,180.65
4042,MD-ECO-042,9001,wet_amd,Wet Age-related Macular Degeneration,OPH,2022,1180086,2047.8,527.8,1371.9,182.45
4042,MD-ECO-042,9001,wet_amd,Wet Age-related Macular Degeneration,OPH,2023,1180086,2295.5,427.9,1229.6,184.28
4042,MD-ECO-042,9001,wet_amd,Wet Age-related Macular Degeneration,OPH,2024,1180086,2134.6,511.0,1102.3,186.12
4042,MD-ECO-042,9001,wet_amd,Wet Age-related Macular Degeneration,OPH,2025,1180086,2203.0,220.9,838.0,187.98
4042,MD-ECO-042,9002,dme,Diabetic Macular Edema,OPH,2021,1180086,3309.9,392.4,1702.7,290.36
4042,MD-ECO-042,9002,dme,Diabetic Macular Edema,OPH,2022,1180086,3306.7,470.1,1228.7,293.26
4042,MD-ECO-042,9002,dme,Diabetic Macular Edema,OPH,2023,1180086,3546.4,715.3,2237.9,296.19
4042,MD-ECO-042,9002,dme,Diabetic Macular Edema,OPH,2024,1180086,3468.1,838.5,1310.6,299.16
4042,MD-ECO-042,9002,dme,Diabetic Macular Edema,OPH,2025,1180086,3808.6,809.9,2658.4,302.15
4042,MD-ECO-042,9003,rvo,Retinal Vein Occlusion,OPH,2021,1180086,1186.9,166.6,526.4,105.39
4042,MD-ECO-042,9003,rvo,Retinal Vein Occlusion,OPH,2022,1180086,1281.0,284.3,715.4,106.44
4042,MD-ECO-042,9003,rvo,Retinal Vein Occlusion,OPH,2023,1180086,1254.0,298.3,869.2,107.5
4042,MD-ECO-042,9003,rvo,Retinal Vein Occlusion,OPH,2024,1180086,1236.4,211.2,543.0,108.58
4042,MD-ECO-042,9003,rvo,Retinal Vein Occlusion,OPH,2025,1180086,1379.9,318.2,743.7,109.67
4042,MD-ECO-042,9004,rrms,Relapsing-Remitting Multiple Sclerosis,MS,2021,1180086,1121.4,226.4,473.0,92.7
4042,MD-ECO-042,9004,rrms,Relapsing-Remitting Multiple Sclerosis,MS,2022,1180086,1111.2,203.6,446.1,93.63
4042,MD-ECO-042,9004,rrms,Relapsing-Remitting Multiple Sclerosis,MS,2023,1180086,1034.7,193.7,584.7,94.57
4042,MD-ECO-042,9004,rrms,Relapsing-Remitting Multiple Sclerosis,MS,2024,1180086,1135.0,149.6,449.8,95.51
4042,MD-ECO-042,9004,rrms,Relapsing-Remitting Multiple Sclerosis,MS,2025,1180086,1225.0,243.9,580.4,96.47
4042,MD-ECO-042,9005,ppms,Primary Progressive Multiple Sclerosis,MS,2021,1180086,260.2,67.9,169.3,22.16
4042,MD-ECO-042,9005,ppms,Primary Progressive Multiple Sclerosis,MS,2022,1180086,243.7,49.6,114.5,22.38
4042,MD-ECO-042,9005,ppms,Primary Progressive Multiple Sclerosis,MS,2023,1180086,263.9,61.0,164.6,22.6
4042,MD-ECO-042,9005,ppms,Primary Progressive Multiple Sclerosis,MS,2024,1180086,256.5,54.3,110.7,22.83
4042,MD-ECO-042,9005,ppms,Primary Progressive Multiple Sclerosis,MS,2025,1180086,260.4,67.2,113.4,23.06
4042,MD-ECO-042,9006,hem_a,Hemophilia A,HEM,2021,1180086,50.0,7.9,34.8,4.85
4042,MD-ECO-042,9006,hem_a,Hemophilia A,HEM,2022,1180086,52.4,7.3,31.1,4.9
4042,MD-ECO-042,9006,hem_a,Hemophilia A,HEM,2023,1180086,56.2,13.3,33.1,4.94
4042,MD-ECO-042,9006,hem_a,Hemophilia A,HEM,2024,1180086,56.4,6.6,35.5,4.99
4042,MD-ECO-042,9006,hem_a,Hemophilia A,HEM,2025,1180086,58.5,9.9,30.4,5.04
4042,MD-ECO-042,9007,sev_asthma,Severe Allergic/Eosinophilic Asthma,RESP,2021,1180086,5441.5,617.9,3779.9,485.2
4042,MD-ECO-042,9007,sev_asthma,Severe Allergic/Eosinophilic Asthma,RESP,2022,1180086,5868.2,1282.0,2322.2,490.06
4042,MD-ECO-042,9007,sev_asthma,Severe Allergic/Eosinophilic Asthma,RESP,2023,1180086,5464.3,881.0,3082.4,494.96
4042,MD-ECO-042,9007,sev_asthma,Severe Allergic/Eosinophilic Asthma,RESP,2024,1180086,5909.7,910.1,3089.0,499.91
4042,MD-ECO-042,9007,sev_asthma,Severe Allergic/Eosinophilic Asthma,RESP,2025,1180086,5895.6,1375.1,2146.6,504.9
4042,MD-ECO-042,9008,her2_bc,HER2-positive Breast Cancer,ONC,2021,1180086,408.7,41.6,246.7,34.9
4042,MD-ECO-042,9008,her2_bc,HER2-positive Breast Cancer,ONC,2022,1180086,404.6,71.9,279.6,35.25
4042,MD-ECO-042,9008,her2_bc,HER2-positive Breast Cancer,ONC,2023,1180086,401.8,41.0,160.2,35.61
4042,MD-ECO-042,9008,her2_bc,HER2-positive Breast Cancer,ONC,2024,1180086,455.1,60.1,173.7,35.96
4042,MD-ECO-042,9008,her2_bc,HER2-positive Breast Cancer,ONC,2025,1180086,431.2,96.6,229.6,36.32
4043,CO-ECO-043,9001,wet_amd,Wet Age-related Macular Degeneration,OPH,2021,232376,526.9,83.8,230.9,211.08
4043,CO-ECO-043,9001,wet_amd,Wet Age-related Macular Degeneration,OPH,2022,232376,504.9,72.9,280.3,213.19
4043,CO-ECO-043,9001,wet_amd,Wet Age-related Macular Degeneration,OPH,2023,232376,545.6,67.6,324.3,215.32
4043,CO-ECO-043,9001,wet_amd,Wet Age-related Macular Degeneration,OPH,2024,232376,491.8,74.2,289.4,217.48
4043,CO-ECO-043,9001,wet_amd,Wet Age-related Macular Degeneration,OPH,2025,232376,554.0,79.9,382.3,219.65
4043,CO-ECO-043,9002,dme,Diabetic Macular Edema,OPH,2021,232376,1042.4,119.9,623.3,398.18
4043,CO-ECO-043,9002,dme,Diabetic Macular Edema,OPH,2022,232376,967.2,207.5,637.5,402.16
4043,CO-ECO-043,9002,dme,Diabetic Macular Edema,OPH,2023,232376,918.3,177.7,563.2,406.18
4043,CO-ECO-043,9002,dme,Diabetic Macular Edema,OPH,2024,232376,934.4,116.5,348.4,410.24
4043,CO-ECO-043,9002,dme,Diabetic Macular Edema,OPH,2025,232376,970.2,205.0,557.2,414.35
4043,CO-ECO-043,9003,rvo,Retinal Vein Occlusion,OPH,2021,232376,264.0,58.4,168.7,114.84
4043,CO-ECO-043,9003,rvo,Retinal Vein Occlusion,OPH,2022,232376,272.8,66.2,115.7,115.99
4043,CO-ECO-043,9003,rvo,Retinal Vein Occlusion,OPH,2023,232376,262.4,48.7,148.3,117.15
4043,CO-ECO-043,9003,rvo,Retinal Vein Occlusion,OPH,2024,232376,249.9,52.6,163.8,118.32
4043,CO-ECO-043,9003,rvo,Retinal Vein Occlusion,OPH,2025,232376,274.2,45.1,125.9,119.5
4043,CO-ECO-043,9004,rrms,Relapsing-Remitting Multiple Sclerosis,MS,2021,232376,242.5,62.1,129.0,101.05
4043,CO-ECO-043,9004,rrms,Relapsing-Remitting Multiple Sclerosis,MS,2022,232376,222.1,26.6,119.3,102.06
4043,CO-ECO-043,9004,rrms,Relapsing-Remitting Multiple Sclerosis,MS,2023,232376,266.6,43.2,107.3,103.08
4043,CO-ECO-043,9004,rrms,Relapsing-Remitting Multiple Sclerosis,MS,2024,232376,230.8,34.0,154.2,104.11
4043,CO-ECO-043,9004,rrms,Relapsing-Remitting Multiple Sclerosis,MS,2025,232376,234.0,62.5,119.6,105.16
4043,CO-ECO-043,9005,ppms,Primary Progressive Multiple Sclerosis,MS,2021,232376,64.8,11.3,37.0,26.5
4043,CO-ECO-043,9005,ppms,Primary Progressive Multiple Sclerosis,MS,2022,232376,62.0,10.2,22.2,26.76
4043,CO-ECO-043,9005,ppms,Primary Progressive Multiple Sclerosis,MS,2023,232376,63.5,6.4,38.3,27.03
4043,CO-ECO-043,9005,ppms,Primary Progressive Multiple Sclerosis,MS,2024,232376,66.1,13.1,23.3,27.3
4043,CO-ECO-043,9005,ppms,Primary Progressive Multiple Sclerosis,MS,2025,232376,66.6,7.0,45.1,27.57
4043,CO-ECO-043,9006,hem_a,Hemophilia A,HEM,2021,232376,10.3,2.6,3.8,4.35
4043,CO-ECO-043,9006,hem_a,Hemophilia A,HEM,2022,232376,9.8,1.6,5.6,4.4
4043,CO-ECO-043,9006,hem_a,Hemophilia A,HEM,2023,232376,9.7,1.1,3.7,4.44
4043,CO-ECO-043,9006,hem_a,Hemophilia A,HEM,2024,232376,9.7,1.0,4.3,4.48
4043,CO-ECO-043,9006,hem_a,Hemophilia A,HEM,2025,232376,10.7,2.5,4.2,4.53
4043,CO-ECO-043,9007,sev_asthma,Severe Allergic/Eosinophilic Asthma,RESP,2021,232376,1205.8,139.6,522.6,510.55
4043,CO-ECO-043,9007,sev_asthma,Severe Allergic/Eosinophilic Asthma,RESP,2022,232376,1264.0,167.3,723.4,515.66
4043,CO-ECO-043,9007,sev_asthma,Severe Allergic/Eosinophilic Asthma,RESP,2023,232376,1240.5,152.9,531.1,520.81
4043,CO-ECO-043,9007,sev_asthma,Severe Allergic/Eosinophilic Asthma,RESP,2024,232376,1156.6,125.5,773.9,526.02
4043,CO-ECO-043,9007,sev_asthma,Severe Allergic/Eosinophilic Asthma,RESP,2025,232376,1266.3,349.9,617.9,531.28
4043,CO-ECO-043,9008,her2_bc,HER2-positive Breast Cancer,ONC,2021,232376,101.5,22.1,64.3,41.81
4043,CO-ECO-043,9008,her2_bc,HER2-positive Breast Cancer,ONC,2022,232376,99.6,16.0,43.1,42.22
4043,CO-ECO-043,9008,her2_bc,HER2-positive Breast Cancer,ONC,2023,232376,99.5,27.8,39.5,42.65
4043,CO-ECO-043,9008,her2_bc,HER2-positive Breast Cancer,ONC,2024,232376,97.8,12.5,41.0,43.07
4043,CO-ECO-043,9008,her2_bc,HER2-positive Breast Cancer,ONC,2025,232376,102.1,11.1,39.4,43.5
4044,MN-ECO-044,9001,wet_amd,Wet Age-related Macular Degeneration,OPH,2021,947537,1702.0,359.0,725.6,181.69
4044,MN-ECO-044,9001,wet_amd,Wet Age-related Macular Degeneration,OPH,2022,947537,1669.3,420.9,997.2,183.51
4044,MN-ECO-044,9001,wet_amd,Wet Age-related Macular Degeneration,OPH,2023,947537,1764.0,340.9,922.2,185.34
4044,MN-ECO-044,9001,wet_amd,Wet Age-related Macular Degeneration,OPH,2024,947537,1685.0,412.7,716.0,187.2
4044,MN-ECO-044,9001,wet_amd,Wet Age-related Macular Degeneration,OPH,2025,947537,1779.3,320.3,1149.3,189.07
4044,MN-ECO-044,9002,dme,Diabetic Macular Edema,OPH,2021,947537,3028.6,728.0,1519.3,326.01
4044,MN-ECO-044,9002,dme,Diabetic Macular Edema,OPH,2022,947537,3290.3,452.9,1950.1,329.27
4044,MN-ECO-044,9002,dme,Diabetic Macular Edema,OPH,2023,947537,3043.4,447.6,1614.1,332.56
4044,MN-ECO-044,9002,dme,Diabetic Macular Edema,OPH,2024,947537,3240.4,639.0,1981.6,335.88
4044,MN-ECO-044,9002,dme,Diabetic Macular Edema,OPH,2025,947537,2948.9,744.6,1562.6,339.24
4044,MN-ECO-044,9003,rvo,Retinal Vein Occlusion,OPH,2021,947537,1083.9,180.1,629.3,115.13
4044,MN-ECO-044,9003,rvo,Retinal Vein Occlusion,OPH,2022,947537,1118.9,219.7,567.2,116.28
4044,MN-ECO-044,9003,rvo,Retinal Vein Occlusion,OPH,2023,947537,1126.5,199.5,452.5,117.45
4044,MN-ECO-044,9003,rvo,Retinal Vein Occlusion,OPH,2024,947537,1123.7,205.3,740.3,118.62
4044,MN-ECO-044,9003,rvo,Retinal Vein Occlusion,OPH,2025,947537,1116.8,297.9,416.0,119.81
4044,MN-ECO-044,9004,rrms,Relapsing-Remitting Multiple Sclerosis,MS,2021,947537,816.0,156.1,305.1,82.92
4044,MN-ECO-044,9004,rrms,Relapsing-Remitting Multiple Sclerosis,MS,2022,947537,834.8,200.8,481.5,83.75
4044,MN-ECO-044,9004,rrms,Relapsing-Remitting Multiple Sclerosis,MS,2023,947537,774.6,85.2,354.2,84.58
4044,MN-ECO-044,9004,rrms,Relapsing-Remitting Multiple Sclerosis,MS,2024,947537,813.1,131.2,513.9,85.43
4044,MN-ECO-044,9004,rrms,Relapsing-Remitting Multiple Sclerosis,MS,2025,947537,746.4,171.5,278.5,86.28
4044,MN-ECO-044,9005,ppms,Primary Progressive Multiple Sclerosis,MS,2021,947537,177.7,22.5,85.2,18.18
4044,MN-ECO-044,9005,ppms,Primary Progressive Multiple Sclerosis,MS,2022,947537,172.8,28.1,74.1,18.36
4044,MN-ECO-044,9005,ppms,Primary Progressive Multiple Sclerosis,MS,2023,947537,166.9,21.0,73.7,18.55
4044,MN-ECO-044,9005,ppms,Primary Progressive Multiple Sclerosis,MS,2024,947537,185.3,41.4,69.5,18.73
4044,MN-ECO-044,9005,ppms,Primary Progressive Multiple Sclerosis,MS,2025,947537,181.1,37.0,71.4,18.92
4044,MN-ECO-044,9006,hem_a,Hemophilia A,HEM,2021,947537,41.8,6.3,21.4,4.09
4044,MN-ECO-044,9006,hem_a,Hemophilia A,HEM,2022,947537,39.1,4.2,19.3,4.13
4044,MN-ECO-044,9006,hem_a,Hemophilia A,HEM,2023,947537,39.4,4.7,19.2,4.17
4044,MN-ECO-044,9006,hem_a,Hemophilia A,HEM,2024,947537,39.1,7.1,21.0,4.21
4044,MN-ECO-044,9006,hem_a,Hemophilia A,HEM,2025,947537,40.7,4.4,21.6,4.25
4044,MN-ECO-044,9007,sev_asthma,Severe Allergic/Eosinophilic Asthma,RESP,2021,947537,5056.7,842.4,3069.1,511.43
4044,MN-ECO-044,9007,sev_asthma,Severe Allergic/Eosinophilic Asthma,RESP,2022,947537,4336.6,1167.3,1590.1,516.55
4044,MN-ECO-044,9007,sev_asthma,Severe Allergic/Eosinophilic Asthma,RESP,2023,947537,4986.1,688.8,2749.0,521.71
4044,MN-ECO-044,9007,sev_asthma,Severe Allergic/Eosinophilic Asthma,RESP,2024,947537,4725.0,970.7,2572.7,526.93
4044,MN-ECO-044,9007,sev_asthma,Severe Allergic/Eosinophilic Asthma,RESP,2025,947537,5244.1,1359.7,3332.5,532.2
4044,MN-ECO-044,9008,her2_bc,HER2-positive Breast Cancer,ONC,2021,947537,360.7,40.1,231.7,38.72
4044,MN-ECO-044,9008,her2_bc,HER2-positive Breast Cancer,ONC,2022,947537,391.9,59.2,178.5,39.11
4044,MN-ECO-044,9008,her2_bc,HER2-positive Breast Cancer,ONC,2023,947537,385.3,48.4,202.4,39.5
4044,MN-ECO-044,9008,her2_bc,HER2-positive Breast Cancer,ONC,2024,947537,384.0,74.3,241.4,39.9
4044,MN-ECO-044,9008,her2_bc,HER2-positive Breast Cancer,ONC,2025,947537,357.0,41.1,140.5,40.3
4045,WI-ECO-045,9001,wet_amd,Wet Age-related Macular Degeneration,OPH,2021,1012278,2129.3,512.5,840.8,207.3
4045,WI-ECO-045,9001,wet_amd,Wet Age-related Macular Degeneration,OPH,2022,1012278,2048.3,263.0,876.9,209.38
4045,WI-ECO-045,9001,wet_amd,Wet Age-related Macular Degeneration,OPH,2023,1012278,2203.4,294.1,1454.0,211.47
4045,WI-ECO-045,9001,wet_amd,Wet Age-related Macular Degeneration,OPH,2024,1012278,2222.9,597.3,1501.5,213.58
4045,WI-ECO-045,9001,wet_amd,Wet Age-related Macular Degeneration,OPH,2025,1012278,2218.2,469.4,1001.6,215.72
4045,WI-ECO-045,9002,dme,Diabetic Macular Edema,OPH,2021,1012278,4159.9,722.4,1606.2,417.29
4045,WI-ECO-045,9002,dme,Diabetic Macular Edema,OPH,2022,1012278,4068.9,809.8,2413.4,421.46
4045,WI-ECO-045,9002,dme,Diabetic Macular Edema,OPH,2023,1012278,4548.6,902.7,2487.6,425.67
4045,WI-ECO-045,9002,dme,Diabetic Macular Edema,OPH,2024,1012278,4444.7,1064.2,2073.4,429.93
4045,WI-ECO-045,9002,dme,Diabetic Macular Edema,OPH,2025,1012278,4130.2,805.8,2486.1,434.23
4045,WI-ECO-045,9003,rvo,Retinal Vein Occlusion,OPH,2021,1012278,1098.7,255.2,654.2,116.45
4045,WI-ECO-045,9003,rvo,Retinal Vein Occlusion,OPH,2022,1012278,1174.3,283.4,610.8,117.62
4045,WI-ECO-045,9003,rvo,Retinal Vein Occlusion,OPH,2023,1012278,1177.2,283.9,760.1,118.79
4045,WI-ECO-045,9003,rvo,Retinal Vein Occlusion,OPH,2024,1012278,1184.3,300.2,569.0,119.98
4045,WI-ECO-045,9003,rvo,Retinal Vein Occlusion,OPH,2025,1012278,1235.9,203.5,745.0,121.18
4045,WI-ECO-045,9004,rrms,Relapsing-Remitting Multiple Sclerosis,MS,2021,1012278,1065.8,190.6,650.0,103.82
4045,WI-ECO-045,9004,rrms,Relapsing-Remitting Multiple Sclerosis,MS,2022,1012278,956.7,218.8,454.7,104.85
4045,WI-ECO-045,9004,rrms,Relapsing-Remitting Multiple Sclerosis,MS,2023,1012278,1118.0,288.2,480.0,105.9
4045,WI-ECO-045,9004,rrms,Relapsing-Remitting Multiple Sclerosis,MS,2024,1012278,1080.6,205.0,444.5,106.96
4045,WI-ECO-045,9004,rrms,Relapsing-Remitting Multiple Sclerosis,MS,2025,1012278,1122.4,313.9,594.1,108.03
4045,WI-ECO-045,9005,ppms,Primary Progressive Multiple Sclerosis,MS,2021,1012278,254.8,30.7,151.5,23.24
4045,WI-ECO-045,9005,ppms,Primary Progressive Multiple Sclerosis,MS,2022,1012278,235.8,43.8,123.4,23.47
4045,WI-ECO-045,9005,ppms,Primary Progressive Multiple Sclerosis,MS,2023,1012278,238.9,59.3,93.3,23.71
4045,WI-ECO-045,9005,ppms,Primary Progressive Multiple Sclerosis,MS,2024,1012278,266.5,35.0,96.4,23.95
4045,WI-ECO-045,9005,ppms,Primary Progressive Multiple Sclerosis,MS,2025,1012278,238.2,39.5,122.7,24.19
4045,WI-ECO-045,9006,hem_a,Hemophilia A,HEM,2021,1012278,47.9,13.2,24.7,4.79
4045,WI-ECO-045,9006,hem_a,Hemophilia A,HEM,2022,1012278,49.3,9.5,26.7,4.84
4045,WI-ECO-045,9006,hem_a,Hemophilia A,HEM,2023,1012278,50.7,6.0,25.7,4.89
4045,WI-ECO-045,9006,hem_a,Hemophilia A,HEM,2024,1012278,45.7,7.0,31.7,4.94
4045,WI-ECO-045,9006,hem_a,Hemophilia A,HEM,2025,1012278,47.6,7.0,18.1,4.99
4045,WI-ECO-045,9007,sev_asthma,Severe Allergic/Eosinophilic Asthma,RESP,2021,1012278,3885.7,526.5,2170.2,389.29
4045,WI-ECO-045,9007,sev_asthma,Severe Allergic/Eosinophilic Asthma,RESP,2022,1012278,4122.9,591.9,2568.4,393.18
4045,WI-ECO-045,9007,sev_asthma,Severe Allergic/Eosinophilic Asthma,RESP,2023,1012278,4171.8,1044.2,2678.7,397.11
4045,WI-ECO-045,9007,sev_asthma,Severe Allergic/Eosinophilic Asthma,RESP,2024,1012278,4229.7,1183.2,2539.1,401.08
4045,WI-ECO-045,9007,sev_asthma,Severe Allergic/Eosinophilic Asthma,RESP,2025,1012278,4339.5,806.2,2241.6,405.1
4045,WI-ECO-045,9008,her2_bc,HER2-positive Breast Cancer,ONC,2021,1012278,385.3,52.3,241.1,38.7
4045,WI-ECO-045,9008,her2_bc,HER2-positive Breast Cancer,ONC,2022,1012278,392.8,65.1,156.7,39.09
4045,WI-ECO-045,9008,her2_bc,HER2-positive Breast Cancer,ONC,2023,1012278,412.5,48.2,186.3,39.48
4045,WI-ECO-045,9008,her2_bc,HER2-positive Breast Cancer,ONC,2024,1012278,408.2,68.9,205.2,39.88
4045,WI-ECO-045,9008,her2_bc,HER2-positive Breast Cancer,ONC,2025,1012278,412.1,71.6,267.1,40.28
4046,OR-ECO-046,9001,wet_amd,Wet Age-related Macular Degeneration,OPH,2021,1632967,3830.3,449.8,1847.7,220.87
4046,OR-ECO-046,9001,wet_amd,Wet Age-related Macular Degeneration,OPH,2022,1632967,3408.4,909.3,1317.2,223.08
4046,OR-ECO-046,9001,wet_amd,Wet Age-related Macular Degeneration,OPH,2023,1632967,3866.4,818.3,1525.8,225.31
4046,OR-ECO-046,9001,wet_amd,Wet Age-related Macular Degeneration,OPH,2024,1632967,3482.3,379.2,2276.7,227.56
4046,OR-ECO-046,9001,wet_amd,Wet Age-related Macular Degeneration,OPH,2025,1632967,3730.7,1006.8,2337.3,229.83
4046,OR-ECO-046,9002,dme,Diabetic Macular Edema,OPH,2021,1632967,5927.0,1294.9,2252.1,336.87
4046,OR-ECO-046,9002,dme,Diabetic Macular Edema,OPH,2022,1632967,5495.5,1416.9,3240.4,340.24
4046,OR-ECO-046,9002,dme,Diabetic Macular Edema,OPH,2023,1632967,5956.0,926.0,2615.3,343.64
4046,OR-ECO-046,9002,dme,Diabetic Macular Edema,OPH,2024,1632967,6218.9,845.0,3777.8,347.08
4046,OR-ECO-046,9002,dme,Diabetic Macular Edema,OPH,2025,1632967,5837.9,1426.8,2583.8,350.55
4046,OR-ECO-046,9003,rvo,Retinal Vein Occlusion,OPH,2021,1632967,1945.8,522.7,1333.6,123.97
4046,OR-ECO-046,9003,rvo,Retinal Vein Occlusion,OPH,2022,1632967,2058.2,534.0,825.3,125.21
4046,OR-ECO-046,9003,rvo,Retinal Vein Occlusion,OPH,2023,1632967,2073.9,498.5,817.2,126.46
4046,OR-ECO-046,9003,rvo,Retinal Vein Occlusion,OPH,2024,1632967,2072.2,515.9,1403.7,127.72
4046,OR-ECO-046,9003,rvo,Retinal Vein Occlusion,OPH,2025,1632967,2229.5,289.0,802.1,129.0
4046,OR-ECO-046,9004,rrms,Relapsing-Remitting Multiple Sclerosis,MS,2021,1632967,1528.3,299.6,785.8,95.94
4046,OR-ECO-046,9004,rrms,Relapsing-Remitting Multiple Sclerosis,MS,2022,1632967,1572.0,251.8,715.3,96.9
4046,OR-ECO-046,9004,rrms,Relapsing-Remitting Multiple Sclerosis,MS,2023,1632967,1642.1,296.3,1066.4,97.87
4046,OR-ECO-046,9004,rrms,Relapsing-Remitting Multiple Sclerosis,MS,2024,1632967,1512.2,339.8,1051.7,98.85
4046,OR-ECO-046,9004,rrms,Relapsing-Remitting Multiple Sclerosis,MS,2025,1632967,1659.9,341.3,1120.8,99.84
4046,OR-ECO-046,9005,ppms,Primary Progressive Multiple Sclerosis,MS,2021,1632967,345.7,82.1,216.2,21.94
4046,OR-ECO-046,9005,ppms,Primary Progressive Multiple Sclerosis,MS,2022,1632967,368.7,96.5,241.4,22.16
4046,OR-ECO-046,9005,ppms,Primary Progressive Multiple Sclerosis,MS,2023,1632967,394.9,70.4,265.3,22.38
4046,OR-ECO-046,9005,ppms,Primary Progressive Multiple Sclerosis,MS,2024,1632967,414.8,105.5,218.0,22.6
4046,OR-ECO-046,9005,ppms,Primary Progressive Multiple Sclerosis,MS,2025,1632967,398.0,86.2,237.5,22.83
4046,OR-ECO-046,9006,hem_a,Hemophilia A,HEM,2021,1632967,67.4,12.1,36.7,4.15
4046,OR-ECO-046,9006,hem_a,Hemophilia A,HEM,2022,1632967,68.8,10.2,46.9,4.2
4046,OR-ECO-046,9006,hem_a,Hemophilia A,HEM,2023,1632967,73.6,8.4,43.4,4.24
4046,OR-ECO-046,9006,hem_a,Hemophilia A,HEM,2024,1632967,67.7,13.9,30.9,4.28
4046,OR-ECO-046,9006,hem_a,Hemophilia A,HEM,2025,1632967,63.3,9.6,37.8,4.32
4046,OR-ECO-046,9007,sev_asthma,Severe Allergic/Eosinophilic Asthma,RESP,2021,1632967,8109.7,1201.9,4037.8,451.87
4046,OR-ECO-046,9007,sev_asthma,Severe Allergic/Eosinophilic Asthma,RESP,2022,1632967,7576.9,1582.4,4592.2,456.38
4046,OR-ECO-046,9007,sev_asthma,Severe Allergic/Eosinophilic Asthma,RESP,2023,1632967,7376.2,786.2,4088.6,460.95
4046,OR-ECO-046,9007,sev_asthma,Severe Allergic/Eosinophilic Asthma,RESP,2024,1632967,7455.0,1546.8,2875.7,465.56
4046,OR-ECO-046,9007,sev_asthma,Severe Allergic/Eosinophilic Asthma,RESP,2025,1632967,7280.1,1620.7,4425.6,470.21
4046,OR-ECO-046,9008,her2_bc,HER2-positive Breast Cancer,ONC,2021,1632967,622.4,99.4,426.7,36.97
4046,OR-ECO-046,9008,her2_bc,HER2-positive Breast Cancer,ONC,2022,1632967,596.0,97.2,348.0,37.34
4046,OR-ECO-046,9008,her2_bc,HER2-positive Breast Cancer,ONC,2023,1632967,618.9,151.5,415.9,37.71
4046,OR-ECO-046,9008,her2_bc,HER2-positive Breast Cancer,ONC,2024,1632967,612.8,84.4,305.3,38.09
4046,OR-ECO-046,9008,her2_bc,HER2-positive Breast Cancer,ONC,2025,1632967,656.7,172.3,422.5,38.47
4047,SC-ECO-047,9001,wet_amd,Wet Age-related Macular Degeneration,OPH,2021,1180471,3001.5,457.9,1450.6,219.9
4047,SC-ECO-047,9001,wet_amd,Wet Age-related Macular Degeneration,OPH,2022,1180471,2377.0,663.9,1476.3,222.09
4047,SC-ECO-047,9001,wet_amd,Wet Age-related Macular Degeneration,OPH,2023,1180471,2623.1,362.5,1320.0,224.32
4047,SC-ECO-047,9001,wet_amd,Wet Age-related Macular Degeneration,OPH,2024,1180471,2615.5,291.3,1148.3,226.56
4047,SC-ECO-047,9001,wet_amd,Wet Age-related Macular Degeneration,OPH,2025,1180471,2828.7,459.2,1670.7,228.82
4047,SC-ECO-047,9002,dme,Diabetic Macular Edema,OPH,2021,1180471,4752.4,1073.0,2523.5,383.86
4047,SC-ECO-047,9002,dme,Diabetic Macular Edema,OPH,2022,1180471,4683.1,772.1,1847.6,387.69
4047,SC-ECO-047,9002,dme,Diabetic Macular Edema,OPH,2023,1180471,4618.9,629.1,1665.0,391.57
4047,SC-ECO-047,9002,dme,Diabetic Macular Edema,OPH,2024,1180471,4766.2,694.9,2369.0,395.49
4047,SC-ECO-047,9002,dme,Diabetic Macular Edema,OPH,2025,1180471,5019.8,1252.7,2448.5,399.44
4047,SC-ECO-047,9003,rvo,Retinal Vein Occlusion,OPH,2021,1180471,1589.9,425.5,839.0,126.28
4047,SC-ECO-047,9003,rvo,Retinal Vein Occlusion,OPH,2022,1180471,1502.5,283.7,670.8,127.54
4047,SC-ECO-047,9003,rvo,Retinal Vein Occlusion,OPH,2023,1180471,1498.8,267.7,828.1,128.82
4047,SC-ECO-047,9003,rvo,Retinal Vein Occlusion,OPH,2024,1180471,1580.8,369.0,891.6,130.11
4047,SC-ECO-047,9003,rvo,Retinal Vein Occlusion,OPH,2025,1180471,1478.7,169.5,589.8,131.41
4047,SC-ECO-047,9004,rrms,Relapsing-Remitting Multiple Sclerosis,MS,2021,1180471,1101.9,219.4,427.8,98.53
4047,SC-ECO-047,9004,rrms,Relapsing-Remitting Multiple Sclerosis,MS,2022,1180471,1118.4,207.3,521.4,99.52
4047,SC-ECO-047,9004,rrms,Relapsing-Remitting Multiple Sclerosis,MS,2023,1180471,1167.4,303.5,488.1,100.51
4047,SC-ECO-047,9004,rrms,Relapsing-Remitting Multiple Sclerosis,MS,2024,1180471,1173.3,299.4,627.6,101.52
4047,SC-ECO-047,9004,rrms,Relapsing-Remitting Multiple Sclerosis,MS,2025,1180471,1235.3,124.8,764.2,102.53
4047,SC-ECO-047,9005,ppms,Primary Progressive Multiple Sclerosis,MS,2021,1180471,266.3,58.6,179.9,22.43
4047,SC-ECO-047,9005,ppms,Primary Progressive Multiple Sclerosis,MS,2022,1180471,277.9,69.2,115.1,22.66
4047,SC-ECO-047,9005,ppms,Primary Progressive Multiple Sclerosis,MS,2023,1180471,279.6,50.5,171.0,22.89
4047,SC-ECO-047,9005,ppms,Primary Progressive Multiple Sclerosis,MS,2024,1180471,278.3,39.9,125.2,23.11
4047,SC-ECO-047,9005,ppms,Primary Progressive Multiple Sclerosis,MS,2025,1180471,271.7,62.1,141.6,23.35
4047,SC-ECO-047,9006,hem_a,Hemophilia A,HEM,2021,1180471,49.2,7.9,32.6,3.89
4047,SC-ECO-047,9006,hem_a,Hemophilia A,HEM,2022,1180471,46.0,12.8,28.3,3.93
4047,SC-ECO-047,9006,hem_a,Hemophilia A,HEM,2023,1180471,47.4,12.9,28.7,3.97
4047,SC-ECO-047,9006,hem_a,Hemophilia A,HEM,2024,1180471,47.7,7.0,22.5,4.01
4047,SC-ECO-047,9006,hem_a,Hemophilia A,HEM,2025,1180471,49.0,10.7,19.4,4.05
4047,SC-ECO-047,9007,sev_asthma,Severe Allergic/Eosinophilic Asthma,RESP,2021,1180471,5932.4,987.9,2123.7,496.98
4047,SC-ECO-047,9007,sev_asthma,Severe Allergic/Eosinophilic Asthma,RESP,2022,1180471,6144.6,1706.0,4245.9,501.95
4047,SC-ECO-047,9007,sev_asthma,Severe Allergic/Eosinophilic Asthma,RESP,2023,1180471,6018.2,1425.9,2805.4,506.97
4047,SC-ECO-047,9007,sev_asthma,Severe Allergic/Eosinophilic Asthma,RESP,2024,1180471,5752.9,1590.9,3807.0,512.04
4047,SC-ECO-047,9007,sev_asthma,Severe Allergic/Eosinophilic Asthma,RESP,2025,1180471,5679.1,966.9,3254.0,517.16
4047,SC-ECO-047,9008,her2_bc,HER2-positive Breast Cancer,ONC,2021,1180471,505.3,82.3,244.4,42.52
4047,SC-ECO-047,9008,her2_bc,HER2-positive Breast Cancer,ONC,2022,1180471,511.5,99.6,269.6,42.95
4047,SC-ECO-047,9008,her2_bc,HER2-positive Breast Cancer,ONC,2023,1180471,490.9,95.3,203.3,43.38
4047,SC-ECO-047,9008,her2_bc,HER2-positive Breast Cancer,ONC,2024,1180471,492.4,90.2,236.6,43.81
4047,SC-ECO-047,9008,her2_bc,HER2-positive Breast Cancer,ONC,2025,1180471,585.3,91.3,206.7,44.25
4048,CA-ECO-048,9001,wet_amd,Wet Age-related Macular Degeneration,OPH,2021,627300,1458.2,296.2,1016.8,218.18
4048,CA-ECO-048,9001,wet_amd,Wet Age-related Macular Degeneration,OPH,2022,627300,1298.4,145.7,732.9,220.37
4048,CA-ECO-048,9001,wet_amd,Wet Age-related Macular Degeneration,OPH,2023,627300,1345.8,167.2,520.8,222.57
4048,CA-ECO-048,9001,wet_amd,Wet Age-related Macular Degeneration,OPH,2024,627300,1426.6,356.7,724.3,224.8
4048,CA-ECO-048,9001,wet_amd,Wet Age-related Macular Degeneration,OPH,2025,627300,1513.2,278.5,864.9,227.04
4048,CA-ECO-048,9002,dme,Diabetic Macular Edema,OPH,2021,627300,2374.3,582.5,1519.1,390.23
4048,CA-ECO-048,9002,dme,Diabetic Macular Edema,OPH,2022,627300,2225.8,239.2,1402.7,394.13
4048,CA-ECO-048,9002,dme,Diabetic Macular Edema,OPH,2023,627300,2390.6,321.4,1086.3,398.07
4048,CA-ECO-048,9002,dme,Diabetic Macular Edema,OPH,2024,627300,2619.4,652.1,1094.9,402.05
4048,CA-ECO-048,9002,dme,Diabetic Macular Edema,OPH,2025,627300,2590.6,408.5,1797.6,406.07
4048,CA-ECO-048,9003,rvo,Retinal Vein Occlusion,OPH,2021,627300,837.7,107.4,439.7,131.61
4048,CA-ECO-048,9003,rvo,Retinal Vein Occlusion,OPH,2022,627300,804.8,95.7,474.4,132.93
4048,CA-ECO-048,9003,rvo,Retinal Vein Occlusion,OPH,2023,627300,805.2,203.2,446.1,134.26
4048,CA-ECO-048,9003,rvo,Retinal Vein Occlusion,OPH,2024,627300,797.3,190.7,372.3,135.6
4048,CA-ECO-048,9003,rvo,Retinal Vein Occlusion,OPH,2025,627300,868.5,228.3,530.4,136.96
4048,CA-ECO-048,9004,rrms,Relapsing-Remitting Multiple Sclerosis,MS,2021,627300,687.4,74.7,248.6,108.92
4048,CA-ECO-048,9004,rrms,Relapsing-Remitting Multiple Sclerosis,MS,2022,627300,759.0,145.4,455.0,110.01
4048,CA-ECO-048,9004,rrms,Relapsing-Remitting Multiple Sclerosis,MS,2023,627300,673.8,140.2,348.3,111.11
4048,CA-ECO-048,9004,rrms,Relapsing-Remitting Multiple Sclerosis,MS,2024,627300,728.4,160.0,282.2,112.22
4048,CA-ECO-048,9004,rrms,Relapsing-Remitting Multiple Sclerosis,MS,2025,627300,678.8,149.0,407.5,113.35
4048,CA-ECO-048,9005,ppms,Primary Progressive Multiple Sclerosis,MS,2021,627300,151.5,17.2,87.8,23.41
4048,CA-ECO-048,9005,ppms,Primary Progressive Multiple Sclerosis,MS,2022,627300,146.6,26.8,99.5,23.65
4048,CA-ECO-048,9005,ppms,Primary Progressive Multiple Sclerosis,MS,2023,627300,136.1,18.8,92.2,23.88
4048,CA-ECO-048,9005,ppms,Primary Progressive Multiple Sclerosis,MS,2024,627300,154.9,26.2,66.5,24.12
4048,CA-ECO-048,9005,ppms,Primary Progressive Multiple Sclerosis,MS,2025,627300,153.9,16.5,64.1,24.36
4048,CA-ECO-048,9006,hem_a,Hemophilia A,HEM,2021,627300,24.7,6.6,10.8,4.16
4048,CA-ECO-048,9006,hem_a,Hemophilia A,HEM,2022,627300,23.8,3.9,11.1,4.2
4048,CA-ECO-048,9006,hem_a,Hemophilia A,HEM,2023,627300,24.2,4.3,14.8,4.24
4048,CA-ECO-048,9006,hem_a,Hemophilia A,HEM,2024,627300,27.8,5.4,19.2,4.29
4048,CA-ECO-048,9006,hem_a,Hemophilia A,HEM,2025,627300,26.0,6.5,18.1,4.33
4048,CA-ECO-048,9007,sev_asthma,Severe Allergic/Eosinophilic Asthma,RESP,2021,627300,3105.6,859.8,2001.1,498.85
4048,CA-ECO-048,9007,sev_asthma,Severe Allergic/Eosinophilic Asthma,RESP,2022,627300,3118.0,614.5,1762.5,503.84
4048,CA-ECO-048,9007,sev_asthma,Severe Allergic/Eosinophilic Asthma,RESP,2023,627300,3390.0,564.6,1442.0,508.88
4048,CA-ECO-048,9007,sev_asthma,Severe Allergic/Eosinophilic Asthma,RESP,2024,627300,3106.0,823.6,1797.0,513.96
4048,CA-ECO-048,9007,sev_asthma,Severe Allergic/Eosinophilic Asthma,RESP,2025,627300,3182.9,692.6,2173.2,519.1
4048,CA-ECO-048,9008,her2_bc,HER2-positive Breast Cancer,ONC,2021,627300,238.3,51.8,133.9,37.71
4048,CA-ECO-048,9008,her2_bc,HER2-positive Breast Cancer,ONC,2022,627300,251.1,63.0,133.4,38.09
4048,CA-ECO-048,9008,her2_bc,HER2-positive Breast Cancer,ONC,2023,627300,229.7,44.4,128.1,38.47
4048,CA-ECO-048,9008,her2_bc,HER2-positive Breast Cancer,ONC,2024,627300,256.7,33.2,164.3,38.86
4048,CA-ECO-048,9008,her2_bc,HER2-positive Breast Cancer,ONC,2025,627300,249.0,46.2,165.7,39.25
4049,TX-ECO-049,9001,wet_amd,Wet Age-related Macular Degeneration,OPH,2021,545524,1300.2,353.5,518.2,240.49
4049,TX-ECO-049,9001,wet_amd,Wet Age-related Macular Degeneration,OPH,2022,545524,1404.4,156.8,965.0,242.89
4049,TX-ECO-049,9001,wet_amd,Wet Age-related Macular Degeneration,OPH,2023,545524,1330.8,327.8,520.0,245.32
4049,TX-ECO-049,9001,wet_amd,Wet Age-related Macular Degeneration,OPH,2024,545524,1353.5,338.3,611.7,247.77
4049,TX-ECO-049,9001,wet_amd,Wet Age-related Macular Degeneration,OPH,2025,545524,1374.9,357.2,618.9,250.25
4049,TX-ECO-049,9002,dme,Diabetic Macular Edema,OPH,2021,545524,2116.4,248.0,901.2,384.05
4049,TX-ECO-049,9002,dme,Diabetic Macular Edema,OPH,2022,545524,2244.1,295.0,846.7,387.89
4049,TX-ECO-049,9002,dme,Diabetic Macular Edema,OPH,2023,545524,2013.9,437.1,1323.3,391.77
4049,TX-ECO-049,9002,dme,Diabetic Macular Edema,OPH,2024,545524,2234.2,359.5,1135.0,395.69
4049,TX-ECO-049,9002,dme,Diabetic Macular Edema,OPH,2025,545524,2273.1,456.5,1124.0,399.64
4049,TX-ECO-049,9003,rvo,Retinal Vein Occlusion,OPH,2021,545524,689.2,130.6,324.8,134.35
4049,TX-ECO-049,9003,rvo,Retinal Vein Occlusion,OPH,2022,545524,690.9,192.7,459.6,135.69
4049,TX-ECO-049,9003,rvo,Retinal Vein Occlusion,OPH,2023,545524,736.3,157.0,342.0,137.05
4049,TX-ECO-049,9003,rvo,Retinal Vein Occlusion,OPH,2024,545524,730.9,178.4,259.6,138.42
4049,TX-ECO-049,9003,rvo,Retinal Vein Occlusion,OPH,2025,545524,774.7,80.9,421.8,139.8
4049,TX-ECO-049,9004,rrms,Relapsing-Remitting Multiple Sclerosis,MS,2021,545524,742.1,96.0,262.0,127.17
4049,TX-ECO-049,9004,rrms,Relapsing-Remitting Multiple Sclerosis,MS,2022,545524,714.1,192.2,415.0,128.44
4049,TX-ECO-049,9004,rrms,Relapsing-Remitting Multiple Sclerosis,MS,2023,545524,753.5,210.8,447.9,129.73
4049,TX-ECO-049,9004,rrms,Relapsing-Remitting Multiple Sclerosis,MS,2024,545524,676.6,159.2,362.2,131.03
4049,TX-ECO-049,9004,rrms,Relapsing-Remitting Multiple Sclerosis,MS,2025,545524,707.6,107.9,407.7,132.34
4049,TX-ECO-049,9005,ppms,Primary Progressive Multiple Sclerosis,MS,2021,545524,109.5,11.4,45.1,23.17
4049,TX-ECO-049,9005,ppms,Primary Progressive Multiple Sclerosis,MS,2022,545524,127.2,32.6,84.6,23.41
4049,TX-ECO-049,9005,ppms,Primary Progressive Multiple Sclerosis,MS,2023,545524,133.0,30.8,47.4,23.64
4049,TX-ECO-049,9005,ppms,Primary Progressive Multiple Sclerosis,MS,2024,545524,137.6,32.3,79.4,23.88
4049,TX-ECO-049,9005,ppms,Primary Progressive Multiple Sclerosis,MS,2025,545524,126.1,15.4,68.7,24.12
4049,TX-ECO-049,9006,hem_a,Hemophilia A,HEM,2021,545524,25.1,4.4,15.4,4.5
4049,TX-ECO-049,9006,hem_a,Hemophilia A,HEM,2022,545524,25.4,4.8,14.7,4.55
4049,TX-ECO-049,9006,hem_a,Hemophilia A,HEM,2023,545524,23.6,3.2,10.4,4.59
4049,TX-ECO-049,9006,hem_a,Hemophilia A,HEM,2024,545524,26.1,4.0,15.5,4.64
4049,TX-ECO-049,9006,hem_a,Hemophilia A,HEM,2025,545524,25.1,2.6,13.8,4.69
4049,TX-ECO-049,9007,sev_asthma,Severe Allergic/Eosinophilic Asthma,RESP,2021,545524,2361.1,334.0,1570.9,437.46
4049,TX-ECO-049,9007,sev_asthma,Severe Allergic/Eosinophilic Asthma,RESP,2022,545524,2489.1,410.3,1444.0,441.83
4049,TX-ECO-049,9007,sev_asthma,Severe Allergic/Eosinophilic Asthma,RESP,2023,545524,2664.4,340.9,1225.9,446.25
4049,TX-ECO-049,9007,sev_asthma,Severe Allergic/Eosinophilic Asthma,RESP,2024,545524,2391.8,356.4,1276.0,450.71
4049,TX-ECO-049,9007,sev_asthma,Severe Allergic/Eosinophilic Asthma,RESP,2025,545524,2464.9,249.7,1013.9,455.22
4049,TX-ECO-049,9008,her2_bc,HER2-positive Breast Cancer,ONC,2021,545524,226.1,25.4,118.2,43.28
4049,TX-ECO-049,9008,her2_bc,HER2-positive Breast Cancer,ONC,2022,545524,244.7,46.7,141.5,43.71
4049,TX-ECO-049,9008,her2_bc,HER2-positive Breast Cancer,ONC,2023,545524,260.5,53.8,150.4,44.15
4049,TX-ECO-049,9008,her2_bc,HER2-positive Breast Cancer,ONC,2024,545524,236.1,44.1,146.8,44.59
4049,TX-ECO-049,9008,her2_bc,HER2-positive Breast Cancer,ONC,2025,545524,240.0,31.4,90.3,45.03
4050,NY-ECO-050,9001,wet_amd,Wet Age-related Macular Degeneration,OPH,2021,446680,894.8,208.6,452.6,191.47
4050,NY-ECO-050,9001,wet_amd,Wet Age-related Macular Degeneration,OPH,2022,446680,857.7,217.1,304.8,193.39
4050,NY-ECO-050,9001,wet_amd,Wet Age-related Macular Degeneration,OPH,2023,446680,938.1,146.2,577.9,195.32
4050,NY-ECO-050,9001,wet_amd,Wet Age-related Macular Degeneration,OPH,2024,446680,863.0,168.6,318.1,197.28
4050,NY-ECO-050,9001,wet_amd,Wet Age-related Macular Degeneration,OPH,2025,446680,821.7,170.9,507.9,199.25
4050,NY-ECO-050,9002,dme,Diabetic Macular Edema,OPH,2021,446680,1412.3,297.9,742.2,325.41
4050,NY-ECO-050,9002,dme,Diabetic Macular Edema,OPH,2022,446680,1476.7,309.6,544.5,328.66
4050,NY-ECO-050,9002,dme,Diabetic Macular Edema,OPH,2023,446680,1499.0,152.4,932.5,331.95
4050,NY-ECO-050,9002,dme,Diabetic Macular Edema,OPH,2024,446680,1497.2,350.2,966.3,335.27
4050,NY-ECO-050,9002,dme,Diabetic Macular Edema,OPH,2025,446680,1363.8,183.8,593.8,338.62
4050,NY-ECO-050,9003,rvo,Retinal Vein Occlusion,OPH,2021,446680,450.8,110.2,309.6,94.46
4050,NY-ECO-050,9003,rvo,Retinal Vein Occlusion,OPH,2022,446680,417.0,97.3,230.9,95.4
4050,NY-ECO-050,9003,rvo,Retinal Vein Occlusion,OPH,2023,446680,456.8,100.9,207.7,96.35
4050,NY-ECO-050,9003,rvo,Retinal Vein Occlusion,OPH,2024,446680,455.5,109.2,256.3,97.32
4050,NY-ECO-050,9003,rvo,Retinal Vein Occlusion,OPH,2025,446680,473.6,121.6,200.5,98.29
4050,NY-ECO-050,9004,rrms,Relapsing-Remitting Multiple Sclerosis,MS,2021,446680,422.3,81.8,184.7,87.94
4050,NY-ECO-050,9004,rrms,Relapsing-Remitting Multiple Sclerosis,MS,2022,446680,391.5,100.4,267.4,88.82
4050,NY-ECO-050,9004,rrms,Relapsing-Remitting Multiple Sclerosis,MS,2023,446680,427.9,105.4,236.3,89.71
4050,NY-ECO-050,9004,rrms,Relapsing-Remitting Multiple Sclerosis,MS,2024,446680,415.4,89.6,187.5,90.61
4050,NY-ECO-050,9004,rrms,Relapsing-Remitting Multiple Sclerosis,MS,2025,446680,429.3,51.9,272.3,91.51
4050,NY-ECO-050,9005,ppms,Primary Progressive Multiple Sclerosis,MS,2021,446680,89.3,9.8,57.8,21.26
4050,NY-ECO-050,9005,ppms,Primary Progressive Multiple Sclerosis,MS,2022,446680,98.8,11.6,56.1,21.47
4050,NY-ECO-050,9005,ppms,Primary Progressive Multiple Sclerosis,MS,2023,446680,92.4,23.6,36.1,21.68
4050,NY-ECO-050,9005,ppms,Primary Progressive Multiple Sclerosis,MS,2024,446680,102.0,22.4,40.3,21.9
4050,NY-ECO-050,9005,ppms,Primary Progressive Multiple Sclerosis,MS,2025,446680,88.9,23.1,45.7,22.12
4050,NY-ECO-050,9006,hem_a,Hemophilia A,HEM,2021,446680,19.9,4.6,12.3,4.42
4050,NY-ECO-050,9006,hem_a,Hemophilia A,HEM,2022,446680,19.3,3.4,8.7,4.47
4050,NY-ECO-050,9006,hem_a,Hemophilia A,HEM,2023,446680,21.3,4.2,9.4,4.51
4050,NY-ECO-050,9006,hem_a,Hemophilia A,HEM,2024,446680,19.5,2.6,12.3,4.56
4050,NY-ECO-050,9006,hem_a,Hemophilia A,HEM,2025,446680,19.9,3.0,13.1,4.6
4050,NY-ECO-050,9007,sev_asthma,Severe Allergic/Eosinophilic Asthma,RESP,2021,446680,2031.7,363.0,967.6,440.56
4050,NY-ECO-050,9007,sev_asthma,Severe Allergic/Eosinophilic Asthma,RESP,2022,446680,1993.4,440.8,810.1,444.97
4050,NY-ECO-050,9007,sev_asthma,Severe Allergic/Eosinophilic Asthma,RESP,2023,446680,1994.1,441.1,1023.9,449.42
4050,NY-ECO-050,9007,sev_asthma,Severe Allergic/Eosinophilic Asthma,RESP,2024,446680,2070.0,427.7,1069.3,453.91
4050,NY-ECO-050,9007,sev_asthma,Severe Allergic/Eosinophilic Asthma,RESP,2025,446680,1958.2,310.4,773.5,458.45
4050,NY-ECO-050,9008,her2_bc,HER2-positive Breast Cancer,ONC,2021,446680,142.9,26.2,89.8,31.44
4050,NY-ECO-050,9008,her2_bc,HER2-positive Breast Cancer,ONC,2022,446680,135.8,19.9,71.6,31.76
4050,NY-ECO-050,9008,her2_bc,HER2-positive Breast Cancer,ONC,2023,446680,138.6,33.0,61.3,32.07
4050,NY-ECO-050,9008,her2_bc,HER2-positive Breast Cancer,ONC,2024,446680,141.5,37.6,62.1,32.39
4050,NY-ECO-050,9008,her2_bc,HER2-positive Breast Cancer,ONC,2025,446680,143.5,29.7,65.8,32.72
4051,FL-ECO-051,9001,wet_amd,Wet Age-related Macular Degeneration,OPH,2021,1334248,3539.5,771.9,2136.0,257.98
4051,FL-ECO-051,9001,wet_amd,Wet Age-related Macular Degeneration,OPH,2022,1334248,3501.4,485.2,2243.2,260.56
4051,FL-ECO-051,9001,wet_amd,Wet Age-related Macular Degeneration,OPH,2023,1334248,3270.1,793.9,2058.5,263.16
4051,FL-ECO-051,9001,wet_amd,Wet Age-related Macular Degeneration,OPH,2024,1334248,3609.5,529.9,2406.0,265.79
4051,FL-ECO-051,9001,wet_amd,Wet Age-related Macular Degeneration,OPH,2025,1334248,3424.2,775.2,1319.9,268.45
4051,FL-ECO-051,9002,dme,Diabetic Macular Edema,OPH,2021,1334248,4990.3,1230.7,2949.9,372.53
4051,FL-ECO-051,9002,dme,Diabetic Macular Edema,OPH,2022,1334248,5016.2,1054.6,2841.3,376.26
4051,FL-ECO-051,9002,dme,Diabetic Macular Edema,OPH,2023,1334248,4719.4,1173.5,2234.1,380.02
4051,FL-ECO-051,9002,dme,Diabetic Macular Edema,OPH,2024,1334248,5269.1,1080.2,3579.8,383.82
4051,FL-ECO-051,9002,dme,Diabetic Macular Edema,OPH,2025,1334248,5545.1,1231.9,2828.8,387.66
4051,FL-ECO-051,9003,rvo,Retinal Vein Occlusion,OPH,2021,1334248,1672.4,281.9,1044.5,131.94
4051,FL-ECO-051,9003,rvo,Retinal Vein Occlusion,OPH,2022,1334248,1765.0,189.0,1011.3,133.26
4051,FL-ECO-051,9003,rvo,Retinal Vein Occlusion,OPH,2023,1334248,1636.5,232.3,798.4,134.59
4051,FL-ECO-051,9003,rvo,Retinal Vein Occlusion,OPH,2024,1334248,1879.6,376.3,1024.8,135.93
4051,FL-ECO-051,9003,rvo,Retinal Vein Occlusion,OPH,2025,1334248,1955.9,250.6,1335.4,137.29
4051,FL-ECO-051,9004,rrms,Relapsing-Remitting Multiple Sclerosis,MS,2021,1334248,1468.5,185.6,666.9,104.71
4051,FL-ECO-051,9004,rrms,Relapsing-Remitting Multiple Sclerosis,MS,2022,1334248,1496.5,260.7,914.6,105.75
4051,FL-ECO-051,9004,rrms,Relapsing-Remitting Multiple Sclerosis,MS,2023,1334248,1409.8,186.2,499.9,106.81
4051,FL-ECO-051,9004,rrms,Relapsing-Remitting Multiple Sclerosis,MS,2024,1334248,1502.5,373.2,543.3,107.88
4051,FL-ECO-051,9004,rrms,Relapsing-Remitting Multiple Sclerosis,MS,2025,1334248,1602.2,286.8,928.5,108.96
4051,FL-ECO-051,9005,ppms,Primary Progressive Multiple Sclerosis,MS,2021,1334248,276.4,36.2,107.5,23.89
4051,FL-ECO-051,9005,ppms,Primary Progressive Multiple Sclerosis,MS,2022,1334248,299.6,55.6,165.6,24.13
4051,FL-ECO-051,9005,ppms,Primary Progressive Multiple Sclerosis,MS,2023,1334248,328.3,54.7,145.0,24.37
4051,FL-ECO-051,9005,ppms,Primary Progressive Multiple Sclerosis,MS,2024,1334248,359.9,75.7,227.8,24.61
4051,FL-ECO-051,9005,ppms,Primary Progressive Multiple Sclerosis,MS,2025,1334248,331.5,62.2,186.9,24.86
4051,FL-ECO-051,9006,hem_a,Hemophilia A,HEM,2021,1334248,51.9,6.8,30.7,3.96
4051,FL-ECO-051,9006,hem_a,Hemophilia A,HEM,2022,1334248,53.4,11.0,32.4,4.0
4051,FL-ECO-051,9006,hem_a,Hemophilia A,HEM,2023,1334248,51.5,12.3,20.8,4.04
4051,FL-ECO-051,9006,hem_a,Hemophilia A,HEM,2024,1334248,52.7,7.1,33.8,4.08
4051,FL-ECO-051,9006,hem_a,Hemophilia A,HEM,2025,1334248,53.6,12.5,18.9,4.13
4051,FL-ECO-051,9007,sev_asthma,Severe Allergic/Eosinophilic Asthma,RESP,2021,1334248,6303.9,685.0,2416.3,474.99
4051,FL-ECO-051,9007,sev_asthma,Severe Allergic/Eosinophilic Asthma,RESP,2022,1334248,5988.5,956.5,2114.5,479.74
4051,FL-ECO-051,9007,sev_asthma,Severe Allergic/Eosinophilic Asthma,RESP,2023,1334248,7206.1,1150.6,3615.1,484.54
4051,FL-ECO-051,9007,sev_asthma,Severe Allergic/Eosinophilic Asthma,RESP,2024,1334248,6179.1,1716.5,2788.1,489.38
4051,FL-ECO-051,9007,sev_asthma,Severe Allergic/Eosinophilic Asthma,RESP,2025,1334248,6531.9,1095.4,3744.3,494.28
4051,FL-ECO-051,9008,her2_bc,HER2-positive Breast Cancer,ONC,2021,1334248,572.8,74.6,275.0,39.98
4051,FL-ECO-051,9008,her2_bc,HER2-positive Breast Cancer,ONC,2022,1334248,579.9,99.1,289.1,40.38
4051,FL-ECO-051,9008,her2_bc,HER2-positive Breast Cancer,ONC,2023,1334248,515.9,135.9,342.0,40.78
4051,FL-ECO-051,9008,her2_bc,HER2-positive Breast Cancer,ONC,2024,1334248,579.7,141.8,337.3,41.19
4051,FL-ECO-051,9008,her2_bc,HER2-positive Breast Cancer,ONC,2025,1334248,518.7,117.9,189.9,41.6
4052,PA-ECO-052,9001,wet_amd,Wet Age-related Macular Degeneration,OPH,2021,843597,1909.5,389.8,1156.9,217.87
4052,PA-ECO-052,9001,wet_amd,Wet Age-related Macular Degeneration,OPH,2022,843597,1967.9,323.4,1029.9,220.05
4052,PA-ECO-052,9001,wet_amd,Wet Age-related Macular Degeneration,OPH,2023,843597,1989.2,309.6,1231.7,222.25
4052,PA-ECO-052,9001,wet_amd,Wet Age-related Macular Degeneration,OPH,2024,843597,1933.8,318.0,1090.2,224.47
4052,PA-ECO-052,9001,wet_amd,Wet Age-related Macular Degeneration,OPH,2025,843597,2038.4,321.5,766.3,226.71
4052,PA-ECO-052,9002,dme,Diabetic Macular Edema,OPH,2021,843597,2665.4,743.8,1122.0,333.96
4052,PA-ECO-052,9002,dme,Diabetic Macular Edema,OPH,2022,843597,2796.9,759.3,1506.8,337.3
4052,PA-ECO-052,9002,dme,Diabetic Macular Edema,OPH,2023,843597,2629.7,397.5,1411.7,340.67
4052,PA-ECO-052,9002,dme,Diabetic Macular Edema,OPH,2024,843597,2647.9,359.6,1407.5,344.08
4052,PA-ECO-052,9002,dme,Diabetic Macular Edema,OPH,2025,843597,2966.9,746.7,1779.1,347.52
4052,PA-ECO-052,9003,rvo,Retinal Vein Occlusion,OPH,2021,843597,1110.6,236.9,727.2,130.9
4052,PA-ECO-052,9003,rvo,Retinal Vein Occlusion,OPH,2022,843597,1138.3,175.1,516.8,132.21
4052,PA-ECO-052,9003,rvo,Retinal Vein Occlusion,OPH,2023,843597,1166.2,247.8,786.6,133.53
4052,PA-ECO-052,9003,rvo,Retinal Vein Occlusion,OPH,2024,843597,1069.7,182.7,526.2,134.87
4052,PA-ECO-052,9003,rvo,Retinal Vein Occlusion,OPH,2025,843597,1174.4,171.0,446.2,136.22
4052,PA-ECO-052,9004,rrms,Relapsing-Remitting Multiple Sclerosis,MS,2021,843597,775.4,172.2,371.7,92.88
4052,PA-ECO-052,9004,rrms,Relapsing-Remitting Multiple Sclerosis,MS,2022,843597,722.7,132.0,437.6,93.81
4052,PA-ECO-052,9004,rrms,Relapsing-Remitting Multiple Sclerosis,MS,2023,843597,793.4,133.5,385.1,94.74
4052,PA-ECO-052,9004,rrms,Relapsing-Remitting Multiple Sclerosis,MS,2024,843597,692.4,89.6,472.4,95.69
4052,PA-ECO-052,9004,rrms,Relapsing-Remitting Multiple Sclerosis,MS,2025,843597,833.3,190.0,385.3,96.65
4052,PA-ECO-052,9005,ppms,Primary Progressive Multiple Sclerosis,MS,2021,843597,223.7,49.0,153.0,23.53
4052,PA-ECO-052,9005,ppms,Primary Progressive Multiple Sclerosis,MS,2022,843597,186.1,23.6,106.8,23.76
4052,PA-ECO-052,9005,ppms,Primary Progressive Multiple Sclerosis,MS,2023,843597,193.9,39.5,72.9,24.0
4052,PA-ECO-052,9005,ppms,Primary Progressive Multiple Sclerosis,MS,2024,843597,219.8,42.9,78.2,24.24
4052,PA-ECO-052,9005,ppms,Primary Progressive Multiple Sclerosis,MS,2025,843597,195.2,52.5,112.7,24.48
4052,PA-ECO-052,9006,hem_a,Hemophilia A,HEM,2021,843597,39.0,6.2,19.9,4.6
4052,PA-ECO-052,9006,hem_a,Hemophilia A,HEM,2022,843597,39.6,8.8,14.3,4.64
4052,PA-ECO-052,9006,hem_a,Hemophilia A,HEM,2023,843597,40.2,5.0,15.3,4.69
4052,PA-ECO-052,9006,hem_a,Hemophilia A,HEM,2024,843597,40.9,5.9,28.5,4.74
4052,PA-ECO-052,9006,hem_a,Hemophilia A,HEM,2025,843597,41.0,5.8,25.7,4.79
4052,PA-ECO-052,9007,sev_asthma,Severe Allergic/Eosinophilic Asthma,RESP,2021,843597,4569.5,949.2,3156.9,498.97
4052,PA-ECO-052,9007,sev_asthma,Severe Allergic/Eosinophilic Asthma,RESP,2022,843597,4236.2,1181.6,2168.9,503.96
4052,PA-ECO-052,9007,sev_asthma,Severe Allergic/Eosinophilic Asthma,RESP,2023,843597,4252.0,976.9,1636.6,509.0
4052,PA-ECO-052,9007,sev_asthma,Severe Allergic/Eosinophilic Asthma,RESP,2024,843597,4396.7,767.4,1593.0,514.09
4052,PA-ECO-052,9007,sev_asthma,Severe Allergic/Eosinophilic Asthma,RESP,2025,843597,4750.5,1212.9,3043.2,519.23
4052,PA-ECO-052,9008,her2_bc,HER2-positive Breast Cancer,ONC,2021,843597,285.7,54.3,131.9,36.2
4052,PA-ECO-052,9008,her2_bc,HER2-positive Breast Cancer,ONC,2022,843597,319.2,83.8,125.0,36.57
4052,PA-ECO-052,9008,her2_bc,HER2-positive Breast Cancer,ONC,2023,843597,327.8,77.6,219.4,36.93
4052,PA-ECO-052,9008,her2_bc,HER2-positive Breast Cancer,ONC,2024,843597,323.6,58.2,171.6,37.3
4052,PA-ECO-052,9008,her2_bc,HER2-positive Breast Cancer,ONC,2025,843597,307.7,52.3,139.1,37.67
4053,IL-ECO-053,9001,wet_amd,Wet Age-related Macular Degeneration,OPH,2021,237692,497.3,74.0,199.5,189.81
4053,IL-ECO-053,9001,wet_amd,Wet Age-related Macular Degeneration,OPH,2022,237692,403.4,43.2,192.1,191.71
4053,IL-ECO-053,9001,wet_amd,Wet Age-related Macular Degeneration,OPH,2023,237692,466.0,51.3,319.6,193.63
4053,IL-ECO-053,9001,wet_amd,Wet Age-related Macular Degeneration,OPH,2024,237692,476.0,91.3,330.6,195.56
4053,IL-ECO-053,9001,wet_amd,Wet Age-related Macular Degeneration,OPH,2025,237692,439.6,47.9,267.6,197.52
4053,IL-ECO-053,9002,dme,Diabetic Macular Edema,OPH,2021,237692,924.7,220.2,558.8,394.59
4053,IL-ECO-053,9002,dme,Diabetic Macular Edema,OPH,2022,237692,1046.4,139.8,712.9,398.53
4053,IL-ECO-053,9002,dme,Diabetic Macular Edema,OPH,2023,237692,934.5,210.0,377.0,402.52
4053,IL-ECO-053,9002,dme,Diabetic Macular Edema,OPH,2024,237692,933.9,227.0,471.3,406.54
4053,IL-ECO-053,9002,dme,Diabetic Macular Edema,OPH,2025,237692,980.4,162.6,653.8,410.61
4053,IL-ECO-053,9003,rvo,Retinal Vein Occlusion,OPH,2021,237692,286.9,66.8,110.5,123.82
4053,IL-ECO-053,9003,rvo,Retinal Vein Occlusion,OPH,2022,237692,305.6,54.1,137.9,125.05
4053,IL-ECO-053,9003,rvo,Retinal Vein Occlusion,OPH,2023,237692,303.6,82.8,168.4,126.3
4053,IL-ECO-053,9003,rvo,Retinal Vein Occlusion,OPH,2024,237692,320.3,75.4,219.5,127.57
4053,IL-ECO-053,9003,rvo,Retinal Vein Occlusion,OPH,2025,237692,303.0,31.3,168.5,128.84
4053,IL-ECO-053,9004,rrms,Relapsing-Remitting Multiple Sclerosis,MS,2021,237692,232.3,29.8,110.8,95.65
4053,IL-ECO-053,9004,rrms,Relapsing-Remitting Multiple Sclerosis,MS,2022,237692,209.7,57.9,74.2,96.61
4053,IL-ECO-053,9004,rrms,Relapsing-Remitting Multiple Sclerosis,MS,2023,237692,220.7,49.5,98.0,97.57
4053,IL-ECO-053,9004,rrms,Relapsing-Remitting Multiple Sclerosis,MS,2024,237692,234.5,39.3,147.0,98.55
4053,IL-ECO-053,9004,rrms,Relapsing-Remitting Multiple Sclerosis,MS,2025,237692,218.1,44.5,90.1,99.53
4053,IL-ECO-053,9005,ppms,Primary Progressive Multiple Sclerosis,MS,2021,237692,53.0,13.0,19.6,22.99
4053,IL-ECO-053,9005,ppms,Primary Progressive Multiple Sclerosis,MS,2022,237692,53.5,12.5,36.3,23.22
4053,IL-ECO-053,9005,ppms,Primary Progressive Multiple Sclerosis,MS,2023,237692,54.9,13.6,26.2,23.46
4053,IL-ECO-053,9005,ppms,Primary Progressive Multiple Sclerosis,MS,2024,237692,56.1,8.3,22.1,23.69
4053,IL-ECO-053,9005,ppms,Primary Progressive Multiple Sclerosis,MS,2025,237692,53.8,7.3,24.2,23.93
4053,IL-ECO-053,9006,hem_a,Hemophilia A,HEM,2021,237692,11.0,2.8,6.7,4.35
4053,IL-ECO-053,9006,hem_a,Hemophilia A,HEM,2022,237692,10.9,1.9,4.7,4.39
4053,IL-ECO-053,9006,hem_a,Hemophilia A,HEM,2023,237692,10.3,1.8,4.0,4.44
4053,IL-ECO-053,9006,hem_a,Hemophilia A,HEM,2024,237692,10.9,1.3,4.0,4.48
4053,IL-ECO-053,9006,hem_a,Hemophilia A,HEM,2025,237692,11.0,1.7,6.6,4.53
4053,IL-ECO-053,9007,sev_asthma,Severe Allergic/Eosinophilic Asthma,RESP,2021,237692,1174.4,274.3,707.7,464.09
4053,IL-ECO-053,9007,sev_asthma,Severe Allergic/Eosinophilic Asthma,RESP,2022,237692,1043.3,160.1,687.8,468.73
4053,IL-ECO-053,9007,sev_asthma,Severe Allergic/Eosinophilic Asthma,RESP,2023,237692,1096.1,295.0,415.6,473.41
4053,IL-ECO-053,9007,sev_asthma,Severe Allergic/Eosinophilic Asthma,RESP,2024,237692,1138.3,208.8,779.5,478.15
4053,IL-ECO-053,9007,sev_asthma,Severe Allergic/Eosinophilic Asthma,RESP,2025,237692,1174.6,283.0,796.9,482.93
4053,IL-ECO-053,9008,her2_bc,HER2-positive Breast Cancer,ONC,2021,237692,86.0,10.5,56.3,41.36
4053,IL-ECO-053,9008,her2_bc,HER2-positive Breast Cancer,ONC,2022,237692,99.8,19.5,57.1,41.78
4053,IL-ECO-053,9008,her2_bc,HER2-positive Breast Cancer,ONC,2023,237692,106.2,25.7,42.0,42.19
4053,IL-ECO-053,9008,her2_bc,HER2-positive Breast Cancer,ONC,2024,237692,91.9,15.7,39.1,42.61
4053,IL-ECO-053,9008,her2_bc,HER2-positive Breast Cancer,ONC,2025,237692,105.4,29.2,41.0,43.04
4054,OH-ECO-054,9001,wet_amd,Wet Age-related Macular Degeneration,OPH,2021,469027,1027.9,213.2,398.9,217.66
4054,OH-ECO-054,9001,wet_amd,Wet Age-related Macular Degeneration,OPH,2022,469027,1085.5,283.7,384.5,219.84
4054,OH-ECO-054,9001,wet_amd,Wet Age-related Macular Degeneration,OPH,2023,469027,1045.5,195.1,700.2,222.04
4054,OH-ECO-054,9001,wet_amd,Wet Age-related Macular Degeneration,OPH,2024,469027,1007.6,207.6,484.1,224.26
4054,OH-ECO-054,9001,wet_amd,Wet Age-related Macular Degeneration,OPH,2025,469027,1036.6,201.4,649.2,226.5
4054,OH-ECO-054,9002,dme,Diabetic Macular Edema,OPH,2021,469027,1830.8,440.0,740.1,372.94
4054,OH-ECO-054,9002,dme,Diabetic Macular Edema,OPH,2022,469027,1736.6,372.9,1113.2,376.67
4054,OH-ECO-054,9002,dme,Diabetic Macular Edema,OPH,2023,469027,1786.3,182.8,791.5,380.43
4054,OH-ECO-054,9002,dme,Diabetic Macular Edema,OPH,2024,469027,1862.9,367.8,864.1,384.24
4054,OH-ECO-054,9002,dme,Diabetic Macular Edema,OPH,2025,469027,1806.4,475.6,1032.8,388.08
4054,OH-ECO-054,9003,rvo,Retinal Vein Occlusion,OPH,2021,469027,521.5,130.3,355.2,112.7
4054,OH-ECO-054,9003,rvo,Retinal Vein Occlusion,OPH,2022,469027,532.0,121.8,275.1,113.83
4054,OH-ECO-054,9003,rvo,Retinal Vein Occlusion,OPH,2023,469027,567.2,134.0,238.4,114.97
4054,OH-ECO-054,9003,rvo,Retinal Vein Occlusion,OPH,2024,469027,535.6,102.8,305.2,116.12
4054,OH-ECO-054,9003,rvo,Retinal Vein Occlusion,OPH,2025,469027,500.4,59.6,262.2,117.28
4054,OH-ECO-054,9004,rrms,Relapsing-Remitting Multiple Sclerosis,MS,2021,469027,482.6,107.0,197.8,104.47
4054,OH-ECO-054,9004,rrms,Relapsing-Remitting Multiple Sclerosis,MS,2022,469027,490.0,91.6,263.9,105.51
4054,OH-ECO-054,9004,rrms,Relapsing-Remitting Multiple Sclerosis,MS,2023,469027,527.5,76.7,361.0,106.57
4054,OH-ECO-054,9004,rrms,Relapsing-Remitting Multiple Sclerosis,MS,2024,469027,524.5,105.1,354.6,107.63
4054,OH-ECO-054,9004,rrms,Relapsing-Remitting Multiple Sclerosis,MS,2025,469027,526.6,133.3,204.7,108.71
4054,OH-ECO-054,9005,ppms,Primary Progressive Multiple Sclerosis,MS,2021,469027,89.9,20.2,59.9,19.65
4054,OH-ECO-054,9005,ppms,Primary Progressive Multiple Sclerosis,MS,2022,469027,93.9,12.3,39.3,19.84
4054,OH-ECO-054,9005,ppms,Primary Progressive Multiple Sclerosis,MS,2023,469027,94.9,16.1,41.0,20.04
4054,OH-ECO-054,9005,ppms,Primary Progressive Multiple Sclerosis,MS,2024,469027,80.1,19.9,43.6,20.24
4054,OH-ECO-054,9005,ppms,Primary Progressive Multiple Sclerosis,MS,2025,469027,92.2,14.6,48.9,20.44
4054,OH-ECO-054,9006,hem_a,Hemophilia A,HEM,2021,469027,22.7,3.8,11.4,4.31
4054,OH-ECO-054,9006,hem_a,Hemophilia A,HEM,2022,469027,21.7,4.9,9.1,4.36
4054,OH-ECO-054,9006,hem_a,Hemophilia A,HEM,2023,469027,20.1,2.5,12.8,4.4
4054,OH-ECO-054,9006,hem_a,Hemophilia A,HEM,2024,469027,20.0,2.4,12.0,4.44
4054,OH-ECO-054,9006,hem_a,Hemophilia A,HEM,2025,469027,21.1,3.5,8.9,4.49
4054,OH-ECO-054,9007,sev_asthma,Severe Allergic/Eosinophilic Asthma,RESP,2021,469027,2245.0,595.7,930.4,474.96
4054,OH-ECO-054,9007,sev_asthma,Severe Allergic/Eosinophilic Asthma,RESP,2022,469027,2296.8,586.4,1101.5,479.71
4054,OH-ECO-054,9007,sev_asthma,Severe Allergic/Eosinophilic Asthma,RESP,2023,469027,2475.1,289.1,1691.8,484.5
4054,OH-ECO-054,9007,sev_asthma,Severe Allergic/Eosinophilic Asthma,RESP,2024,469027,2253.6,364.4,871.6,489.35
4054,OH-ECO-054,9007,sev_asthma,Severe Allergic/Eosinophilic Asthma,RESP,2025,469027,2443.4,645.7,1571.2,494.24
4054,OH-ECO-054,9008,her2_bc,HER2-positive Breast Cancer,ONC,2021,469027,185.6,31.9,88.9,37.84
4054,OH-ECO-054,9008,her2_bc,HER2-positive Breast Cancer,ONC,2022,469027,192.4,50.4,120.8,38.22
4054,OH-ECO-054,9008,her2_bc,HER2-positive Breast Cancer,ONC,2023,469027,175.3,40.7,111.7,38.6
4054,OH-ECO-054,9008,her2_bc,HER2-positive Breast Cancer,ONC,2024,469027,180.9,18.5,121.4,38.99
4054,OH-ECO-054,9008,her2_bc,HER2-positive Breast Cancer,ONC,2025,469027,191.4,51.4,108.6,39.38
4055,GA-ECO-055,9001,wet_amd,Wet Age-related Macular Degeneration,OPH,2021,1462813,3064.0,797.9,2086.6,222.02
4055,GA-ECO-055,9001,wet_amd,Wet Age-related Macular Degeneration,OPH,2022,1462813,3330.8,887.0,1252.3,224.24
4055,GA-ECO-055,9001,wet_amd,Wet Age-related Macular Degeneration,OPH,2023,1462813,3358.1,629.5,2276.3,226.48
4055,GA-ECO-055,9001,wet_amd,Wet Age-related Macular Degeneration,OPH,2024,1462813,3192.0,559.0,1472.8,228.75
4055,GA-ECO-055,9001,wet_amd,Wet Age-related Macular Degeneration,OPH,2025,1462813,3267.8,502.2,1662.3,231.04
4055,GA-ECO-055,9002,dme,Diabetic Macular Edema,OPH,2021,1462813,4848.1,617.4,3229.9,343.8
4055,GA-ECO-055,9002,dme,Diabetic Macular Edema,OPH,2022,1462813,5115.4,744.6,2692.4,347.24
4055,GA-ECO-055,9002,dme,Diabetic Macular Edema,OPH,2023,1462813,5249.8,1180.2,3143.1,350.71
4055,GA-ECO-055,9002,dme,Diabetic Macular Edema,OPH,2024,1462813,5375.1,1276.0,2968.9,354.22
4055,GA-ECO-055,9002,dme,Diabetic Macular Edema,OPH,2025,1462813,5555.8,1035.6,2076.9,357.76
4055,GA-ECO-055,9003,rvo,Retinal Vein Occlusion,OPH,2021,1462813,1856.2,491.5,1266.5,131.74
4055,GA-ECO-055,9003,rvo,Retinal Vein Occlusion,OPH,2022,1462813,2000.3,460.7,955.5,133.06
4055,GA-ECO-055,9003,rvo,Retinal Vein Occlusion,OPH,2023,1462813,1905.3,299.7,1294.7,134.39
4055,GA-ECO-055,9003,rvo,Retinal Vein Occlusion,OPH,2024,1462813,1929.9,411.5,1137.5,135.73
4055,GA-ECO-055,9003,rvo,Retinal Vein Occlusion,OPH,2025,1462813,1955.2,215.7,730.7,137.09
4055,GA-ECO-055,9004,rrms,Relapsing-Remitting Multiple Sclerosis,MS,2021,1462813,1406.7,172.9,937.8,97.13
4055,GA-ECO-055,9004,rrms,Relapsing-Remitting Multiple Sclerosis,MS,2022,1462813,1320.2,247.7,698.6,98.11
4055,GA-ECO-055,9004,rrms,Relapsing-Remitting Multiple Sclerosis,MS,2023,1462813,1412.8,222.6,620.8,99.09
4055,GA-ECO-055,9004,rrms,Relapsing-Remitting Multiple Sclerosis,MS,2024,1462813,1439.8,280.4,731.9,100.08
4055,GA-ECO-055,9004,rrms,Relapsing-Remitting Multiple Sclerosis,MS,2025,1462813,1520.6,348.2,576.7,101.08
4055,GA-ECO-055,9005,ppms,Primary Progressive Multiple Sclerosis,MS,2021,1462813,273.0,27.7,113.6,20.3
4055,GA-ECO-055,9005,ppms,Primary Progressive Multiple Sclerosis,MS,2022,1462813,306.9,41.9,117.9,20.5
4055,GA-ECO-055,9005,ppms,Primary Progressive Multiple Sclerosis,MS,2023,1462813,328.6,91.6,132.9,20.7
4055,GA-ECO-055,9005,ppms,Primary Progressive Multiple Sclerosis,MS,2024,1462813,314.7,54.5,181.1,20.91
4055,GA-ECO-055,9005,ppms,Primary Progressive Multiple Sclerosis,MS,2025,1462813,281.2,76.3,114.5,21.12
4055,GA-ECO-055,9006,hem_a,Hemophilia A,HEM,2021,1462813,70.4,16.1,24.8,4.61
4055,GA-ECO-055,9006,hem_a,Hemophilia A,HEM,2022,1462813,64.4,13.2,28.1,4.66
4055,GA-ECO-055,9006,hem_a,Hemophilia A,HEM,2023,1462813,69.8,15.3,39.3,4.71
4055,GA-ECO-055,9006,hem_a,Hemophilia A,HEM,2024,1462813,71.0,11.7,31.2,4.75
4055,GA-ECO-055,9006,hem_a,Hemophilia A,HEM,2025,1462813,73.1,12.5,51.0,4.8
4055,GA-ECO-055,9007,sev_asthma,Severe Allergic/Eosinophilic Asthma,RESP,2021,1462813,7311.6,2042.0,3652.5,496.11
4055,GA-ECO-055,9007,sev_asthma,Severe Allergic/Eosinophilic Asthma,RESP,2022,1462813,7544.4,767.8,3437.4,501.07
4055,GA-ECO-055,9007,sev_asthma,Severe Allergic/Eosinophilic Asthma,RESP,2023,1462813,7592.6,2042.8,4988.9,506.09
4055,GA-ECO-055,9007,sev_asthma,Severe Allergic/Eosinophilic Asthma,RESP,2024,1462813,7164.5,1752.6,4522.8,511.15
4055,GA-ECO-055,9007,sev_asthma,Severe Allergic/Eosinophilic Asthma,RESP,2025,1462813,7970.3,1033.9,3937.8,516.26
4055,GA-ECO-055,9008,her2_bc,HER2-positive Breast Cancer,ONC,2021,1462813,549.1,147.2,273.6,40.05
4055,GA-ECO-055,9008,her2_bc,HER2-positive Breast Cancer,ONC,2022,1462813,575.8,103.1,205.2,40.45
4055,GA-ECO-055,9008,her2_bc,HER2-positive Breast Cancer,ONC,2023,1462813,606.0,116.5,393.9,40.85
4055,GA-ECO-055,9008,her2_bc,HER2-positive Breast Cancer,ONC,2024,1462813,622.5,127.6,423.0,41.26
4055,GA-ECO-055,9008,her2_bc,HER2-positive Breast Cancer,ONC,2025,1462813,633.1,160.9,427.6,41.68
4056,NC-ECO-056,9001,wet_amd,Wet Age-related Macular Degeneration,OPH,2021,226294,394.2,43.6,141.9,172.4
4056,NC-ECO-056,9001,wet_amd,Wet Age-related Macular Degeneration,OPH,2022,226294,361.9,59.8,135.9,174.13
4056,NC-ECO-056,9001,wet_amd,Wet Age-related Macular Degeneration,OPH,2023,226294,383.1,86.5,173.2,175.87
4056,NC-ECO-056,9001,wet_amd,Wet Age-related Macular Degeneration,OPH,2024,226294,389.8,52.9,189.4,177.63
4056,NC-ECO-056,9001,wet_amd,Wet Age-related Macular Degeneration,OPH,2025,226294,410.9,63.5,224.0,179.4
4056,NC-ECO-056,9002,dme,Diabetic Macular Edema,OPH,2021,226294,765.9,155.6,466.3,307.82
4056,NC-ECO-056,9002,dme,Diabetic Macular Edema,OPH,2022,226294,681.5,184.1,458.3,310.9
4056,NC-ECO-056,9002,dme,Diabetic Macular Edema,OPH,2023,226294,662.0,152.2,298.6,314.01
4056,NC-ECO-056,9002,dme,Diabetic Macular Edema,OPH,2024,226294,624.9,114.7,372.3,317.15
4056,NC-ECO-056,9002,dme,Diabetic Macular Edema,OPH,2025,226294,705.9,86.6,390.1,320.32
4056,NC-ECO-056,9003,rvo,Retinal Vein Occlusion,OPH,2021,226294,245.7,63.7,166.9,98.76
4056,NC-ECO-056,9003,rvo,Retinal Vein Occlusion,OPH,2022,226294,238.2,26.0,109.5,99.74
4056,NC-ECO-056,9003,rvo,Retinal Vein Occlusion,OPH,2023,226294,240.5,34.9,160.3,100.74
4056,NC-ECO-056,9003,rvo,Retinal Vein Occlusion,OPH,2024,226294,222.5,56.5,109.0,101.75
4056,NC-ECO-056,9003,rvo,Retinal Vein Occlusion,OPH,2025,226294,234.3,30.2,112.6,102.77
4056,NC-ECO-056,9004,rrms,Relapsing-Remitting Multiple Sclerosis,MS,2021,226294,205.5,48.2,133.0,86.54
4056,NC-ECO-056,9004,rrms,Relapsing-Remitting Multiple Sclerosis,MS,2022,226294,195.7,28.4,93.8,87.4
4056,NC-ECO-056,9004,rrms,Relapsing-Remitting Multiple Sclerosis,MS,2023,226294,202.5,54.1,117.3,88.28
4056,NC-ECO-056,9004,rrms,Relapsing-Remitting Multiple Sclerosis,MS,2024,226294,222.1,57.4,130.3,89.16
4056,NC-ECO-056,9004,rrms,Relapsing-Remitting Multiple Sclerosis,MS,2025,226294,214.8,40.5,136.8,90.05
4056,NC-ECO-056,9005,ppms,Primary Progressive Multiple Sclerosis,MS,2021,226294,47.2,5.6,30.9,22.17
4056,NC-ECO-056,9005,ppms,Primary Progressive Multiple Sclerosis,MS,2022,226294,49.8,13.9,28.2,22.39
4056,NC-ECO-056,9005,ppms,Primary Progressive Multiple Sclerosis,MS,2023,226294,48.3,5.0,22.0,22.61
4056,NC-ECO-056,9005,ppms,Primary Progressive Multiple Sclerosis,MS,2024,226294,52.8,7.7,27.3,22.84
4056,NC-ECO-056,9005,ppms,Primary Progressive Multiple Sclerosis,MS,2025,226294,52.6,12.0,36.5,23.07
4056,NC-ECO-056,9006,hem_a,Hemophilia A,HEM,2021,226294,10.4,2.4,4.0,4.59
4056,NC-ECO-056,9006,hem_a,Hemophilia A,HEM,2022,226294,10.8,1.6,5.1,4.63
4056,NC-ECO-056,9006,hem_a,Hemophilia A,HEM,2023,226294,10.5,2.2,6.0,4.68
4056,NC-ECO-056,9006,hem_a,Hemophilia A,HEM,2024,226294,10.4,1.9,4.7,4.73
4056,NC-ECO-056,9006,hem_a,Hemophilia A,HEM,2025,226294,11.4,1.6,4.6,4.77
4056,NC-ECO-056,9007,sev_asthma,Severe Allergic/Eosinophilic Asthma,RESP,2021,226294,1160.3,175.7,568.5,517.38
4056,NC-ECO-056,9007,sev_asthma,Severe Allergic/Eosinophilic Asthma,RESP,2022,226294,1182.9,165.3,669.6,522.55
4056,NC-ECO-056,9007,sev_asthma,Severe Allergic/Eosinophilic Asthma,RESP,2023,226294,1207.5,329.6,654.5,527.78
4056,NC-ECO-056,9007,sev_asthma,Severe Allergic/Eosinophilic Asthma,RESP,2024,226294,1221.1,286.2,474.5,533.05
4056,NC-ECO-056,9007,sev_asthma,Severe Allergic/Eosinophilic Asthma,RESP,2025,226294,1230.0,244.4,605.4,538.39
4056,NC-ECO-056,9008,her2_bc,HER2-positive Breast Cancer,ONC,2021,226294,81.8,19.1,28.7,34.3
4056,NC-ECO-056,9008,her2_bc,HER2-positive Breast Cancer,ONC,2022,226294,82.2,20.3,31.6,34.64
4056,NC-ECO-056,9008,her2_bc,HER2-positive Breast Cancer,ONC,2023,226294,69.2,12.6,37.5,34.99
4056,NC-ECO-056,9008,her2_bc,HER2-positive Breast Cancer,ONC,2024,226294,76.7,20.2,32.9,35.34
4056,NC-ECO-056,9008,her2_bc,HER2-positive Breast Cancer,ONC,2025,226294,80.5,19.4,39.1,35.69
4057,MI-ECO-057,9001,wet_amd,Wet Age-related Macular Degeneration,OPH,2021,114301,211.1,42.8,146.6,186.39
4057,MI-ECO-057,9001,wet_amd,Wet Age-related Macular Degeneration,OPH,2022,114301,215.4,42.9,94.5,188.25
4057,MI-ECO-057,9001,wet_amd,Wet Age-related Macular Degeneration,OPH,2023,114301,221.8,24.8,137.2,190.14
4057,MI-ECO-057,9001,wet_amd,Wet Age-related Macular Degeneration,OPH,2024,114301,229.1,58.1,156.3,192.04
4057,MI-ECO-057,9001,wet_amd,Wet Age-related Macular Degeneration,OPH,2025,114301,227.8,41.5,90.1,193.96
4057,MI-ECO-057,9002,dme,Diabetic Macular Edema,OPH,2021,114301,392.5,89.1,176.8,326.07
4057,MI-ECO-057,9002,dme,Diabetic Macular Edema,OPH,2022,114301,405.7,62.3,195.1,329.33
4057,MI-ECO-057,9002,dme,Diabetic Macular Edema,OPH,2023,114301,369.4,52.6,211.9,332.63
4057,MI-ECO-057,9002,dme,Diabetic Macular Edema,OPH,2024,114301,389.0,67.3,166.7,335.95
4057,MI-ECO-057,9002,dme,Diabetic Macular Edema,OPH,2025,114301,378.0,55.0,253.3,339.31
4057,MI-ECO-057,9003,rvo,Retinal Vein Occlusion,OPH,2021,114301,113.2,21.5,40.3,112.77
4057,MI-ECO-057,9003,rvo,Retinal Vein Occlusion,OPH,2022,114301,131.1,22.6,82.8,113.9
4057,MI-ECO-057,9003,rvo,Retinal Vein Occlusion,OPH,2023,114301,125.4,31.4,81.4,115.04
4057,MI-ECO-057,9003,rvo,Retinal Vein Occlusion,OPH,2024,114301,138.4,37.2,64.7,116.19
4057,MI-ECO-057,9003,rvo,Retinal Vein Occlusion,OPH,2025,114301,122.0,21.2,56.3,117.35
4057,MI-ECO-057,9004,rrms,Relapsing-Remitting Multiple Sclerosis,MS,2021,114301,111.2,22.3,67.2,97.21
4057,MI-ECO-057,9004,rrms,Relapsing-Remitting Multiple Sclerosis,MS,2022,114301,112.1,18.3,65.7,98.18
4057,MI-ECO-057,9004,rrms,Relapsing-Remitting Multiple Sclerosis,MS,2023,114301,110.3,16.4,52.8,99.16
4057,MI-ECO-057,9004,rrms,Relapsing-Remitting Multiple Sclerosis,MS,2024,114301,107.8,19.1,59.7,100.15
4057,MI-ECO-057,9004,rrms,Relapsing-Remitting Multiple Sclerosis,MS,2025,114301,127.6,18.7,61.6,101.15
4057,MI-ECO-057,9005,ppms,Primary Progressive Multiple Sclerosis,MS,2021,114301,23.5,2.4,11.7,19.05
4057,MI-ECO-057,9005,ppms,Primary Progressive Multiple Sclerosis,MS,2022,114301,21.7,4.7,14.0,19.24
4057,MI-ECO-057,9005,ppms,Primary Progressive Multiple Sclerosis,MS,2023,114301,21.9,4.9,8.1,19.44
4057,MI-ECO-057,9005,ppms,Primary Progressive Multiple Sclerosis,MS,2024,114301,22.0,5.0,12.2,19.63
4057,MI-ECO-057,9005,ppms,Primary Progressive Multiple Sclerosis,MS,2025,114301,24.3,3.2,9.0,19.83
4057,MI-ECO-057,9006,hem_a,Hemophilia A,HEM,2021,114301,5.1,0.9,2.9,4.29
4057,MI-ECO-057,9006,hem_a,Hemophilia A,HEM,2022,114301,4.8,0.6,1.8,4.33
4057,MI-ECO-057,9006,hem_a,Hemophilia A,HEM,2023,114301,4.8,1.1,3.2,4.38
4057,MI-ECO-057,9006,hem_a,Hemophilia A,HEM,2024,114301,4.8,0.7,2.5,4.42
4057,MI-ECO-057,9006,hem_a,Hemophilia A,HEM,2025,114301,4.9,0.8,2.7,4.47
4057,MI-ECO-057,9007,sev_asthma,Severe Allergic/Eosinophilic Asthma,RESP,2021,114301,410.6,78.8,164.9,412.16
4057,MI-ECO-057,9007,sev_asthma,Severe Allergic/Eosinophilic Asthma,RESP,2022,114301,491.6,69.6,179.2,416.28
4057,MI-ECO-057,9007,sev_asthma,Severe Allergic/Eosinophilic Asthma,RESP,2023,114301,443.0,78.2,289.9,420.44
4057,MI-ECO-057,9007,sev_asthma,Severe Allergic/Eosinophilic Asthma,RESP,2024,114301,511.0,82.9,266.4,424.65
4057,MI-ECO-057,9007,sev_asthma,Severe Allergic/Eosinophilic Asthma,RESP,2025,114301,454.0,84.3,266.7,428.89
4057,MI-ECO-057,9008,her2_bc,HER2-positive Breast Cancer,ONC,2021,114301,39.9,4.9,20.3,36.93
4057,MI-ECO-057,9008,her2_bc,HER2-positive Breast Cancer,ONC,2022,114301,41.7,9.0,18.7,37.3
4057,MI-ECO-057,9008,her2_bc,HER2-positive Breast Cancer,ONC,2023,114301,46.1,9.9,31.4,37.67
4057,MI-ECO-057,9008,her2_bc,HER2-positive Breast Cancer,ONC,2024,114301,42.9,10.4,25.0,38.05
4057,MI-ECO-057,9008,her2_bc,HER2-positive Breast Cancer,ONC,2025,114301,40.3,6.8,15.3,38.43
4058,NJ-ECO-058,9001,wet_amd,Wet Age-related Macular Degeneration,OPH,2021,308599,619.0,149.8,406.0,194.88
4058,NJ-ECO-058,9001,wet_amd,Wet Age-related Macular Degeneration,OPH,2022,308599,594.7,103.7,289.6,196.83
4058,NJ-ECO-058,9001,wet_amd,Wet Age-related Macular Degeneration,OPH,2023,308599,627.4,171.6,320.4,198.8
4058,NJ-ECO-058,9001,wet_amd,Wet Age-related Macular Degeneration,OPH,2024,308599,592.2,112.5,270.6,200.79
4058,NJ-ECO-058,9001,wet_amd,Wet Age-related Macular Degeneration,OPH,2025,308599,687.8,137.1,250.2,202.79
4058,NJ-ECO-058,9002,dme,Diabetic Macular Edema,OPH,2021,308599,976.3,205.8,671.6,324.0
4058,NJ-ECO-058,9002,dme,Diabetic Macular Edema,OPH,2022,308599,1026.4,177.1,516.0,327.24
4058,NJ-ECO-058,9002,dme,Diabetic Macular Edema,OPH,2023,308599,958.9,171.2,583.5,330.51
4058,NJ-ECO-058,9002,dme,Diabetic Macular Edema,OPH,2024,308599,1055.6,280.1,628.8,333.81
4058,NJ-ECO-058,9002,dme,Diabetic Macular Edema,OPH,2025,308599,1003.3,150.7,590.7,337.15
4058,NJ-ECO-058,9003,rvo,Retinal Vein Occlusion,OPH,2021,308599,321.8,52.3,176.1,104.48
4058,NJ-ECO-058,9003,rvo,Retinal Vein Occlusion,OPH,2022,308599,331.9,67.2,153.0,105.53
4058,NJ-ECO-058,9003,rvo,Retinal Vein Occlusion,OPH,2023,308599,332.1,47.5,131.7,106.58
4058,NJ-ECO-058,9003,rvo,Retinal Vein Occlusion,OPH,2024,308599,319.5,75.1,218.0,107.65
4058,NJ-ECO-058,9003,rvo,Retinal Vein Occlusion,OPH,2025,308599,354.5,77.7,148.2,108.72
4058,NJ-ECO-058,9004,rrms,Relapsing-Remitting Multiple Sclerosis,MS,2021,308599,288.5,54.5,152.2,88.41
4058,NJ-ECO-058,9004,rrms,Relapsing-Remitting Multiple Sclerosis,MS,2022,308599,245.1,67.7,102.9,89.29
4058,NJ-ECO-058,9004,rrms,Relapsing-Remitting Multiple Sclerosis,MS,2023,308599,255.6,52.0,147.9,90.19
4058,NJ-ECO-058,9004,rrms,Relapsing-Remitting Multiple Sclerosis,MS,2024,308599,249.0,43.7,97.2,91.09
4058,NJ-ECO-058,9004,rrms,Relapsing-Remitting Multiple Sclerosis,MS,2025,308599,277.3,57.6,148.8,92.0
4058,NJ-ECO-058,9005,ppms,Primary Progressive Multiple Sclerosis,MS,2021,308599,69.7,15.3,43.0,22.36
4058,NJ-ECO-058,9005,ppms,Primary Progressive Multiple Sclerosis,MS,2022,308599,67.7,11.5,29.5,22.59
4058,NJ-ECO-058,9005,ppms,Primary Progressive Multiple Sclerosis,MS,2023,308599,69.8,7.0,29.4,22.81
4058,NJ-ECO-058,9005,ppms,Primary Progressive Multiple Sclerosis,MS,2024,308599,72.4,9.7,44.3,23.04
4058,NJ-ECO-058,9005,ppms,Primary Progressive Multiple Sclerosis,MS,2025,308599,70.0,15.4,36.1,23.27
4058,NJ-ECO-058,9006,hem_a,Hemophilia A,HEM,2021,308599,12.9,3.5,6.3,4.51
4058,NJ-ECO-058,9006,hem_a,Hemophilia A,HEM,2022,308599,15.0,3.0,6.7,4.55
4058,NJ-ECO-058,9006,hem_a,Hemophilia A,HEM,2023,308599,13.6,3.2,7.3,4.6
4058,NJ-ECO-058,9006,hem_a,Hemophilia A,HEM,2024,308599,14.5,4.0,5.9,4.65
4058,NJ-ECO-058,9006,hem_a,Hemophilia A,HEM,2025,308599,13.0,3.0,7.0,4.69
4058,NJ-ECO-058,9007,sev_asthma,Severe Allergic/Eosinophilic Asthma,RESP,2021,308599,1290.4,206.3,511.7,414.2
4058,NJ-ECO-058,9007,sev_asthma,Severe Allergic/Eosinophilic Asthma,RESP,2022,308599,1265.9,236.8,855.2,418.34
4058,NJ-ECO-058,9007,sev_asthma,Severe Allergic/Eosinophilic Asthma,RESP,2023,308599,1344.9,304.1,588.1,422.53
4058,NJ-ECO-058,9007,sev_asthma,Severe Allergic/Eosinophilic Asthma,RESP,2024,308599,1385.2,264.5,816.2,426.75
4058,NJ-ECO-058,9007,sev_asthma,Severe Allergic/Eosinophilic Asthma,RESP,2025,308599,1379.3,193.8,889.9,431.02
4058,NJ-ECO-058,9008,her2_bc,HER2-positive Breast Cancer,ONC,2021,308599,107.4,22.9,68.9,35.73
4058,NJ-ECO-058,9008,her2_bc,HER2-positive Breast Cancer,ONC,2022,308599,115.2,11.8,72.7,36.09
4058,NJ-ECO-058,9008,her2_bc,HER2-positive Breast Cancer,ONC,2023,308599,104.3,20.5,57.6,36.45
4058,NJ-ECO-058,9008,her2_bc,HER2-positive Breast Cancer,ONC,2024,308599,123.9,27.7,71.3,36.82
4058,NJ-ECO-058,9008,her2_bc,HER2-positive Breast Cancer,ONC,2025,308599,126.2,26.9,56.6,37.18
4059,VA-ECO-059,9001,wet_amd,Wet Age-related Macular Degeneration,OPH,2021,688963,1552.2,239.1,1009.5,228.11
4059,VA-ECO-059,9001,wet_amd,Wet Age-related Macular Degeneration,OPH,2022,688963,1496.4,151.5,802.6,230.39
4059,VA-ECO-059,9001,wet_amd,Wet Age-related Macular Degeneration,OPH,2023,688963,1596.4,414.7,1017.2,232.69
4059,VA-ECO-059,9001,wet_amd,Wet Age-related Macular Degeneration,OPH,2024,688963,1545.6,231.8,714.9,235.02
4059,VA-ECO-059,9001,wet_amd,Wet Age-related Macular Degeneration,OPH,2025,688963,1589.6,357.2,1034.4,237.37
4059,VA-ECO-059,9002,dme,Diabetic Macular Edema,OPH,2021,688963,2787.8,456.8,1287.8,359.91
4059,VA-ECO-059,9002,dme,Diabetic Macular Edema,OPH,2022,688963,2479.4,251.4,1637.9,363.51
4059,VA-ECO-059,9002,dme,Diabetic Macular Edema,OPH,2023,688963,2541.1,322.0,917.7,367.14
4059,VA-ECO-059,9002,dme,Diabetic Macular Edema,OPH,2024,688963,2546.6,273.2,1361.0,370.81
4059,VA-ECO-059,9002,dme,Diabetic Macular Edema,OPH,2025,688963,2482.2,591.7,1056.9,374.52
4059,VA-ECO-059,9003,rvo,Retinal Vein Occlusion,OPH,2021,688963,877.4,164.4,456.5,129.24
4059,VA-ECO-059,9003,rvo,Retinal Vein Occlusion,OPH,2022,688963,919.0,172.6,565.6,130.53
4059,VA-ECO-059,9003,rvo,Retinal Vein Occlusion,OPH,2023,688963,946.4,238.3,631.6,131.83
4059,VA-ECO-059,9003,rvo,Retinal Vein Occlusion,OPH,2024,688963,883.4,162.5,491.5,133.15
4059,VA-ECO-059,9003,rvo,Retinal Vein Occlusion,OPH,2025,688963,817.1,111.9,367.8,134.48
4059,VA-ECO-059,9004,rrms,Relapsing-Remitting Multiple Sclerosis,MS,2021,688963,736.1,185.4,390.4,110.55
4059,VA-ECO-059,9004,rrms,Relapsing-Remitting Multiple Sclerosis,MS,2022,688963,765.9,176.5,396.2,111.65
4059,VA-ECO-059,9004,rrms,Relapsing-Remitting Multiple Sclerosis,MS,2023,688963,847.7,124.8,357.2,112.77
4059,VA-ECO-059,9004,rrms,Relapsing-Remitting Multiple Sclerosis,MS,2024,688963,813.7,147.2,299.0,113.89
4059,VA-ECO-059,9004,rrms,Relapsing-Remitting Multiple Sclerosis,MS,2025,688963,788.6,193.7,463.9,115.03
4059,VA-ECO-059,9005,ppms,Primary Progressive Multiple Sclerosis,MS,2021,688963,179.2,42.2,88.1,26.84
4059,VA-ECO-059,9005,ppms,Primary Progressive Multiple Sclerosis,MS,2022,688963,204.7,45.4,85.3,27.1
4059,VA-ECO-059,9005,ppms,Primary Progressive Multiple Sclerosis,MS,2023,688963,200.7,46.0,115.4,27.38
4059,VA-ECO-059,9005,ppms,Primary Progressive Multiple Sclerosis,MS,2024,688963,181.5,29.8,98.3,27.65
4059,VA-ECO-059,9005,ppms,Primary Progressive Multiple Sclerosis,MS,2025,688963,192.1,45.8,72.1,27.93
4059,VA-ECO-059,9006,hem_a,Hemophilia A,HEM,2021,688963,26.3,3.6,17.2,3.89
4059,VA-ECO-059,9006,hem_a,Hemophilia A,HEM,2022,688963,26.3,3.4,15.3,3.93
4059,VA-ECO-059,9006,hem_a,Hemophilia A,HEM,2023,688963,25.2,3.6,12.5,3.97
4059,VA-ECO-059,9006,hem_a,Hemophilia A,HEM,2024,688963,27.3,4.8,11.9,4.01
4059,VA-ECO-059,9006,hem_a,Hemophilia A,HEM,2025,688963,27.1,7.1,14.5,4.05
4059,VA-ECO-059,9007,sev_asthma,Severe Allergic/Eosinophilic Asthma,RESP,2021,688963,3622.9,510.1,1576.0,521.47
4059,VA-ECO-059,9007,sev_asthma,Severe Allergic/Eosinophilic Asthma,RESP,2022,688963,3590.1,445.2,1399.5,526.68
4059,VA-ECO-059,9007,sev_asthma,Severe Allergic/Eosinophilic Asthma,RESP,2023,688963,3728.3,389.1,1792.1,531.95
4059,VA-ECO-059,9007,sev_asthma,Severe Allergic/Eosinophilic Asthma,RESP,2024,688963,3762.0,749.4,1586.1,537.27
4059,VA-ECO-059,9007,sev_asthma,Severe Allergic/Eosinophilic Asthma,RESP,2025,688963,3905.5,661.8,1640.7,542.64
4059,VA-ECO-059,9008,her2_bc,HER2-positive Breast Cancer,ONC,2021,688963,270.6,68.2,98.7,40.05
4059,VA-ECO-059,9008,her2_bc,HER2-positive Breast Cancer,ONC,2022,688963,270.3,57.4,133.4,40.45
4059,VA-ECO-059,9008,her2_bc,HER2-positive Breast Cancer,ONC,2023,688963,265.4,67.3,157.9,40.85
4059,VA-ECO-059,9008,her2_bc,HER2-positive Breast Cancer,ONC,2024,688963,292.3,45.9,120.5,41.26
4059,VA-ECO-059,9008,her2_bc,HER2-positive Breast Cancer,ONC,2025,688963,258.1,56.9,149.9,41.67
4060,WA-ECO-060,9001,wet_amd,Wet Age-related Macular Degeneration,OPH,2021,667120,1671.3,341.8,905.9,247.93
4060,WA-ECO-060,9001,wet_amd,Wet Age-related Macular Degeneration,OPH,2022,667120,1689.5,268.3,642.8,250.41
4060,WA-ECO-060,9001,wet_amd,Wet Age-related Macular Degeneration,OPH,2023,667120,1582.3,376.6,688.8,252.91
4060,WA-ECO-060,9001,wet_amd,Wet Age-related Macular Degeneration,OPH,2024,667120,1713.9,363.5,1044.7,255.44
4060,WA-ECO-060,9001,wet_amd,Wet Age-related Macular Degeneration,OPH,2025,667120,1544.5,156.5,978.5,258.0
4060,WA-ECO-060,9002,dme,Diabetic Macular Edema,OPH,2021,667120,1878.4,241.2,1060.5,271.63
4060,WA-ECO-060,9002,dme,Diabetic Macular Edema,OPH,2022,667120,1757.9,420.0,1026.3,274.34
4060,WA-ECO-060,9002,dme,Diabetic Macular Edema,OPH,2023,667120,1840.5,327.1,722.2,277.09
4060,WA-ECO-060,9002,dme,Diabetic Macular Edema,OPH,2024,667120,1870.1,343.6,901.1,279.86
4060,WA-ECO-060,9002,dme,Diabetic Macular Edema,OPH,2025,667120,1857.4,210.9,1009.5,282.66
4060,WA-ECO-060,9003,rvo,Retinal Vein Occlusion,OPH,2021,667120,669.1,119.1,403.5,104.04
4060,WA-ECO-060,9003,rvo,Retinal Vein Occlusion,OPH,2022,667120,708.5,88.1,404.2,105.08
4060,WA-ECO-060,9003,rvo,Retinal Vein Occlusion,OPH,2023,667120,710.7,118.3,338.2,106.13
4060,WA-ECO-060,9003,rvo,Retinal Vein Occlusion,OPH,2024,667120,722.4,165.2,285.1,107.19
4060,WA-ECO-060,9003,rvo,Retinal Vein Occlusion,OPH,2025,667120,701.3,174.7,245.6,108.26
4060,WA-ECO-060,9004,rrms,Relapsing-Remitting Multiple Sclerosis,MS,2021,667120,615.9,135.2,362.2,92.71
4060,WA-ECO-060,9004,rrms,Relapsing-Remitting Multiple Sclerosis,MS,2022,667120,626.1,130.6,235.6,93.64
4060,WA-ECO-060,9004,rrms,Relapsing-Remitting Multiple Sclerosis,MS,2023,667120,665.2,95.8,331.5,94.57
4060,WA-ECO-060,9004,rrms,Relapsing-Remitting Multiple Sclerosis,MS,2024,667120,633.0,91.0,240.2,95.52
4060,WA-ECO-060,9004,rrms,Relapsing-Remitting Multiple Sclerosis,MS,2025,667120,633.5,165.0,441.3,96.47
4060,WA-ECO-060,9005,ppms,Primary Progressive Multiple Sclerosis,MS,2021,667120,117.9,15.1,46.1,18.64
4060,WA-ECO-060,9005,ppms,Primary Progressive Multiple Sclerosis,MS,2022,667120,123.8,34.2,60.4,18.83
4060,WA-ECO-060,9005,ppms,Primary Progressive Multiple Sclerosis,MS,2023,667120,127.9,20.7,72.3,19.02
4060,WA-ECO-060,9005,ppms,Primary Progressive Multiple Sclerosis,MS,2024,667120,132.0,27.1,88.3,19.21
4060,WA-ECO-060,9005,ppms,Primary Progressive Multiple Sclerosis,MS,2025,667120,127.0,27.9,78.3,19.4
4060,WA-ECO-060,9006,hem_a,Hemophilia A,HEM,2021,667120,34.0,7.8,18.9,4.95
4060,WA-ECO-060,9006,hem_a,Hemophilia A,HEM,2022,667120,34.3,8.8,23.0,5.0
4060,WA-ECO-060,9006,hem_a,Hemophilia A,HEM,2023,667120,35.1,7.9,23.0,5.05
4060,WA-ECO-060,9006,hem_a,Hemophilia A,HEM,2024,667120,35.8,4.8,16.4,5.1
4060,WA-ECO-060,9006,hem_a,Hemophilia A,HEM,2025,667120,35.0,4.4,13.2,5.15
4060,WA-ECO-060,9007,sev_asthma,Severe Allergic/Eosinophilic Asthma,RESP,2021,667120,3438.0,364.6,2160.2,528.26
4060,WA-ECO-060,9007,sev_asthma,Severe Allergic/Eosinophilic Asthma,RESP,2022,667120,3828.1,500.2,2082.0,533.54
4060,WA-ECO-060,9007,sev_asthma,Severe Allergic/Eosinophilic Asthma,RESP,2023,667120,3674.9,398.7,2478.8,538.88
4060,WA-ECO-060,9007,sev_asthma,Severe Allergic/Eosinophilic Asthma,RESP,2024,667120,3832.0,503.8,1556.2,544.27
4060,WA-ECO-060,9007,sev_asthma,Severe Allergic/Eosinophilic Asthma,RESP,2025,667120,3885.6,742.5,1423.0,549.71
4060,WA-ECO-060,9008,her2_bc,HER2-positive Breast Cancer,ONC,2021,667120,270.5,44.6,160.8,38.99
4060,WA-ECO-060,9008,her2_bc,HER2-positive Breast Cancer,ONC,2022,667120,262.9,50.9,135.2,39.38
4060,WA-ECO-060,9008,her2_bc,HER2-positive Breast Cancer,ONC,2023,667120,242.0,40.6,104.2,39.77
4060,WA-ECO-060,9008,her2_bc,HER2-positive Breast Cancer,ONC,2024,667120,260.2,30.8,177.0,40.17
4060,WA-ECO-060,9008,her2_bc,HER2-positive Breast Cancer,ONC,2025,667120,274.2,43.1,187.0,40.57
4061,AZ-ECO-061,9001,wet_amd,Wet Age-related Macular Degeneration,OPH,2021,519506,1160.9,303.6,456.8,225.98
4061,AZ-ECO-061,9001,wet_amd,Wet Age-related Macular Degeneration,OPH,2022,519506,1234.0,336.3,695.3,228.24
4061,AZ-ECO-061,9001,wet_amd,Wet Age-related Macular Degeneration,OPH,2023,519506,1238.2,330.9,642.1,230.52
4061,AZ-ECO-061,9001,wet_amd,Wet Age-related Macular Degeneration,OPH,2024,519506,1139.6,130.6,547.8,232.83
4061,AZ-ECO-061,9001,wet_amd,Wet Age-related Macular Degeneration,OPH,2025,519506,1166.5,304.5,677.5,235.15
4061,AZ-ECO-061,9002,dme,Diabetic Macular Edema,OPH,2021,519506,1613.3,286.1,1047.4,334.29
4061,AZ-ECO-061,9002,dme,Diabetic Macular Edema,OPH,2022,519506,1782.7,387.3,867.5,337.64
4061,AZ-ECO-061,9002,dme,Diabetic Macular Edema,OPH,2023,519506,1765.2,385.3,782.4,341.01
4061,AZ-ECO-061,9002,dme,Diabetic Macular Edema,OPH,2024,519506,1791.4,194.6,999.9,344.42
4061,AZ-ECO-061,9002,dme,Diabetic Macular Edema,OPH,2025,519506,1839.6,408.9,903.8,347.87
4061,AZ-ECO-061,9003,rvo,Retinal Vein Occlusion,OPH,2021,519506,617.1,147.5,351.6,125.67
4061,AZ-ECO-061,9003,rvo,Retinal Vein Occlusion,OPH,2022,519506,653.1,141.3,386.2,126.93
4061,AZ-ECO-061,9003,rvo,Retinal Vein Occlusion,OPH,2023,519506,672.8,121.5,273.6,128.2
4061,AZ-ECO-061,9003,rvo,Retinal Vein Occlusion,OPH,2024,519506,662.2,155.4,439.8,129.48
4061,AZ-ECO-061,9003,rvo,Retinal Vein Occlusion,OPH,2025,519506,727.8,189.6,472.0,130.78
4061,AZ-ECO-061,9004,rrms,Relapsing-Remitting Multiple Sclerosis,MS,2021,519506,529.8,141.8,361.9,99.74
4061,AZ-ECO-061,9004,rrms,Relapsing-Remitting Multiple Sclerosis,MS,2022,519506,493.4,130.3,186.2,100.74
4061,AZ-ECO-061,9004,rrms,Relapsing-Remitting Multiple Sclerosis,MS,2023,519506,522.2,63.8,205.4,101.74
4061,AZ-ECO-061,9004,rrms,Relapsing-Remitting Multiple Sclerosis,MS,2024,519506,524.5,88.7,291.1,102.76
4061,AZ-ECO-061,9004,rrms,Relapsing-Remitting Multiple Sclerosis,MS,2025,519506,577.9,136.4,230.6,103.79
4061,AZ-ECO-061,9005,ppms,Primary Progressive Multiple Sclerosis,MS,2021,519506,106.5,26.1,63.1,19.59
4061,AZ-ECO-061,9005,ppms,Primary Progressive Multiple Sclerosis,MS,2022,519506,106.7,14.1,59.2,19.79
4061,AZ-ECO-061,9005,ppms,Primary Progressive Multiple Sclerosis,MS,2023,519506,93.0,18.6,62.2,19.99
4061,AZ-ECO-061,9005,ppms,Primary Progressive Multiple Sclerosis,MS,2024,519506,103.1,12.6,40.8,20.19
4061,AZ-ECO-061,9005,ppms,Primary Progressive Multiple Sclerosis,MS,2025,519506,100.8,14.5,64.3,20.39
4061,AZ-ECO-061,9006,hem_a,Hemophilia A,HEM,2021,519506,26.3,5.8,16.7,4.91
4061,AZ-ECO-061,9006,hem_a,Hemophilia A,HEM,2022,519506,25.1,6.7,17.3,4.96
4061,AZ-ECO-061,9006,hem_a,Hemophilia A,HEM,2023,519506,26.6,3.2,11.3,5.01
4061,AZ-ECO-061,9006,hem_a,Hemophilia A,HEM,2024,519506,26.5,6.2,14.2,5.06
4061,AZ-ECO-061,9006,hem_a,Hemophilia A,HEM,2025,519506,25.7,6.3,16.8,5.11
4061,AZ-ECO-061,9007,sev_asthma,Severe Allergic/Eosinophilic Asthma,RESP,2021,519506,2620.5,550.3,1611.0,484.86
4061,AZ-ECO-061,9007,sev_asthma,Severe Allergic/Eosinophilic Asthma,RESP,2022,519506,2323.5,382.8,927.5,489.71
4061,AZ-ECO-061,9007,sev_asthma,Severe Allergic/Eosinophilic Asthma,RESP,2023,519506,2615.7,407.3,1371.3,494.61
4061,AZ-ECO-061,9007,sev_asthma,Severe Allergic/Eosinophilic Asthma,RESP,2024,519506,2648.7,716.0,1720.0,499.55
4061,AZ-ECO-061,9007,sev_asthma,Severe Allergic/Eosinophilic Asthma,RESP,2025,519506,2579.7,445.5,1033.3,504.55
4061,AZ-ECO-061,9008,her2_bc,HER2-positive Breast Cancer,ONC,2021,519506,193.0,38.4,95.9,37.3
4061,AZ-ECO-061,9008,her2_bc,HER2-positive Breast Cancer,ONC,2022,519506,189.7,43.3,96.5,37.68
4061,AZ-ECO-061,9008,her2_bc,HER2-positive Breast Cancer,ONC,2023,519506,189.0,28.8,104.3,38.05
4061,AZ-ECO-061,9008,her2_bc,HER2-positive Breast Cancer,ONC,2024,519506,208.8,39.0,102.6,38.43
4061,AZ-ECO-061,9008,her2_bc,HER2-positive Breast Cancer,ONC,2025,519506,202.2,20.5,111.8,38.82
4062,MA-ECO-062,9001,wet_amd,Wet Age-related Macular Degeneration,OPH,2021,333373,653.6,173.1,370.2,200.38
4062,MA-ECO-062,9001,wet_amd,Wet Age-related Macular Degeneration,OPH,2022,333373,686.5,82.6,246.3,202.38
4062,MA-ECO-062,9001,wet_amd,Wet Age-related Macular Degeneration,OPH,2023,333373,659.5,78.9,328.5,204.41
4062,MA-ECO-062,9001,wet_amd,Wet Age-related Macular Degeneration,OPH,2024,333373,708.1,80.0,378.8,206.45
4062,MA-ECO-062,9001,wet_amd,Wet Age-related Macular Degeneration,OPH,2025,333373,679.8,91.8,343.1,208.51
4062,MA-ECO-062,9002,dme,Diabetic Macular Edema,OPH,2021,333373,1046.4,242.2,402.7,316.36
4062,MA-ECO-062,9002,dme,Diabetic Macular Edema,OPH,2022,333373,994.5,210.2,353.8,319.52
4062,MA-ECO-062,9002,dme,Diabetic Macular Edema,OPH,2023,333373,1119.0,292.8,686.0,322.72
4062,MA-ECO-062,9002,dme,Diabetic Macular Edema,OPH,2024,333373,1017.6,124.8,553.5,325.94
4062,MA-ECO-062,9002,dme,Diabetic Macular Edema,OPH,2025,333373,1027.9,233.6,713.0,329.2
4062,MA-ECO-062,9003,rvo,Retinal Vein Occlusion,OPH,2021,333373,439.7,70.5,159.4,132.53
4062,MA-ECO-062,9003,rvo,Retinal Vein Occlusion,OPH,2022,333373,471.7,70.0,325.3,133.85
4062,MA-ECO-062,9003,rvo,Retinal Vein Occlusion,OPH,2023,333373,424.5,92.8,150.3,135.19
4062,MA-ECO-062,9003,rvo,Retinal Vein Occlusion,OPH,2024,333373,430.1,96.6,164.0,136.54
4062,MA-ECO-062,9003,rvo,Retinal Vein Occlusion,OPH,2025,333373,456.2,118.3,229.1,137.91
4062,MA-ECO-062,9004,rrms,Relapsing-Remitting Multiple Sclerosis,MS,2021,333373,309.0,75.1,200.6,98.59
4062,MA-ECO-062,9004,rrms,Relapsing-Remitting Multiple Sclerosis,MS,2022,333373,332.3,81.9,136.5,99.57
4062,MA-ECO-062,9004,rrms,Relapsing-Remitting Multiple Sclerosis,MS,2023,333373,361.3,39.6,199.1,100.57
4062,MA-ECO-062,9004,rrms,Relapsing-Remitting Multiple Sclerosis,MS,2024,333373,331.6,59.9,186.9,101.57
4062,MA-ECO-062,9004,rrms,Relapsing-Remitting Multiple Sclerosis,MS,2025,333373,351.6,75.2,165.0,102.59
4062,MA-ECO-062,9005,ppms,Primary Progressive Multiple Sclerosis,MS,2021,333373,77.6,17.8,38.7,25.05
4062,MA-ECO-062,9005,ppms,Primary Progressive Multiple Sclerosis,MS,2022,333373,82.8,10.8,30.2,25.3
4062,MA-ECO-062,9005,ppms,Primary Progressive Multiple Sclerosis,MS,2023,333373,86.6,18.9,40.0,25.55
4062,MA-ECO-062,9005,ppms,Primary Progressive Multiple Sclerosis,MS,2024,333373,75.5,20.0,27.2,25.81
4062,MA-ECO-062,9005,ppms,Primary Progressive Multiple Sclerosis,MS,2025,333373,88.6,15.8,49.4,26.07
4062,MA-ECO-062,9006,hem_a,Hemophilia A,HEM,2021,333373,15.1,3.1,9.4,4.6
4062,MA-ECO-062,9006,hem_a,Hemophilia A,HEM,2022,333373,15.4,3.8,10.0,4.65
4062,MA-ECO-062,9006,hem_a,Hemophilia A,HEM,2023,333373,15.9,3.3,6.8,4.69
4062,MA-ECO-062,9006,hem_a,Hemophilia A,HEM,2024,333373,16.2,2.9,7.2,4.74
4062,MA-ECO-062,9006,hem_a,Hemophilia A,HEM,2025,333373,15.4,4.1,7.8,4.79
4062,MA-ECO-062,9007,sev_asthma,Severe Allergic/Eosinophilic Asthma,RESP,2021,333373,1434.8,246.1,586.2,457.52
4062,MA-ECO-062,9007,sev_asthma,Severe Allergic/Eosinophilic Asthma,RESP,2022,333373,1640.5,390.6,1049.8,462.1
4062,MA-ECO-062,9007,sev_asthma,Severe Allergic/Eosinophilic Asthma,RESP,2023,333373,1496.1,370.1,537.9,466.72
4062,MA-ECO-062,9007,sev_asthma,Severe Allergic/Eosinophilic Asthma,RESP,2024,333373,1474.1,231.3,621.7,471.38
4062,MA-ECO-062,9007,sev_asthma,Severe Allergic/Eosinophilic Asthma,RESP,2025,333373,1388.0,376.9,952.0,476.1
4062,MA-ECO-062,9008,her2_bc,HER2-positive Breast Cancer,ONC,2021,333373,111.8,19.6,54.5,37.01
4062,MA-ECO-062,9008,her2_bc,HER2-positive Breast Cancer,ONC,2022,333373,122.5,12.8,84.4,37.38
4062,MA-ECO-062,9008,her2_bc,HER2-positive Breast Cancer,ONC,2023,333373,141.9,24.4,71.9,37.76
4062,MA-ECO-062,9008,her2_bc,HER2-positive Breast Cancer,ONC,2024,333373,117.8,22.5,50.6,38.14
4062,MA-ECO-062,9008,her2_bc,HER2-positive Breast Cancer,ONC,2025,333373,120.7,27.8,48.0,38.52
4063,TN-ECO-063,9001,wet_amd,Wet Age-related Macular Degeneration,OPH,2021,381320,945.6,244.3,378.1,242.52
4063,TN-ECO-063,9001,wet_amd,Wet Age-related Macular Degeneration,OPH,2022,381320,931.9,178.3,588.5,244.95
4063,TN-ECO-063,9001,wet_amd,Wet Age-related Macular Degeneration,OPH,2023,381320,940.3,156.0,649.1,247.4
4063,TN-ECO-063,9001,wet_amd,Wet Age-related Macular Degeneration,OPH,2024,381320,893.1,181.5,355.6,249.87
4063,TN-ECO-063,9001,wet_amd,Wet Age-related Macular Degeneration,OPH,2025,381320,974.9,193.7,598.1,252.37
4063,TN-ECO-063,9002,dme,Diabetic Macular Edema,OPH,2021,381320,1579.1,376.5,668.6,410.12
4063,TN-ECO-063,9002,dme,Diabetic Macular Edema,OPH,2022,381320,1623.6,443.9,774.4,414.22
4063,TN-ECO-063,9002,dme,Diabetic Macular Edema,OPH,2023,381320,1564.0,327.8,931.5,418.36
4063,TN-ECO-063,9002,dme,Diabetic Macular Edema,OPH,2024,381320,1602.3,205.3,867.8,422.54
4063,TN-ECO-063,9002,dme,Diabetic Macular Edema,OPH,2025,381320,1671.9,208.3,1134.9,426.77
4063,TN-ECO-063,9003,rvo,Retinal Vein Occlusion,OPH,2021,381320,471.8,49.7,264.7,130.66
4063,TN-ECO-063,9003,rvo,Retinal Vein Occlusion,OPH,2022,381320,522.6,78.9,317.0,131.97
4063,TN-ECO-063,9003,rvo,Retinal Vein Occlusion,OPH,2023,381320,545.2,98.5,279.3,133.29
4063,TN-ECO-063,9003,rvo,Retinal Vein Occlusion,OPH,2024,381320,566.3,138.1,323.1,134.62
4063,TN-ECO-063,9003,rvo,Retinal Vein Occlusion,OPH,2025,381320,534.1,117.8,190.3,135.97
4063,TN-ECO-063,9004,rrms,Relapsing-Remitting Multiple Sclerosis,MS,2021,381320,438.5,50.3,249.6,114.65
4063,TN-ECO-063,9004,rrms,Relapsing-Remitting Multiple Sclerosis,MS,2022,381320,432.6,95.3,262.1,115.8
4063,TN-ECO-063,9004,rrms,Relapsing-Remitting Multiple Sclerosis,MS,2023,381320,459.6,103.6,234.4,116.96
4063,TN-ECO-063,9004,rrms,Relapsing-Remitting Multiple Sclerosis,MS,2024,381320,408.0,83.8,229.1,118.13
4063,TN-ECO-063,9004,rrms,Relapsing-Remitting Multiple Sclerosis,MS,2025,381320,400.6,62.2,230.9,119.31
4063,TN-ECO-063,9005,ppms,Primary Progressive Multiple Sclerosis,MS,2021,381320,81.9,18.5,40.2,23.24
4063,TN-ECO-063,9005,ppms,Primary Progressive Multiple Sclerosis,MS,2022,381320,81.5,15.2,54.1,23.48
4063,TN-ECO-063,9005,ppms,Primary Progressive Multiple Sclerosis,MS,2023,381320,91.1,20.2,38.2,23.71
4063,TN-ECO-063,9005,ppms,Primary Progressive Multiple Sclerosis,MS,2024,381320,94.5,19.8,44.5,23.95
4063,TN-ECO-063,9005,ppms,Primary Progressive Multiple Sclerosis,MS,2025,381320,89.7,18.3,46.0,24.19
4063,TN-ECO-063,9006,hem_a,Hemophilia A,HEM,2021,381320,16.1,2.3,10.4,4.25
4063,TN-ECO-063,9006,hem_a,Hemophilia A,HEM,2022,381320,16.3,3.9,10.4,4.29
4063,TN-ECO-063,9006,hem_a,Hemophilia A,HEM,2023,381320,16.0,1.8,7.2,4.33
4063,TN-ECO-063,9006,hem_a,Hemophilia A,HEM,2024,381320,17.5,3.0,6.7,4.37
4063,TN-ECO-063,9006,hem_a,Hemophilia A,HEM,2025,381320,17.3,4.6,7.3,4.42
4063,TN-ECO-063,9007,sev_asthma,Severe Allergic/Eosinophilic Asthma,RESP,2021,381320,1715.9,466.1,1094.8,470.55
4063,TN-ECO-063,9007,sev_asthma,Severe Allergic/Eosinophilic Asthma,RESP,2022,381320,1783.9,197.5,1169.7,475.26
4063,TN-ECO-063,9007,sev_asthma,Severe Allergic/Eosinophilic Asthma,RESP,2023,381320,1633.6,417.0,1038.3,480.01
4063,TN-ECO-063,9007,sev_asthma,Severe Allergic/Eosinophilic Asthma,RESP,2024,381320,1901.8,217.3,985.7,484.81
4063,TN-ECO-063,9007,sev_asthma,Severe Allergic/Eosinophilic Asthma,RESP,2025,381320,1979.0,330.0,1166.9,489.66
4063,TN-ECO-063,9008,her2_bc,HER2-positive Breast Cancer,ONC,2021,381320,168.1,46.7,90.5,45.41
4063,TN-ECO-063,9008,her2_bc,HER2-positive Breast Cancer,ONC,2022,381320,180.8,44.6,87.2,45.87
4063,TN-ECO-063,9008,her2_bc,HER2-positive Breast Cancer,ONC,2023,381320,179.1,44.4,72.5,46.32
4063,TN-ECO-063,9008,her2_bc,HER2-positive Breast Cancer,ONC,2024,381320,182.1,27.1,121.3,46.79
4063,TN-ECO-063,9008,her2_bc,HER2-positive Breast Cancer,ONC,2025,381320,184.5,47.2,97.9,47.26
4064,IN-ECO-064,9001,wet_amd,Wet Age-related Macular Degeneration,OPH,2021,339080,687.8,104.2,465.4,210.74
4064,IN-ECO-064,9001,wet_amd,Wet Age-related Macular Degeneration,OPH,2022,339080,744.2,201.0,403.3,212.85
4064,IN-ECO-064,9001,wet_amd,Wet Age-related Macular Degeneration,OPH,2023,339080,767.6,189.9,272.6,214.98
4064,IN-ECO-064,9001,wet_amd,Wet Age-related Macular Degeneration,OPH,2024,339080,730.8,187.1,428.0,217.13
4064,IN-ECO-064,9001,wet_amd,Wet Age-related Macular Degeneration,OPH,2025,339080,754.9,109.6,391.5,219.3
4064,IN-ECO-064,9002,dme,Diabetic Macular Edema,OPH,2021,339080,1041.2,116.1,727.9,301.76
4064,IN-ECO-064,9002,dme,Diabetic Macular Edema,OPH,2022,339080,1055.1,216.4,532.2,304.78
4064,IN-ECO-064,9002,dme,Diabetic Macular Edema,OPH,2023,339080,1048.6,196.1,661.7,307.83
4064,IN-ECO-064,9002,dme,Diabetic Macular Edema,OPH,2024,339080,1068.9,153.8,523.1,310.9
4064,IN-ECO-064,9002,dme,Diabetic Macular Edema,OPH,2025,339080,1105.7,290.4,624.8,314.01
4064,IN-ECO-064,9003,rvo,Retinal Vein Occlusion,OPH,2021,339080,423.4,57.8,150.0,118.64
4064,IN-ECO-064,9003,rvo,Retinal Vein Occlusion,OPH,2022,339080,413.6,64.1,230.6,119.83
4064,IN-ECO-064,9003,rvo,Retinal Vein Occlusion,OPH,2023,339080,409.8,59.5,143.9,121.03
4064,IN-ECO-064,9003,rvo,Retinal Vein Occlusion,OPH,2024,339080,436.9,121.0,235.3,122.24
4064,IN-ECO-064,9003,rvo,Retinal Vein Occlusion,OPH,2025,339080,432.8,99.4,164.5,123.46
4064,IN-ECO-064,9004,rrms,Relapsing-Remitting Multiple Sclerosis,MS,2021,339080,320.6,70.2,158.9,92.97
4064,IN-ECO-064,9004,rrms,Relapsing-Remitting Multiple Sclerosis,MS,2022,339080,329.4,81.2,150.3,93.9
4064,IN-ECO-064,9004,rrms,Relapsing-Remitting Multiple Sclerosis,MS,2023,339080,295.4,69.0,107.3,94.84
4064,IN-ECO-064,9004,rrms,Relapsing-Remitting Multiple Sclerosis,MS,2024,339080,317.7,82.1,212.8,95.78
4064,IN-ECO-064,9004,rrms,Relapsing-Remitting Multiple Sclerosis,MS,2025,339080,316.2,44.0,168.5,96.74
4064,IN-ECO-064,9005,ppms,Primary Progressive Multiple Sclerosis,MS,2021,339080,70.0,7.5,31.0,20.11
4064,IN-ECO-064,9005,ppms,Primary Progressive Multiple Sclerosis,MS,2022,339080,71.5,17.3,30.0,20.32
4064,IN-ECO-064,9005,ppms,Primary Progressive Multiple Sclerosis,MS,2023,339080,70.7,15.3,44.0,20.52
4064,IN-ECO-064,9005,ppms,Primary Progressive Multiple Sclerosis,MS,2024,339080,70.6,11.2,24.7,20.72
4064,IN-ECO-064,9005,ppms,Primary Progressive Multiple Sclerosis,MS,2025,339080,74.5,14.7,41.9,20.93
4064,IN-ECO-064,9006,hem_a,Hemophilia A,HEM,2021,339080,15.5,3.1,7.6,4.48
4064,IN-ECO-064,9006,hem_a,Hemophilia A,HEM,2022,339080,15.5,2.2,8.7,4.53
4064,IN-ECO-064,9006,hem_a,Hemophilia A,HEM,2023,339080,15.8,4.0,10.1,4.57
4064,IN-ECO-064,9006,hem_a,Hemophilia A,HEM,2024,339080,14.5,3.7,7.4,4.62
4064,IN-ECO-064,9006,hem_a,Hemophilia A,HEM,2025,339080,15.1,2.6,9.8,4.66
4064,IN-ECO-064,9007,sev_asthma,Severe Allergic/Eosinophilic Asthma,RESP,2021,339080,1887.1,233.9,1153.2,505.24
4064,IN-ECO-064,9007,sev_asthma,Severe Allergic/Eosinophilic Asthma,RESP,2022,339080,1759.3,210.0,1065.0,510.29
4064,IN-ECO-064,9007,sev_asthma,Severe Allergic/Eosinophilic Asthma,RESP,2023,339080,1678.8,443.6,694.0,515.39
4064,IN-ECO-064,9007,sev_asthma,Severe Allergic/Eosinophilic Asthma,RESP,2024,339080,1786.7,248.7,1193.8,520.55
4064,IN-ECO-064,9007,sev_asthma,Severe Allergic/Eosinophilic Asthma,RESP,2025,339080,1884.3,511.3,678.7,525.75
4064,IN-ECO-064,9008,her2_bc,HER2-positive Breast Cancer,ONC,2021,339080,105.3,21.0,58.1,31.34
4064,IN-ECO-064,9008,her2_bc,HER2-positive Breast Cancer,ONC,2022,339080,100.1,17.6,58.4,31.66
4064,IN-ECO-064,9008,her2_bc,HER2-positive Breast Cancer,ONC,2023,339080,111.5,28.5,67.0,31.97
4064,IN-ECO-064,9008,her2_bc,HER2-positive Breast Cancer,ONC,2024,339080,106.9,24.5,62.1,32.29
4064,IN-ECO-064,9008,her2_bc,HER2-positive Breast Cancer,ONC,2025,339080,107.5,14.1,61.3,32.62
4065,MO-ECO-065,9001,wet_amd,Wet Age-related Macular Degeneration,OPH,2021,283210,498.7,108.2,223.8,163.21
4065,MO-ECO-065,9001,wet_amd,Wet Age-related Macular Degeneration,OPH,2022,283210,472.9,125.6,283.3,164.85
4065,MO-ECO-065,9001,wet_amd,Wet Age-related Macular Degeneration,OPH,2023,283210,505.2,116.0,344.2,166.49
4065,MO-ECO-065,9001,wet_amd,Wet Age-related Macular Degeneration,OPH,2024,283210,466.7,65.2,277.0,168.16
4065,MO-ECO-065,9001,wet_amd,Wet Age-related Macular Degeneration,OPH,2025,283210,464.7,78.5,194.0,169.84
4065,MO-ECO-065,9002,dme,Diabetic Macular Edema,OPH,2021,283210,770.3,124.8,361.9,257.62
4065,MO-ECO-065,9002,dme,Diabetic Macular Edema,OPH,2022,283210,786.9,184.1,305.1,260.19
4065,MO-ECO-065,9002,dme,Diabetic Macular Edema,OPH,2023,283210,765.6,195.0,462.5,262.8
4065,MO-ECO-065,9002,dme,Diabetic Macular Edema,OPH,2024,283210,771.9,181.1,444.0,265.42
4065,MO-ECO-065,9002,dme,Diabetic Macular Edema,OPH,2025,283210,708.3,83.6,275.6,268.08
4065,MO-ECO-065,9003,rvo,Retinal Vein Occlusion,OPH,2021,283210,258.6,59.4,98.8,94.59
4065,MO-ECO-065,9003,rvo,Retinal Vein Occlusion,OPH,2022,283210,274.9,73.2,131.1,95.53
4065,MO-ECO-065,9003,rvo,Retinal Vein Occlusion,OPH,2023,283210,273.0,53.7,127.9,96.49
4065,MO-ECO-065,9003,rvo,Retinal Vein Occlusion,OPH,2024,283210,286.1,69.4,190.1,97.45
4065,MO-ECO-065,9003,rvo,Retinal Vein Occlusion,OPH,2025,283210,289.5,77.3,133.7,98.43
4065,MO-ECO-065,9004,rrms,Relapsing-Remitting Multiple Sclerosis,MS,2021,283210,224.1,45.6,90.7,75.61
4065,MO-ECO-065,9004,rrms,Relapsing-Remitting Multiple Sclerosis,MS,2022,283210,208.7,36.7,85.1,76.36
4065,MO-ECO-065,9004,rrms,Relapsing-Remitting Multiple Sclerosis,MS,2023,283210,208.7,21.1,93.8,77.13
4065,MO-ECO-065,9004,rrms,Relapsing-Remitting Multiple Sclerosis,MS,2024,283210,227.0,33.3,158.2,77.9
4065,MO-ECO-065,9004,rrms,Relapsing-Remitting Multiple Sclerosis,MS,2025,283210,226.7,52.8,126.3,78.68
4065,MO-ECO-065,9005,ppms,Primary Progressive Multiple Sclerosis,MS,2021,283210,49.3,7.0,18.8,17.81
4065,MO-ECO-065,9005,ppms,Primary Progressive Multiple Sclerosis,MS,2022,283210,53.8,10.1,24.0,17.99
4065,MO-ECO-065,9005,ppms,Primary Progressive Multiple Sclerosis,MS,2023,283210,50.8,8.0,25.1,18.17
4065,MO-ECO-065,9005,ppms,Primary Progressive Multiple Sclerosis,MS,2024,283210,51.5,14.1,31.5,18.35
4065,MO-ECO-065,9005,ppms,Primary Progressive Multiple Sclerosis,MS,2025,283210,54.4,5.6,32.0,18.54
4065,MO-ECO-065,9006,hem_a,Hemophilia A,HEM,2021,283210,14.3,2.9,8.4,4.91
4065,MO-ECO-065,9006,hem_a,Hemophilia A,HEM,2022,283210,13.7,2.1,7.3,4.96
4065,MO-ECO-065,9006,hem_a,Hemophilia A,HEM,2023,283210,13.8,3.5,5.2,5.0
4065,MO-ECO-065,9006,hem_a,Hemophilia A,HEM,2024,283210,15.3,3.7,6.1,5.05
4065,MO-ECO-065,9006,hem_a,Hemophilia A,HEM,2025,283210,14.0,2.6,8.4,5.11
4065,MO-ECO-065,9007,sev_asthma,Severe Allergic/Eosinophilic Asthma,RESP,2021,283210,1260.3,274.3,563.9,414.0
4065,MO-ECO-065,9007,sev_asthma,Severe Allergic/Eosinophilic Asthma,RESP,2022,283210,1205.6,215.6,743.3,418.14
4065,MO-ECO-065,9007,sev_asthma,Severe Allergic/Eosinophilic Asthma,RESP,2023,283210,1097.0,232.7,683.8,422.32
4065,MO-ECO-065,9007,sev_asthma,Severe Allergic/Eosinophilic Asthma,RESP,2024,283210,1105.6,142.8,601.8,426.54
4065,MO-ECO-065,9007,sev_asthma,Severe Allergic/Eosinophilic Asthma,RESP,2025,283210,1218.8,223.7,592.9,430.81
4065,MO-ECO-065,9008,her2_bc,HER2-positive Breast Cancer,ONC,2021,283210,100.0,26.2,47.4,34.04
4065,MO-ECO-065,9008,her2_bc,HER2-positive Breast Cancer,ONC,2022,283210,97.6,25.6,40.5,34.38
4065,MO-ECO-065,9008,her2_bc,HER2-positive Breast Cancer,ONC,2023,283210,102.5,27.9,70.5,34.73
4065,MO-ECO-065,9008,her2_bc,HER2-positive Breast Cancer,ONC,2024,283210,99.9,10.0,42.6,35.08
4065,MO-ECO-065,9008,her2_bc,HER2-positive Breast Cancer,ONC,2025,283210,91.2,16.5,45.2,35.43
4066,MD-ECO-066,9001,wet_amd,Wet Age-related Macular Degeneration,OPH,2021,387187,786.3,205.0,465.2,215.99
4066,MD-ECO-066,9001,wet_amd,Wet Age-related Macular Degeneration,OPH,2022,387187,829.8,222.9,511.8,218.15
4066,MD-ECO-066,9001,wet_amd,Wet Age-related Macular Degeneration,OPH,2023,387187,849.2,107.2,564.8,220.33
4066,MD-ECO-066,9001,wet_amd,Wet Age-related Macular Degeneration,OPH,2024,387187,853.6,103.6,518.4,222.53
4066,MD-ECO-066,9001,wet_amd,Wet Age-related Macular Degeneration,OPH,2025,387187,774.1,167.2,521.1,224.76
4066,MD-ECO-066,9002,dme,Diabetic Macular Edema,OPH,2021,387187,1273.0,150.8,779.9,326.95
4066,MD-ECO-066,9002,dme,Diabetic Macular Edema,OPH,2022,387187,1403.5,209.2,517.3,330.22
4066,MD-ECO-066,9002,dme,Diabetic Macular Edema,OPH,2023,387187,1147.8,217.4,504.2,333.53
4066,MD-ECO-066,9002,dme,Diabetic Macular Edema,OPH,2024,387187,1300.4,192.0,879.6,336.86
4066,MD-ECO-066,9002,dme,Diabetic Macular Edema,OPH,2025,387187,1191.2,142.3,532.0,340.23
4066,MD-ECO-066,9003,rvo,Retinal Vein Occlusion,OPH,2021,387187,451.3,63.6,291.7,122.26
4066,MD-ECO-066,9003,rvo,Retinal Vein Occlusion,OPH,2022,387187,456.0,121.2,226.6,123.48
4066,MD-ECO-066,9003,rvo,Retinal Vein Occlusion,OPH,2023,387187,494.6,76.4,311.0,124.72
4066,MD-ECO-066,9003,rvo,Retinal Vein Occlusion,OPH,2024,387187,525.3,143.3,311.0,125.97
4066,MD-ECO-066,9003,rvo,Retinal Vein Occlusion,OPH,2025,387187,496.3,66.5,304.1,127.23
4066,MD-ECO-066,9004,rrms,Relapsing-Remitting Multiple Sclerosis,MS,2021,387187,393.9,82.1,158.0,100.74
4066,MD-ECO-066,9004,rrms,Relapsing-Remitting Multiple Sclerosis,MS,2022,387187,359.5,75.3,192.1,101.75
4066,MD-ECO-066,9004,rrms,Relapsing-Remitting Multiple Sclerosis,MS,2023,387187,410.5,99.5,192.6,102.76
4066,MD-ECO-066,9004,rrms,Relapsing-Remitting Multiple Sclerosis,MS,2024,387187,365.9,60.8,223.1,103.79
4066,MD-ECO-066,9004,rrms,Relapsing-Remitting Multiple Sclerosis,MS,2025,387187,404.2,68.4,150.5,104.83
4066,MD-ECO-066,9005,ppms,Primary Progressive Multiple Sclerosis,MS,2021,387187,89.1,20.0,61.5,23.54
4066,MD-ECO-066,9005,ppms,Primary Progressive Multiple Sclerosis,MS,2022,387187,90.3,20.1,43.3,23.77
4066,MD-ECO-066,9005,ppms,Primary Progressive Multiple Sclerosis,MS,2023,387187,88.6,22.9,54.6,24.01
4066,MD-ECO-066,9005,ppms,Primary Progressive Multiple Sclerosis,MS,2024,387187,102.3,19.0,43.7,24.25
4066,MD-ECO-066,9005,ppms,Primary Progressive Multiple Sclerosis,MS,2025,387187,87.8,23.6,46.6,24.49
4066,MD-ECO-066,9006,hem_a,Hemophilia A,HEM,2021,387187,17.1,2.9,10.9,4.41
4066,MD-ECO-066,9006,hem_a,Hemophilia A,HEM,2022,387187,16.5,2.1,7.1,4.45
4066,MD-ECO-066,9006,hem_a,Hemophilia A,HEM,2023,387187,17.2,2.3,10.5,4.5
4066,MD-ECO-066,9006,hem_a,Hemophilia A,HEM,2024,387187,16.8,2.5,9.6,4.54
4066,MD-ECO-066,9006,hem_a,Hemophilia A,HEM,2025,387187,16.9,2.9,7.3,4.59
4066,MD-ECO-066,9007,sev_asthma,Severe Allergic/Eosinophilic Asthma,RESP,2021,387187,1797.2,265.0,750.0,466.7
4066,MD-ECO-066,9007,sev_asthma,Severe Allergic/Eosinophilic Asthma,RESP,2022,387187,1923.4,430.6,1321.2,471.37
4066,MD-ECO-066,9007,sev_asthma,Severe Allergic/Eosinophilic Asthma,RESP,2023,387187,1803.9,383.3,788.0,476.08
4066,MD-ECO-066,9007,sev_asthma,Severe Allergic/Eosinophilic Asthma,RESP,2024,387187,1855.2,432.2,1248.0,480.84
4066,MD-ECO-066,9007,sev_asthma,Severe Allergic/Eosinophilic Asthma,RESP,2025,387187,1874.9,448.9,1197.3,485.65
4066,MD-ECO-066,9008,her2_bc,HER2-positive Breast Cancer,ONC,2021,387187,165.6,43.9,106.9,41.24
4066,MD-ECO-066,9008,her2_bc,HER2-positive Breast Cancer,ONC,2022,387187,164.7,26.7,96.6,41.65
4066,MD-ECO-066,9008,her2_bc,HER2-positive Breast Cancer,ONC,2023,387187,145.3,37.3,97.6,42.07
4066,MD-ECO-066,9008,her2_bc,HER2-positive Breast Cancer,ONC,2024,387187,162.9,29.7,73.2,42.49
4066,MD-ECO-066,9008,her2_bc,HER2-positive Breast Cancer,ONC,2025,387187,171.5,21.9,109.7,42.91
4067,CO-ECO-067,9001,wet_amd,Wet Age-related Macular Degeneration,OPH,2021,649986,1026.8,214.7,636.8,158.92
4067,CO-ECO-067,9001,wet_amd,Wet Age-related Macular Degeneration,OPH,2022,649986,1092.6,301.5,462.6,160.51
4067,CO-ECO-067,9001,wet_amd,Wet Age-related Macular Degeneration,OPH,2023,649986,1039.5,158.1,396.4,162.11
4067,CO-ECO-067,9001,wet_amd,Wet Age-related Macular Degeneration,OPH,2024,649986,949.5,158.3,367.6,163.73
4067,CO-ECO-067,9001,wet_amd,Wet Age-related Macular Degeneration,OPH,2025,649986,1056.0,203.3,711.1,165.37
4067,CO-ECO-067,9002,dme,Diabetic Macular Edema,OPH,2021,649986,1709.6,290.4,771.2,268.98
4067,CO-ECO-067,9002,dme,Diabetic Macular Edema,OPH,2022,649986,1788.1,180.6,831.1,271.67
4067,CO-ECO-067,9002,dme,Diabetic Macular Edema,OPH,2023,649986,1702.4,283.6,1065.4,274.39
4067,CO-ECO-067,9002,dme,Diabetic Macular Edema,OPH,2024,649986,1805.7,424.6,1105.3,277.13
4067,CO-ECO-067,9002,dme,Diabetic Macular Edema,OPH,2025,649986,1842.3,458.1,1069.3,279.91
4067,CO-ECO-067,9003,rvo,Retinal Vein Occlusion,OPH,2021,649986,619.9,158.8,279.0,96.61
4067,CO-ECO-067,9003,rvo,Retinal Vein Occlusion,OPH,2022,649986,635.6,131.8,225.7,97.58
4067,CO-ECO-067,9003,rvo,Retinal Vein Occlusion,OPH,2023,649986,623.3,102.1,277.3,98.55
4067,CO-ECO-067,9003,rvo,Retinal Vein Occlusion,OPH,2024,649986,571.4,105.2,321.4,99.54
4067,CO-ECO-067,9003,rvo,Retinal Vein Occlusion,OPH,2025,649986,696.8,121.1,314.4,100.53
4067,CO-ECO-067,9004,rrms,Relapsing-Remitting Multiple Sclerosis,MS,2021,649986,503.7,74.2,178.6,74.94
4067,CO-ECO-067,9004,rrms,Relapsing-Remitting Multiple Sclerosis,MS,2022,649986,490.0,55.6,256.2,75.69
4067,CO-ECO-067,9004,rrms,Relapsing-Remitting Multiple Sclerosis,MS,2023,649986,482.4,69.6,175.9,76.45
4067,CO-ECO-067,9004,rrms,Relapsing-Remitting Multiple Sclerosis,MS,2024,649986,539.6,92.9,271.7,77.21
4067,CO-ECO-067,9004,rrms,Relapsing-Remitting Multiple Sclerosis,MS,2025,649986,544.2,120.2,342.0,77.98
4067,CO-ECO-067,9005,ppms,Primary Progressive Multiple Sclerosis,MS,2021,649986,106.3,27.7,56.8,16.25
4067,CO-ECO-067,9005,ppms,Primary Progressive Multiple Sclerosis,MS,2022,649986,108.5,13.1,72.5,16.41
4067,CO-ECO-067,9005,ppms,Primary Progressive Multiple Sclerosis,MS,2023,649986,104.3,15.2,55.5,16.58
4067,CO-ECO-067,9005,ppms,Primary Progressive Multiple Sclerosis,MS,2024,649986,100.1,15.5,38.1,16.74
4067,CO-ECO-067,9005,ppms,Primary Progressive Multiple Sclerosis,MS,2025,649986,110.4,28.0,49.8,16.91
4067,CO-ECO-067,9006,hem_a,Hemophilia A,HEM,2021,649986,25.5,4.4,11.1,4.07
4067,CO-ECO-067,9006,hem_a,Hemophilia A,HEM,2022,649986,25.5,4.0,16.6,4.11
4067,CO-ECO-067,9006,hem_a,Hemophilia A,HEM,2023,649986,28.6,7.5,12.1,4.15
4067,CO-ECO-067,9006,hem_a,Hemophilia A,HEM,2024,649986,27.8,7.2,12.2,4.19
4067,CO-ECO-067,9006,hem_a,Hemophilia A,HEM,2025,649986,28.0,6.9,15.9,4.24
4067,CO-ECO-067,9007,sev_asthma,Severe Allergic/Eosinophilic Asthma,RESP,2021,649986,3178.7,681.9,1119.6,461.0
4067,CO-ECO-067,9007,sev_asthma,Severe Allergic/Eosinophilic Asthma,RESP,2022,649986,2944.3,800.5,1773.8,465.61
4067,CO-ECO-067,9007,sev_asthma,Severe Allergic/Eosinophilic Asthma,RESP,2023,649986,2893.6,516.8,1454.3,470.27
4067,CO-ECO-067,9007,sev_asthma,Severe Allergic/Eosinophilic Asthma,RESP,2024,649986,3118.7,568.6,1606.4,474.97
4067,CO-ECO-067,9007,sev_asthma,Severe Allergic/Eosinophilic Asthma,RESP,2025,649986,3220.2,751.8,1442.3,479.72
4067,CO-ECO-067,9008,her2_bc,HER2-positive Breast Cancer,ONC,2021,649986,210.1,22.0,117.2,30.99
4067,CO-ECO-067,9008,her2_bc,HER2-positive Breast Cancer,ONC,2022,649986,194.8,31.3,116.4,31.3
4067,CO-ECO-067,9008,her2_bc,HER2-positive Breast Cancer,ONC,2023,649986,214.1,25.3,122.2,31.61
4067,CO-ECO-067,9008,her2_bc,HER2-positive Breast Cancer,ONC,2024,649986,190.6,32.6,111.1,31.93
4067,CO-ECO-067,9008,her2_bc,HER2-positive Breast Cancer,ONC,2025,649986,213.7,54.9,136.4,32.25
4068,MN-ECO-068,9001,wet_amd,Wet Age-related Macular Degeneration,OPH,2021,363092,743.6,105.5,266.9,225.08
4068,MN-ECO-068,9001,wet_amd,Wet Age-related Macular Degeneration,OPH,2022,363092,738.5,196.0,344.2,227.33
4068,MN-ECO-068,9001,wet_amd,Wet Age-related Macular Degeneration,OPH,2023,363092,884.7,120.1,544.2,229.6
4068,MN-ECO-068,9001,wet_amd,Wet Age-related Macular Degeneration,OPH,2024,363092,787.3,92.8,449.8,231.9
4068,MN-ECO-068,9001,wet_amd,Wet Age-related Macular Degeneration,OPH,2025,363092,851.2,202.5,500.9,234.21
4068,MN-ECO-068,9002,dme,Diabetic Macular Edema,OPH,2021,363092,1357.7,265.2,919.1,361.36
4068,MN-ECO-068,9002,dme,Diabetic Macular Edema,OPH,2022,363092,1362.6,329.7,618.4,364.97
4068,MN-ECO-068,9002,dme,Diabetic Macular Edema,OPH,2023,363092,1296.6,181.5,553.7,368.62
4068,MN-ECO-068,9002,dme,Diabetic Macular Edema,OPH,2024,363092,1437.8,255.4,828.7,372.31
4068,MN-ECO-068,9002,dme,Diabetic Macular Edema,OPH,2025,363092,1257.3,226.4,603.2,376.03
4068,MN-ECO-068,9003,rvo,Retinal Vein Occlusion,OPH,2021,363092,494.7,133.4,339.3,125.17
4068,MN-ECO-068,9003,rvo,Retinal Vein Occlusion,OPH,2022,363092,473.4,101.9,267.5,126.42
4068,MN-ECO-068,9003,rvo,Retinal Vein Occlusion,OPH,2023,363092,458.8,90.1,313.4,127.69
4068,MN-ECO-068,9003,rvo,Retinal Vein Occlusion,OPH,2024,363092,480.8,122.0,224.5,128.96
4068,MN-ECO-068,9003,rvo,Retinal Vein Occlusion,OPH,2025,363092,489.8,110.4,306.3,130.25
4068,MN-ECO-068,9004,rrms,Relapsing-Remitting Multiple Sclerosis,MS,2021,363092,361.8,39.6,195.6,96.77
4068,MN-ECO-068,9004,rrms,Relapsing-Remitting Multiple Sclerosis,MS,2022,363092,371.5,50.8,170.7,97.73
4068,MN-ECO-068,9004,rrms,Relapsing-Remitting Multiple Sclerosis,MS,2023,363092,360.1,67.4,149.8,98.71
4068,MN-ECO-068,9004,rrms,Relapsing-Remitting Multiple Sclerosis,MS,2024,363092,365.9,95.5,250.0,99.7
4068,MN-ECO-068,9004,rrms,Relapsing-Remitting Multiple Sclerosis,MS,2025,363092,372.8,76.6,198.0,100.7
4068,MN-ECO-068,9005,ppms,Primary Progressive Multiple Sclerosis,MS,2021,363092,71.5,14.4,27.2,19.98
4068,MN-ECO-068,9005,ppms,Primary Progressive Multiple Sclerosis,MS,2022,363092,80.3,16.8,52.6,20.18
4068,MN-ECO-068,9005,ppms,Primary Progressive Multiple Sclerosis,MS,2023,363092,70.4,15.3,45.6,20.38
4068,MN-ECO-068,9005,ppms,Primary Progressive Multiple Sclerosis,MS,2024,363092,69.8,11.5,39.8,20.58
4068,MN-ECO-068,9005,ppms,Primary Progressive Multiple Sclerosis,MS,2025,363092,71.4,8.0,45.8,20.79
4068,MN-ECO-068,9006,hem_a,Hemophilia A,HEM,2021,363092,15.4,2.8,10.5,4.18
4068,MN-ECO-068,9006,hem_a,Hemophilia A,HEM,2022,363092,16.4,3.6,9.7,4.22
4068,MN-ECO-068,9006,hem_a,Hemophilia A,HEM,2023,363092,16.1,4.3,8.8,4.27
4068,MN-ECO-068,9006,hem_a,Hemophilia A,HEM,2024,363092,15.2,1.9,6.9,4.31
4068,MN-ECO-068,9006,hem_a,Hemophilia A,HEM,2025,363092,12.6,3.4,8.7,4.35
4068,MN-ECO-068,9007,sev_asthma,Severe Allergic/Eosinophilic Asthma,RESP,2021,363092,1857.0,416.4,1016.4,484.7
4068,MN-ECO-068,9007,sev_asthma,Severe Allergic/Eosinophilic Asthma,RESP,2022,363092,1840.7,192.5,1031.9,489.55
4068,MN-ECO-068,9007,sev_asthma,Severe Allergic/Eosinophilic Asthma,RESP,2023,363092,1810.9,311.3,1138.9,494.45
4068,MN-ECO-068,9007,sev_asthma,Severe Allergic/Eosinophilic Asthma,RESP,2024,363092,1820.3,261.1,1104.1,499.39
4068,MN-ECO-068,9007,sev_asthma,Severe Allergic/Eosinophilic Asthma,RESP,2025,363092,1629.4,282.4,631.3,504.38
4068,MN-ECO-068,9008,her2_bc,HER2-positive Breast Cancer,ONC,2021,363092,133.2,24.8,73.2,34.51
4068,MN-ECO-068,9008,her2_bc,HER2-positive Breast Cancer,ONC,2022,363092,134.3,28.7,48.6,34.85
4068,MN-ECO-068,9008,her2_bc,HER2-positive Breast Cancer,ONC,2023,363092,135.6,25.0,67.8,35.2
4068,MN-ECO-068,9008,her2_bc,HER2-positive Breast Cancer,ONC,2024,363092,130.9,27.9,55.5,35.55
4068,MN-ECO-068,9008,her2_bc,HER2-positive Breast Cancer,ONC,2025,363092,123.5,26.4,69.6,35.91
4069,WI-ECO-069,9001,wet_amd,Wet Age-related Macular Degeneration,OPH,2021,425986,596.2,122.7,365.2,132.31
4069,WI-ECO-069,9001,wet_amd,Wet Age-related Macular Degeneration,OPH,2022,425986,537.9,62.4,375.9,133.63
4069,WI-ECO-069,9001,wet_amd,Wet Age-related Macular Degeneration,OPH,2023,425986,609.3,119.6,265.2,134.97
4069,WI-ECO-069,9001,wet_amd,Wet Age-related Macular Degeneration,OPH,2024,425986,555.7,111.6,315.7,136.32
4069,WI-ECO-069,9001,wet_amd,Wet Age-related Macular Degeneration,OPH,2025,425986,558.7,113.0,260.8,137.68
4069,WI-ECO-069,9002,dme,Diabetic Macular Edema,OPH,2021,425986,1166.8,251.0,776.9,292.52
4069,WI-ECO-069,9002,dme,Diabetic Macular Edema,OPH,2022,425986,1300.5,335.9,544.8,295.44
4069,WI-ECO-069,9002,dme,Diabetic Macular Edema,OPH,2023,425986,1205.8,167.0,783.2,298.4
4069,WI-ECO-069,9002,dme,Diabetic Macular Edema,OPH,2024,425986,1286.1,138.8,477.8,301.38
4069,WI-ECO-069,9002,dme,Diabetic Macular Edema,OPH,2025,425986,1297.9,337.2,740.6,304.39
4069,WI-ECO-069,9003,rvo,Retinal Vein Occlusion,OPH,2021,425986,384.4,40.5,224.0,94.38
4069,WI-ECO-069,9003,rvo,Retinal Vein Occlusion,OPH,2022,425986,419.6,78.1,187.1,95.33
4069,WI-ECO-069,9003,rvo,Retinal Vein Occlusion,OPH,2023,425986,433.0,90.0,245.6,96.28
4069,WI-ECO-069,9003,rvo,Retinal Vein Occlusion,OPH,2024,425986,403.0,62.0,209.5,97.24
4069,WI-ECO-069,9003,rvo,Retinal Vein Occlusion,OPH,2025,425986,440.6,105.1,175.2,98.21
4069,WI-ECO-069,9004,rrms,Relapsing-Remitting Multiple Sclerosis,MS,2021,425986,329.2,51.0,125.6,80.2
4069,WI-ECO-069,9004,rrms,Relapsing-Remitting Multiple Sclerosis,MS,2022,425986,327.4,45.1,201.8,81.01
4069,WI-ECO-069,9004,rrms,Relapsing-Remitting Multiple Sclerosis,MS,2023,425986,331.5,90.5,128.1,81.82
4069,WI-ECO-069,9004,rrms,Relapsing-Remitting Multiple Sclerosis,MS,2024,425986,352.2,53.6,150.5,82.63
4069,WI-ECO-069,9004,rrms,Relapsing-Remitting Multiple Sclerosis,MS,2025,425986,346.2,58.7,168.5,83.46
4069,WI-ECO-069,9005,ppms,Primary Progressive Multiple Sclerosis,MS,2021,425986,65.7,15.3,29.6,16.21
4069,WI-ECO-069,9005,ppms,Primary Progressive Multiple Sclerosis,MS,2022,425986,71.9,12.2,34.9,16.37
4069,WI-ECO-069,9005,ppms,Primary Progressive Multiple Sclerosis,MS,2023,425986,70.8,13.7,31.2,16.53
4069,WI-ECO-069,9005,ppms,Primary Progressive Multiple Sclerosis,MS,2024,425986,68.3,16.5,46.3,16.7
4069,WI-ECO-069,9005,ppms,Primary Progressive Multiple Sclerosis,MS,2025,425986,75.4,10.9,47.6,16.87
4069,WI-ECO-069,9006,hem_a,Hemophilia A,HEM,2021,425986,20.4,5.4,9.3,4.69
4069,WI-ECO-069,9006,hem_a,Hemophilia A,HEM,2022,425986,18.7,4.7,10.5,4.74
4069,WI-ECO-069,9006,hem_a,Hemophilia A,HEM,2023,425986,21.8,2.6,10.2,4.79
4069,WI-ECO-069,9006,hem_a,Hemophilia A,HEM,2024,425986,19.6,3.9,8.1,4.84
4069,WI-ECO-069,9006,hem_a,Hemophilia A,HEM,2025,425986,19.8,2.9,7.9,4.89
4069,WI-ECO-069,9007,sev_asthma,Severe Allergic/Eosinophilic Asthma,RESP,2021,425986,2157.4,412.4,1235.1,505.23
4069,WI-ECO-069,9007,sev_asthma,Severe Allergic/Eosinophilic Asthma,RESP,2022,425986,2132.7,367.2,774.3,510.28
4069,WI-ECO-069,9007,sev_asthma,Severe Allergic/Eosinophilic Asthma,RESP,2023,425986,2074.1,335.2,728.0,515.38
4069,WI-ECO-069,9007,sev_asthma,Severe Allergic/Eosinophilic Asthma,RESP,2024,425986,2110.4,562.8,1170.5,520.53
4069,WI-ECO-069,9007,sev_asthma,Severe Allergic/Eosinophilic Asthma,RESP,2025,425986,2383.1,419.7,1430.2,525.74
4069,WI-ECO-069,9008,her2_bc,HER2-positive Breast Cancer,ONC,2021,425986,117.6,31.8,73.4,28.6
4069,WI-ECO-069,9008,her2_bc,HER2-positive Breast Cancer,ONC,2022,425986,123.8,12.7,68.3,28.89
4069,WI-ECO-069,9008,her2_bc,HER2-positive Breast Cancer,ONC,2023,425986,124.7,29.8,55.8,29.18
4069,WI-ECO-069,9008,her2_bc,HER2-positive Breast Cancer,ONC,2024,425986,129.7,27.1,85.0,29.47
4069,WI-ECO-069,9008,her2_bc,HER2-positive Breast Cancer,ONC,2025,425986,131.9,31.7,87.5,29.77
4070,OR-ECO-070,9001,wet_amd,Wet Age-related Macular Degeneration,OPH,2021,943231,1968.2,304.6,1106.6,206.2
4070,OR-ECO-070,9001,wet_amd,Wet Age-related Macular Degeneration,OPH,2022,943231,2018.2,258.0,1322.1,208.26
4070,OR-ECO-070,9001,wet_amd,Wet Age-related Macular Degeneration,OPH,2023,943231,1917.8,318.9,1267.3,210.35
4070,OR-ECO-070,9001,wet_amd,Wet Age-related Macular Degeneration,OPH,2024,943231,2103.6,353.6,1039.5,212.45
4070,OR-ECO-070,9001,wet_amd,Wet Age-related Macular Degeneration,OPH,2025,943231,2120.7,386.6,971.3,214.57
4070,OR-ECO-070,9002,dme,Diabetic Macular Edema,OPH,2021,943231,2690.6,574.4,1380.0,279.77
4070,OR-ECO-070,9002,dme,Diabetic Macular Edema,OPH,2022,943231,2488.4,457.1,935.8,282.57
4070,OR-ECO-070,9002,dme,Diabetic Macular Edema,OPH,2023,943231,2593.6,651.4,1098.6,285.4
4070,OR-ECO-070,9002,dme,Diabetic Macular Edema,OPH,2024,943231,2606.3,532.3,1609.4,288.25
4070,OR-ECO-070,9002,dme,Diabetic Macular Edema,OPH,2025,943231,2821.6,421.0,1017.0,291.13
4070,OR-ECO-070,9003,rvo,Retinal Vein Occlusion,OPH,2021,943231,985.0,136.7,628.8,113.23
4070,OR-ECO-070,9003,rvo,Retinal Vein Occlusion,OPH,2022,943231,1027.9,270.0,653.7,114.36
4070,OR-ECO-070,9003,rvo,Retinal Vein Occlusion,OPH,2023,943231,1119.4,196.5,655.6,115.51
4070,OR-ECO-070,9003,rvo,Retinal Vein Occlusion,OPH,2024,943231,1151.1,136.4,720.2,116.66
4070,OR-ECO-070,9003,rvo,Retinal Vein Occlusion,OPH,2025,943231,1116.0,112.3,417.1,117.83
4070,OR-ECO-070,9004,rrms,Relapsing-Remitting Multiple Sclerosis,MS,2021,943231,892.3,169.7,608.5,90.72
4070,OR-ECO-070,9004,rrms,Relapsing-Remitting Multiple Sclerosis,MS,2022,943231,913.2,168.3,461.6,91.62
4070,OR-ECO-070,9004,rrms,Relapsing-Remitting Multiple Sclerosis,MS,2023,943231,884.9,236.8,580.5,92.54
4070,OR-ECO-070,9004,rrms,Relapsing-Remitting Multiple Sclerosis,MS,2024,943231,842.7,154.3,455.2,93.46
4070,OR-ECO-070,9004,rrms,Relapsing-Remitting Multiple Sclerosis,MS,2025,943231,919.4,180.8,368.8,94.4
4070,OR-ECO-070,9005,ppms,Primary Progressive Multiple Sclerosis,MS,2021,943231,168.8,29.8,84.5,18.34
4070,OR-ECO-070,9005,ppms,Primary Progressive Multiple Sclerosis,MS,2022,943231,159.3,17.3,106.5,18.53
4070,OR-ECO-070,9005,ppms,Primary Progressive Multiple Sclerosis,MS,2023,943231,175.9,47.7,95.7,18.71
4070,OR-ECO-070,9005,ppms,Primary Progressive Multiple Sclerosis,MS,2024,943231,184.3,33.7,109.6,18.9
4070,OR-ECO-070,9005,ppms,Primary Progressive Multiple Sclerosis,MS,2025,943231,165.8,26.4,100.9,19.09
4070,OR-ECO-070,9006,hem_a,Hemophilia A,HEM,2021,943231,41.8,4.8,21.9,4.5
4070,OR-ECO-070,9006,hem_a,Hemophilia A,HEM,2022,943231,41.3,10.5,23.5,4.55
4070,OR-ECO-070,9006,hem_a,Hemophilia A,HEM,2023,943231,43.2,6.5,20.4,4.59
4070,OR-ECO-070,9006,hem_a,Hemophilia A,HEM,2024,943231,43.8,9.6,26.9,4.64
4070,OR-ECO-070,9006,hem_a,Hemophilia A,HEM,2025,943231,44.1,8.0,24.9,4.68
4070,OR-ECO-070,9007,sev_asthma,Severe Allergic/Eosinophilic Asthma,RESP,2021,943231,4358.2,473.1,2248.4,522.72
4070,OR-ECO-070,9007,sev_asthma,Severe Allergic/Eosinophilic Asthma,RESP,2022,943231,5083.1,1172.7,1984.9,527.95
4070,OR-ECO-070,9007,sev_asthma,Severe Allergic/Eosinophilic Asthma,RESP,2023,943231,5120.1,1269.8,3240.0,533.23
4070,OR-ECO-070,9007,sev_asthma,Severe Allergic/Eosinophilic Asthma,RESP,2024,943231,5031.0,1069.9,3518.7,538.56
4070,OR-ECO-070,9007,sev_asthma,Severe Allergic/Eosinophilic Asthma,RESP,2025,943231,4870.5,734.4,1990.3,543.95
4070,OR-ECO-070,9008,her2_bc,HER2-positive Breast Cancer,ONC,2021,943231,331.9,85.1,139.1,32.82
4070,OR-ECO-070,9008,her2_bc,HER2-positive Breast Cancer,ONC,2022,943231,298.3,73.2,186.1,33.15
4070,OR-ECO-070,9008,her2_bc,HER2-positive Breast Cancer,ONC,2023,943231,315.3,79.1,183.4,33.48
4070,OR-ECO-070,9008,her2_bc,HER2-positive Breast Cancer,ONC,2024,943231,338.5,83.2,235.1,33.82
4070,OR-ECO-070,9008,her2_bc,HER2-positive Breast Cancer,ONC,2025,943231,338.7,53.3,172.1,34.16
4071,SC-ECO-071,9001,wet_amd,Wet Age-related Macular Degeneration,OPH,2021,250068,522.0,116.4,320.6,205.94
4071,SC-ECO-071,9001,wet_amd,Wet Age-related Macular Degeneration,OPH,2022,250068,510.0,112.8,215.4,208.0
4071,SC-ECO-071,9001,wet_amd,Wet Age-related Macular Degeneration,OPH,2023,250068,567.4,142.9,325.2,210.08
4071,SC-ECO-071,9001,wet_amd,Wet Age-related Macular Degeneration,OPH,2024,250068,545.7,102.4,346.9,212.18
4071,SC-ECO-071,9001,wet_amd,Wet Age-related Macular Degeneration,OPH,2025,250068,546.1,82.4,273.2,214.31
4071,SC-ECO-071,9002,dme,Diabetic Macular Edema,OPH,2021,250068,741.0,78.9,494.8,300.94
4071,SC-ECO-071,9002,dme,Diabetic Macular Edema,OPH,2022,250068,793.3,165.2,493.3,303.95
4071,SC-ECO-071,9002,dme,Diabetic Macular Edema,OPH,2023,250068,769.5,114.6,383.1,306.99
4071,SC-ECO-071,9002,dme,Diabetic Macular Edema,OPH,2024,250068,773.1,204.7,338.2,310.06
4071,SC-ECO-071,9002,dme,Diabetic Macular Edema,OPH,2025,250068,787.9,91.2,509.7,313.16
4071,SC-ECO-071,9003,rvo,Retinal Vein Occlusion,OPH,2021,250068,265.0,70.2,174.6,106.98
4071,SC-ECO-071,9003,rvo,Retinal Vein Occlusion,OPH,2022,250068,274.8,56.8,120.7,108.05
4071,SC-ECO-071,9003,rvo,Retinal Vein Occlusion,OPH,2023,250068,264.3,47.5,150.3,109.13
4071,SC-ECO-071,9003,rvo,Retinal Vein Occlusion,OPH,2024,250068,254.0,29.6,159.6,110.22
4071,SC-ECO-071,9003,rvo,Retinal Vein Occlusion,OPH,2025,250068,283.9,72.6,110.4,111.32
4071,SC-ECO-071,9004,rrms,Relapsing-Remitting Multiple Sclerosis,MS,2021,250068,243.7,41.1,132.1,95.08
4071,SC-ECO-071,9004,rrms,Relapsing-Remitting Multiple Sclerosis,MS,2022,250068,258.1,70.0,153.6,96.03
4071,SC-ECO-071,9004,rrms,Relapsing-Remitting Multiple Sclerosis,MS,2023,250068,248.6,43.0,164.5,96.99
4071,SC-ECO-071,9004,rrms,Relapsing-Remitting Multiple Sclerosis,MS,2024,250068,239.6,59.0,140.3,97.96
4071,SC-ECO-071,9004,rrms,Relapsing-Remitting Multiple Sclerosis,MS,2025,250068,233.8,26.1,93.6,98.94
4071,SC-ECO-071,9005,ppms,Primary Progressive Multiple Sclerosis,MS,2021,250068,60.9,8.8,31.4,23.15
4071,SC-ECO-071,9005,ppms,Primary Progressive Multiple Sclerosis,MS,2022,250068,55.0,6.2,26.4,23.38
4071,SC-ECO-071,9005,ppms,Primary Progressive Multiple Sclerosis,MS,2023,250068,61.5,10.5,40.3,23.61
4071,SC-ECO-071,9005,ppms,Primary Progressive Multiple Sclerosis,MS,2024,250068,61.4,8.7,42.4,23.85
4071,SC-ECO-071,9005,ppms,Primary Progressive Multiple Sclerosis,MS,2025,250068,60.0,13.1,28.0,24.09
4071,SC-ECO-071,9006,hem_a,Hemophilia A,HEM,2021,250068,10.3,2.7,7.2,4.18
4071,SC-ECO-071,9006,hem_a,Hemophilia A,HEM,2022,250068,10.8,1.4,6.2,4.22
4071,SC-ECO-071,9006,hem_a,Hemophilia A,HEM,2023,250068,10.5,2.9,4.7,4.26
4071,SC-ECO-071,9006,hem_a,Hemophilia A,HEM,2024,250068,10.4,2.7,6.0,4.31
4071,SC-ECO-071,9006,hem_a,Hemophilia A,HEM,2025,250068,11.1,2.5,5.6,4.35
4071,SC-ECO-071,9007,sev_asthma,Severe Allergic/Eosinophilic Asthma,RESP,2021,250068,1109.2,247.6,663.5,445.34
4071,SC-ECO-071,9007,sev_asthma,Severe Allergic/Eosinophilic Asthma,RESP,2022,250068,1136.3,162.5,696.4,449.79
4071,SC-ECO-071,9007,sev_asthma,Severe Allergic/Eosinophilic Asthma,RESP,2023,250068,1153.8,140.5,612.8,454.29
4071,SC-ECO-071,9007,sev_asthma,Severe Allergic/Eosinophilic Asthma,RESP,2024,250068,1173.9,225.4,454.7,458.83
4071,SC-ECO-071,9007,sev_asthma,Severe Allergic/Eosinophilic Asthma,RESP,2025,250068,1021.9,162.2,634.3,463.42
4071,SC-ECO-071,9008,her2_bc,HER2-positive Breast Cancer,ONC,2021,250068,82.9,22.8,56.7,36.17
4071,SC-ECO-071,9008,her2_bc,HER2-positive Breast Cancer,ONC,2022,250068,89.8,13.7,43.6,36.53
4071,SC-ECO-071,9008,her2_bc,HER2-positive Breast Cancer,ONC,2023,250068,90.6,18.5,34.2,36.9
4071,SC-ECO-071,9008,her2_bc,HER2-positive Breast Cancer,ONC,2024,250068,89.8,25.0,36.4,37.27
4071,SC-ECO-071,9008,her2_bc,HER2-positive Breast Cancer,ONC,2025,250068,92.1,12.5,39.8,37.64
4072,CA-ECO-072,9001,wet_amd,Wet Age-related Macular Degeneration,OPH,2021,517049,1115.0,166.6,451.5,225.86
4072,CA-ECO-072,9001,wet_amd,Wet Age-related Macular Degeneration,OPH,2022,517049,1147.6,145.4,510.7,228.12
4072,CA-ECO-072,9001,wet_amd,Wet Age-related Macular Degeneration,OPH,2023,517049,1138.5,307.4,405.8,230.4
4072,CA-ECO-072,9001,wet_amd,Wet Age-related Macular Degeneration,OPH,2024,517049,1204.0,206.5,578.2,232.7
4072,CA-ECO-072,9001,wet_amd,Wet Age-related Macular Degeneration,OPH,2025,517049,1123.1,253.1,630.2,235.03
4072,CA-ECO-072,9002,dme,Diabetic Macular Edema,OPH,2021,517049,2123.1,583.3,1263.4,369.45
4072,CA-ECO-072,9002,dme,Diabetic Macular Edema,OPH,2022,517049,1944.0,407.1,702.7,373.14
4072,CA-ECO-072,9002,dme,Diabetic Macular Edema,OPH,2023,517049,1992.2,504.4,1120.0,376.87
4072,CA-ECO-072,9002,dme,Diabetic Macular Edema,OPH,2024,517049,2068.2,326.4,1211.3,380.64
4072,CA-ECO-072,9002,dme,Diabetic Macular Edema,OPH,2025,517049,1845.1,452.5,947.5,384.45
4072,CA-ECO-072,9003,rvo,Retinal Vein Occlusion,OPH,2021,517049,740.1,169.0,338.5,145.01
4072,CA-ECO-072,9003,rvo,Retinal Vein Occlusion,OPH,2022,517049,790.9,185.7,338.1,146.46
4072,CA-ECO-072,9003,rvo,Retinal Vein Occlusion,OPH,2023,517049,744.2,198.4,514.3,147.92
4072,CA-ECO-072,9003,rvo,Retinal Vein Occlusion,OPH,2024,517049,821.0,207.0,541.7,149.4
4072,CA-ECO-072,9003,rvo,Retinal Vein Occlusion,OPH,2025,517049,746.1,134.5,341.1,150.9
4072,CA-ECO-072,9004,rrms,Relapsing-Remitting Multiple Sclerosis,MS,2021,517049,612.7,79.7,409.3,112.33
4072,CA-ECO-072,9004,rrms,Relapsing-Remitting Multiple Sclerosis,MS,2022,517049,504.9,123.4,286.9,113.46
4072,CA-ECO-072,9004,rrms,Relapsing-Remitting Multiple Sclerosis,MS,2023,517049,583.6,105.5,391.1,114.59
4072,CA-ECO-072,9004,rrms,Relapsing-Remitting Multiple Sclerosis,MS,2024,517049,633.0,104.6,377.9,115.74
4072,CA-ECO-072,9004,rrms,Relapsing-Remitting Multiple Sclerosis,MS,2025,517049,594.2,69.0,393.6,116.89
4072,CA-ECO-072,9005,ppms,Primary Progressive Multiple Sclerosis,MS,2021,517049,145.6,33.1,92.1,26.82
4072,CA-ECO-072,9005,ppms,Primary Progressive Multiple Sclerosis,MS,2022,517049,143.3,18.3,57.1,27.09
4072,CA-ECO-072,9005,ppms,Primary Progressive Multiple Sclerosis,MS,2023,517049,137.5,15.1,51.2,27.36
4072,CA-ECO-072,9005,ppms,Primary Progressive Multiple Sclerosis,MS,2024,517049,139.9,28.7,81.6,27.64
4072,CA-ECO-072,9005,ppms,Primary Progressive Multiple Sclerosis,MS,2025,517049,152.7,35.0,57.6,27.91
4072,CA-ECO-072,9006,hem_a,Hemophilia A,HEM,2021,517049,23.0,5.4,11.0,4.32
4072,CA-ECO-072,9006,hem_a,Hemophilia A,HEM,2022,517049,21.6,3.1,13.9,4.36
4072,CA-ECO-072,9006,hem_a,Hemophilia A,HEM,2023,517049,21.8,4.5,8.8,4.41
4072,CA-ECO-072,9006,hem_a,Hemophilia A,HEM,2024,517049,21.3,5.0,11.9,4.45
4072,CA-ECO-072,9006,hem_a,Hemophilia A,HEM,2025,517049,23.7,3.3,10.2,4.5
4072,CA-ECO-072,9007,sev_asthma,Severe Allergic/Eosinophilic Asthma,RESP,2021,517049,2908.0,650.4,1357.7,523.2
4072,CA-ECO-072,9007,sev_asthma,Severe Allergic/Eosinophilic Asthma,RESP,2022,517049,2899.8,647.4,1212.9,528.44
4072,CA-ECO-072,9007,sev_asthma,Severe Allergic/Eosinophilic Asthma,RESP,2023,517049,2857.8,634.2,1055.3,533.72
4072,CA-ECO-072,9007,sev_asthma,Severe Allergic/Eosinophilic Asthma,RESP,2024,517049,2880.5,549.0,1661.2,539.06
4072,CA-ECO-072,9007,sev_asthma,Severe Allergic/Eosinophilic Asthma,RESP,2025,517049,2862.0,734.0,1169.4,544.45
4072,CA-ECO-072,9008,her2_bc,HER2-positive Breast Cancer,ONC,2021,517049,215.7,49.2,125.6,40.3
4072,CA-ECO-072,9008,her2_bc,HER2-positive Breast Cancer,ONC,2022,517049,213.2,28.2,116.1,40.7
4072,CA-ECO-072,9008,her2_bc,HER2-positive Breast Cancer,ONC,2023,517049,215.7,34.3,100.6,41.11
4072,CA-ECO-072,9008,her2_bc,HER2-positive Breast Cancer,ONC,2024,517049,205.3,53.0,116.8,41.52
4072,CA-ECO-072,9008,her2_bc,HER2-positive Breast Cancer,ONC,2025,517049,225.9,28.9,108.5,41.94
4073,TX-ECO-073,9001,wet_amd,Wet Age-related Macular Degeneration,OPH,2021,607180,1292.3,294.6,513.1,211.02
4073,TX-ECO-073,9001,wet_amd,Wet Age-related Macular Degeneration,OPH,2022,607180,1344.6,298.3,577.4,213.13
4073,TX-ECO-073,9001,wet_amd,Wet Age-related Macular Degeneration,OPH,2023,607180,1218.5,122.7,765.9,215.26
4073,TX-ECO-073,9001,wet_amd,Wet Age-related Macular Degeneration,OPH,2024,607180,1317.7,221.0,596.3,217.41
4073,TX-ECO-073,9001,wet_amd,Wet Age-related Macular Degeneration,OPH,2025,607180,1404.6,250.3,683.9,219.59
4073,TX-ECO-073,9002,dme,Diabetic Macular Edema,OPH,2021,607180,2218.0,584.4,883.5,366.15
4073,TX-ECO-073,9002,dme,Diabetic Macular Edema,OPH,2022,607180,2225.6,602.3,1264.9,369.81
4073,TX-ECO-073,9002,dme,Diabetic Macular Edema,OPH,2023,607180,2117.4,432.3,756.7,373.51
4073,TX-ECO-073,9002,dme,Diabetic Macular Edema,OPH,2024,607180,2197.2,318.1,1273.9,377.25
4073,TX-ECO-073,9002,dme,Diabetic Macular Edema,OPH,2025,607180,2353.1,429.2,1579.1,381.02
4073,TX-ECO-073,9003,rvo,Retinal Vein Occlusion,OPH,2021,607180,738.7,122.6,478.7,121.36
4073,TX-ECO-073,9003,rvo,Retinal Vein Occlusion,OPH,2022,607180,739.6,158.5,445.1,122.58
4073,TX-ECO-073,9003,rvo,Retinal Vein Occlusion,OPH,2023,607180,745.5,92.6,436.2,123.8
4073,TX-ECO-073,9003,rvo,Retinal Vein Occlusion,OPH,2024,607180,789.0,105.3,481.5,125.04
4073,TX-ECO-073,9003,rvo,Retinal Vein Occlusion,OPH,2025,607180,718.5,103.6,453.4,126.29
4073,TX-ECO-073,9004,rrms,Relapsing-Remitting Multiple Sclerosis,MS,2021,607180,599.2,88.4,359.9,103.86
4073,TX-ECO-073,9004,rrms,Relapsing-Remitting Multiple Sclerosis,MS,2022,607180,653.5,77.1,351.4,104.9
4073,TX-ECO-073,9004,rrms,Relapsing-Remitting Multiple Sclerosis,MS,2023,607180,719.0,179.4,294.4,105.95
4073,TX-ECO-073,9004,rrms,Relapsing-Remitting Multiple Sclerosis,MS,2024,607180,626.7,91.5,429.4,107.01
4073,TX-ECO-073,9004,rrms,Relapsing-Remitting Multiple Sclerosis,MS,2025,607180,696.8,142.6,365.3,108.08
4073,TX-ECO-073,9005,ppms,Primary Progressive Multiple Sclerosis,MS,2021,607180,136.4,14.4,65.0,21.22
4073,TX-ECO-073,9005,ppms,Primary Progressive Multiple Sclerosis,MS,2022,607180,127.1,30.6,58.9,21.43
4073,TX-ECO-073,9005,ppms,Primary Progressive Multiple Sclerosis,MS,2023,607180,131.9,31.1,67.3,21.64
4073,TX-ECO-073,9005,ppms,Primary Progressive Multiple Sclerosis,MS,2024,607180,130.3,20.0,70.5,21.86
4073,TX-ECO-073,9005,ppms,Primary Progressive Multiple Sclerosis,MS,2025,607180,145.2,26.7,55.9,22.08
4073,TX-ECO-073,9006,hem_a,Hemophilia A,HEM,2021,607180,25.4,2.9,15.6,4.01
4073,TX-ECO-073,9006,hem_a,Hemophilia A,HEM,2022,607180,25.2,4.8,16.2,4.05
4073,TX-ECO-073,9006,hem_a,Hemophilia A,HEM,2023,607180,27.0,4.7,16.2,4.09
4073,TX-ECO-073,9006,hem_a,Hemophilia A,HEM,2024,607180,26.0,6.0,12.6,4.14
4073,TX-ECO-073,9006,hem_a,Hemophilia A,HEM,2025,607180,27.1,4.6,16.0,4.18
4073,TX-ECO-073,9007,sev_asthma,Severe Allergic/Eosinophilic Asthma,RESP,2021,607180,2936.4,351.0,1156.2,504.56
4073,TX-ECO-073,9007,sev_asthma,Severe Allergic/Eosinophilic Asthma,RESP,2022,607180,3198.8,616.9,2158.2,509.6
4073,TX-ECO-073,9007,sev_asthma,Severe Allergic/Eosinophilic Asthma,RESP,2023,607180,2966.2,305.6,1115.6,514.7
4073,TX-ECO-073,9007,sev_asthma,Severe Allergic/Eosinophilic Asthma,RESP,2024,607180,3015.7,579.5,1736.1,519.85
4073,TX-ECO-073,9007,sev_asthma,Severe Allergic/Eosinophilic Asthma,RESP,2025,607180,3353.7,489.2,1692.6,525.05
4073,TX-ECO-073,9008,her2_bc,HER2-positive Breast Cancer,ONC,2021,607180,230.5,35.5,125.6,36.27
4073,TX-ECO-073,9008,her2_bc,HER2-positive Breast Cancer,ONC,2022,607180,225.7,50.9,155.1,36.64
4073,TX-ECO-073,9008,her2_bc,HER2-positive Breast Cancer,ONC,2023,607180,229.4,58.3,105.5,37.0
4073,TX-ECO-073,9008,her2_bc,HER2-positive Breast Cancer,ONC,2024,607180,215.2,49.2,77.5,37.37
4073,TX-ECO-073,9008,her2_bc,HER2-positive Breast Cancer,ONC,2025,607180,226.2,48.0,119.3,37.75
4074,NY-ECO-074,9001,wet_amd,Wet Age-related Macular Degeneration,OPH,2021,585816,1366.2,352.4,586.8,232.22
4074,NY-ECO-074,9001,wet_amd,Wet Age-related Macular Degeneration,OPH,2022,585816,1386.2,367.2,680.7,234.55
4074,NY-ECO-074,9001,wet_amd,Wet Age-related Macular Degeneration,OPH,2023,585816,1435.2,211.1,792.6,236.89
4074,NY-ECO-074,9001,wet_amd,Wet Age-related Macular Degeneration,OPH,2024,585816,1323.9,369.0,795.1,239.26
4074,NY-ECO-074,9001,wet_amd,Wet Age-related Macular Degeneration,OPH,2025,585816,1436.4,156.2,836.0,241.65
4074,NY-ECO-074,9002,dme,Diabetic Macular Edema,OPH,2021,585816,2058.1,383.9,937.0,330.92
4074,NY-ECO-074,9002,dme,Diabetic Macular Edema,OPH,2022,585816,1981.2,231.0,902.5,334.22
4074,NY-ECO-074,9002,dme,Diabetic Macular Edema,OPH,2023,585816,1958.0,220.7,778.5,337.57
4074,NY-ECO-074,9002,dme,Diabetic Macular Edema,OPH,2024,585816,1872.6,279.4,1132.7,340.94
4074,NY-ECO-074,9002,dme,Diabetic Macular Edema,OPH,2025,585816,1999.5,435.7,1327.5,344.35
4074,NY-ECO-074,9003,rvo,Retinal Vein Occlusion,OPH,2021,585816,877.8,191.6,445.2,160.97
4074,NY-ECO-074,9003,rvo,Retinal Vein Occlusion,OPH,2022,585816,869.0,118.1,399.3,162.58
4074,NY-ECO-074,9003,rvo,Retinal Vein Occlusion,OPH,2023,585816,911.8,239.0,622.6,164.2
4074,NY-ECO-074,9003,rvo,Retinal Vein Occlusion,OPH,2024,585816,955.6,227.0,334.7,165.84
4074,NY-ECO-074,9003,rvo,Retinal Vein Occlusion,OPH,2025,585816,962.7,255.9,534.1,167.5
4074,NY-ECO-074,9004,rrms,Relapsing-Remitting Multiple Sclerosis,MS,2021,585816,702.7,81.7,377.0,123.13
4074,NY-ECO-074,9004,rrms,Relapsing-Remitting Multiple Sclerosis,MS,2022,585816,704.5,171.4,304.8,124.37
4074,NY-ECO-074,9004,rrms,Relapsing-Remitting Multiple Sclerosis,MS,2023,585816,728.5,88.6,502.2,125.61
4074,NY-ECO-074,9004,rrms,Relapsing-Remitting Multiple Sclerosis,MS,2024,585816,730.0,195.5,320.4,126.87
4074,NY-ECO-074,9004,rrms,Relapsing-Remitting Multiple Sclerosis,MS,2025,585816,729.3,168.8,420.2,128.13
4074,NY-ECO-074,9005,ppms,Primary Progressive Multiple Sclerosis,MS,2021,585816,148.0,23.9,56.6,24.62
4074,NY-ECO-074,9005,ppms,Primary Progressive Multiple Sclerosis,MS,2022,585816,135.4,33.6,83.3,24.86
4074,NY-ECO-074,9005,ppms,Primary Progressive Multiple Sclerosis,MS,2023,585816,143.3,35.5,69.3,25.11
4074,NY-ECO-074,9005,ppms,Primary Progressive Multiple Sclerosis,MS,2024,585816,155.8,21.6,60.1,25.36
4074,NY-ECO-074,9005,ppms,Primary Progressive Multiple Sclerosis,MS,2025,585816,155.8,25.3,72.2,25.62
4074,NY-ECO-074,9006,hem_a,Hemophilia A,HEM,2021,585816,22.7,3.1,14.8,4.19
4074,NY-ECO-074,9006,hem_a,Hemophilia A,HEM,2022,585816,25.0,3.3,13.2,4.24
4074,NY-ECO-074,9006,hem_a,Hemophilia A,HEM,2023,585816,25.5,3.0,17.8,4.28
4074,NY-ECO-074,9006,hem_a,Hemophilia A,HEM,2024,585816,23.6,4.4,14.0,4.32
4074,NY-ECO-074,9006,hem_a,Hemophilia A,HEM,2025,585816,27.7,4.8,14.6,4.36
4074,NY-ECO-074,9007,sev_asthma,Severe Allergic/Eosinophilic Asthma,RESP,2021,585816,2948.1,490.4,1538.1,511.67
4074,NY-ECO-074,9007,sev_asthma,Severe Allergic/Eosinophilic Asthma,RESP,2022,585816,3175.4,691.8,1675.4,516.78
4074,NY-ECO-074,9007,sev_asthma,Severe Allergic/Eosinophilic Asthma,RESP,2023,585816,2909.4,579.0,1681.1,521.95
4074,NY-ECO-074,9007,sev_asthma,Severe Allergic/Eosinophilic Asthma,RESP,2024,585816,2993.8,695.5,1821.5,527.17
4074,NY-ECO-074,9007,sev_asthma,Severe Allergic/Eosinophilic Asthma,RESP,2025,585816,3314.1,820.8,2092.0,532.44
4074,NY-ECO-074,9008,her2_bc,HER2-positive Breast Cancer,ONC,2021,585816,240.5,55.2,91.5,41.81
4074,NY-ECO-074,9008,her2_bc,HER2-positive Breast Cancer,ONC,2022,585816,253.8,50.3,162.0,42.23
4074,NY-ECO-074,9008,her2_bc,HER2-positive Breast Cancer,ONC,2023,585816,258.6,57.5,133.2,42.65
4074,NY-ECO-074,9008,her2_bc,HER2-positive Breast Cancer,ONC,2024,585816,253.3,59.4,153.7,43.07
4074,NY-ECO-074,9008,her2_bc,HER2-positive Breast Cancer,ONC,2025,585816,250.5,44.7,174.9,43.5
4075,FL-ECO-075,9001,wet_amd,Wet Age-related Macular Degeneration,OPH,2021,379021,664.0,74.8,274.9,160.71
4075,FL-ECO-075,9001,wet_amd,Wet Age-related Macular Degeneration,OPH,2022,379021,632.7,131.1,396.3,162.31
4075,FL-ECO-075,9001,wet_amd,Wet Age-related Macular Degeneration,OPH,2023,379021,634.3,73.3,368.2,163.94
4075,FL-ECO-075,9001,wet_amd,Wet Age-related Macular Degeneration,OPH,2024,379021,636.9,93.1,344.1,165.58
4075,FL-ECO-075,9001,wet_amd,Wet Age-related Macular Degeneration,OPH,2025,379021,640.2,121.9,445.9,167.23
4075,FL-ECO-075,9002,dme,Diabetic Macular Edema,OPH,2021,379021,1191.3,128.3,825.2,294.11
4075,FL-ECO-075,9002,dme,Diabetic Macular Edema,OPH,2022,379021,1230.6,272.4,851.6,297.05
4075,FL-ECO-075,9002,dme,Diabetic Macular Edema,OPH,2023,379021,1203.2,231.6,828.4,300.02
4075,FL-ECO-075,9002,dme,Diabetic Macular Edema,OPH,2024,379021,1130.8,222.9,602.3,303.02
4075,FL-ECO-075,9002,dme,Diabetic Macular Edema,OPH,2025,379021,1125.6,112.6,758.8,306.05
4075,FL-ECO-075,9003,rvo,Retinal Vein Occlusion,OPH,2021,379021,378.3,51.4,200.3,104.2
4075,FL-ECO-075,9003,rvo,Retinal Vein Occlusion,OPH,2022,379021,402.6,86.6,192.4,105.24
4075,FL-ECO-075,9003,rvo,Retinal Vein Occlusion,OPH,2023,379021,399.2,50.0,196.3,106.29
4075,FL-ECO-075,9003,rvo,Retinal Vein Occlusion,OPH,2024,379021,400.1,111.8,143.1,107.35
4075,FL-ECO-075,9003,rvo,Retinal Vein Occlusion,OPH,2025,379021,398.9,86.7,278.2,108.43
4075,FL-ECO-075,9004,rrms,Relapsing-Remitting Multiple Sclerosis,MS,2021,379021,295.0,79.5,113.0,89.26
4075,FL-ECO-075,9004,rrms,Relapsing-Remitting Multiple Sclerosis,MS,2022,379021,323.0,36.2,190.2,90.16
4075,FL-ECO-075,9004,rrms,Relapsing-Remitting Multiple Sclerosis,MS,2023,379021,349.9,48.6,157.9,91.06
4075,FL-ECO-075,9004,rrms,Relapsing-Remitting Multiple Sclerosis,MS,2024,379021,379.6,68.5,139.1,91.97
4075,FL-ECO-075,9004,rrms,Relapsing-Remitting Multiple Sclerosis,MS,2025,379021,378.0,77.7,169.7,92.89
4075,FL-ECO-075,9005,ppms,Primary Progressive Multiple Sclerosis,MS,2021,379021,79.6,20.4,33.1,20.91
4075,FL-ECO-075,9005,ppms,Primary Progressive Multiple Sclerosis,MS,2022,379021,75.1,19.8,37.9,21.12
4075,FL-ECO-075,9005,ppms,Primary Progressive Multiple Sclerosis,MS,2023,379021,79.3,16.3,39.2,21.33
4075,FL-ECO-075,9005,ppms,Primary Progressive Multiple Sclerosis,MS,2024,379021,84.9,19.2,32.7,21.54
4075,FL-ECO-075,9005,ppms,Primary Progressive Multiple Sclerosis,MS,2025,379021,82.8,19.2,53.7,21.76
4075,FL-ECO-075,9006,hem_a,Hemophilia A,HEM,2021,379021,17.4,2.4,11.8,4.64
4075,FL-ECO-075,9006,hem_a,Hemophilia A,HEM,2022,379021,16.8,3.0,10.1,4.68
4075,FL-ECO-075,9006,hem_a,Hemophilia A,HEM,2023,379021,18.2,4.2,9.5,4.73
4075,FL-ECO-075,9006,hem_a,Hemophilia A,HEM,2024,379021,18.9,4.0,10.0,4.78
4075,FL-ECO-075,9006,hem_a,Hemophilia A,HEM,2025,379021,17.7,2.1,6.9,4.82
4075,FL-ECO-075,9007,sev_asthma,Severe Allergic/Eosinophilic Asthma,RESP,2021,379021,1761.0,412.8,946.5,444.79
4075,FL-ECO-075,9007,sev_asthma,Severe Allergic/Eosinophilic Asthma,RESP,2022,379021,1960.4,199.0,1270.5,449.24
4075,FL-ECO-075,9007,sev_asthma,Severe Allergic/Eosinophilic Asthma,RESP,2023,379021,1699.3,365.3,1141.8,453.73
4075,FL-ECO-075,9007,sev_asthma,Severe Allergic/Eosinophilic Asthma,RESP,2024,379021,1797.1,494.7,888.8,458.27
4075,FL-ECO-075,9007,sev_asthma,Severe Allergic/Eosinophilic Asthma,RESP,2025,379021,1754.1,362.5,1045.7,462.85
4075,FL-ECO-075,9008,her2_bc,HER2-positive Breast Cancer,ONC,2021,379021,135.2,31.0,56.3,34.97
4075,FL-ECO-075,9008,her2_bc,HER2-positive Breast Cancer,ONC,2022,379021,143.0,18.7,50.6,35.32
4075,FL-ECO-075,9008,her2_bc,HER2-positive Breast Cancer,ONC,2023,379021,133.5,25.6,54.0,35.68
4075,FL-ECO-075,9008,her2_bc,HER2-positive Breast Cancer,ONC,2024,379021,133.7,22.1,73.6,36.03
4075,FL-ECO-075,9008,her2_bc,HER2-positive Breast Cancer,ONC,2025,379021,123.3,32.4,85.0,36.39
4076,PA-ECO-076,9001,wet_amd,Wet Age-related Macular Degeneration,OPH,2021,1375461,3275.1,340.5,2117.9,242.49
4076,PA-ECO-076,9001,wet_amd,Wet Age-related Macular Degeneration,OPH,2022,1375461,3440.6,619.1,1390.0,244.92
4076,PA-ECO-076,9001,wet_amd,Wet Age-related Macular Degeneration,OPH,2023,1375461,3423.5,680.7,1540.5,247.37
4076,PA-ECO-076,9001,wet_amd,Wet Age-related Macular Degeneration,OPH,2024,1375461,3482.0,507.6,1891.5,249.84
4076,PA-ECO-076,9001,wet_amd,Wet Age-related Macular Degeneration,OPH,2025,1375461,3356.0,620.6,1214.5,252.34
4076,PA-ECO-076,9002,dme,Diabetic Macular Edema,OPH,2021,1375461,5180.0,858.1,1921.1,383.44
4076,PA-ECO-076,9002,dme,Diabetic Macular Edema,OPH,2022,1375461,5450.9,644.7,2204.8,387.28
4076,PA-ECO-076,9002,dme,Diabetic Macular Edema,OPH,2023,1375461,4704.6,1278.5,1693.1,391.15
4076,PA-ECO-076,9002,dme,Diabetic Macular Edema,OPH,2024,1375461,5372.6,899.1,3298.4,395.06
4076,PA-ECO-076,9002,dme,Diabetic Macular Edema,OPH,2025,1375461,5135.3,1106.9,1886.5,399.01
4076,PA-ECO-076,9003,rvo,Retinal Vein Occlusion,OPH,2021,1375461,2017.8,450.3,1194.2,145.49
4076,PA-ECO-076,9003,rvo,Retinal Vein Occlusion,OPH,2022,1375461,2027.5,517.3,1199.4,146.94
4076,PA-ECO-076,9003,rvo,Retinal Vein Occlusion,OPH,2023,1375461,1913.8,433.3,1078.8,148.41
4076,PA-ECO-076,9003,rvo,Retinal Vein Occlusion,OPH,2024,1375461,2046.2,499.9,1280.8,149.9
4076,PA-ECO-076,9003,rvo,Retinal Vein Occlusion,OPH,2025,1375461,2196.9,593.8,1060.8,151.4
4076,PA-ECO-076,9004,rrms,Relapsing-Remitting Multiple Sclerosis,MS,2021,1375461,1310.2,184.4,840.6,94.43
4076,PA-ECO-076,9004,rrms,Relapsing-Remitting Multiple Sclerosis,MS,2022,1375461,1384.1,139.9,968.6,95.38
4076,PA-ECO-076,9004,rrms,Relapsing-Remitting Multiple Sclerosis,MS,2023,1375461,1357.8,274.0,641.9,96.33
4076,PA-ECO-076,9004,rrms,Relapsing-Remitting Multiple Sclerosis,MS,2024,1375461,1353.2,202.4,824.9,97.3
4076,PA-ECO-076,9004,rrms,Relapsing-Remitting Multiple Sclerosis,MS,2025,1375461,1230.3,286.0,739.9,98.27
4076,PA-ECO-076,9005,ppms,Primary Progressive Multiple Sclerosis,MS,2021,1375461,314.6,60.1,136.8,24.11
4076,PA-ECO-076,9005,ppms,Primary Progressive Multiple Sclerosis,MS,2022,1375461,331.1,85.4,130.4,24.35
4076,PA-ECO-076,9005,ppms,Primary Progressive Multiple Sclerosis,MS,2023,1375461,351.0,79.5,137.0,24.6
4076,PA-ECO-076,9005,ppms,Primary Progressive Multiple Sclerosis,MS,2024,1375461,339.8,88.1,143.7,24.84
4076,PA-ECO-076,9005,ppms,Primary Progressive Multiple Sclerosis,MS,2025,1375461,353.2,93.2,235.9,25.09
4076,PA-ECO-076,9006,hem_a,Hemophilia A,HEM,2021,1375461,50.5,5.8,21.6,3.72
4076,PA-ECO-076,9006,hem_a,Hemophilia A,HEM,2022,1375461,53.1,8.6,25.7,3.76
4076,PA-ECO-076,9006,hem_a,Hemophilia A,HEM,2023,1375461,53.6,12.6,26.3,3.79
4076,PA-ECO-076,9006,hem_a,Hemophilia A,HEM,2024,1375461,56.1,14.4,27.8,3.83
4076,PA-ECO-076,9006,hem_a,Hemophilia A,HEM,2025,1375461,56.6,8.5,23.1,3.87
4076,PA-ECO-076,9007,sev_asthma,Severe Allergic/Eosinophilic Asthma,RESP,2021,1375461,6838.5,974.7,2731.8,526.86
4076,PA-ECO-076,9007,sev_asthma,Severe Allergic/Eosinophilic Asthma,RESP,2022,1375461,7239.6,1515.6,3930.8,532.13
4076,PA-ECO-076,9007,sev_asthma,Severe Allergic/Eosinophilic Asthma,RESP,2023,1375461,7686.3,800.5,3539.4,537.45
4076,PA-ECO-076,9007,sev_asthma,Severe Allergic/Eosinophilic Asthma,RESP,2024,1375461,7633.3,1844.0,2764.4,542.83
4076,PA-ECO-076,9007,sev_asthma,Severe Allergic/Eosinophilic Asthma,RESP,2025,1375461,7944.1,1885.2,3994.4,548.25
4076,PA-ECO-076,9008,her2_bc,HER2-positive Breast Cancer,ONC,2021,1375461,530.6,91.6,370.0,41.32
4076,PA-ECO-076,9008,her2_bc,HER2-positive Breast Cancer,ONC,2022,1375461,592.2,133.0,303.1,41.74
4076,PA-ECO-076,9008,her2_bc,HER2-positive Breast Cancer,ONC,2023,1375461,555.2,106.2,210.5,42.15
4076,PA-ECO-076,9008,her2_bc,HER2-positive Breast Cancer,ONC,2024,1375461,583.5,66.6,371.3,42.57
4076,PA-ECO-076,9008,her2_bc,HER2-positive Breast Cancer,ONC,2025,1375461,634.9,126.2,326.9,43.0
4077,IL-ECO-077,9001,wet_amd,Wet Age-related Macular Degeneration,OPH,2021,169995,376.9,43.4,229.1,242.21
4077,IL-ECO-077,9001,wet_amd,Wet Age-related Macular Degeneration,OPH,2022,169995,390.8,67.1,165.6,244.64
4077,IL-ECO-077,9001,wet_amd,Wet Age-related Macular Degeneration,OPH,2023,169995,440.2,80.9,222.9,247.08
4077,IL-ECO-077,9001,wet_amd,Wet Age-related Macular Degeneration,OPH,2024,169995,412.3,87.5,146.7,249.55
4077,IL-ECO-077,9001,wet_amd,Wet Age-related Macular Degeneration,OPH,2025,169995,409.5,110.4,226.5,252.05
4077,IL-ECO-077,9002,dme,Diabetic Macular Edema,OPH,2021,169995,729.8,124.1,385.3,443.38
4077,IL-ECO-077,9002,dme,Diabetic Macular Edema,OPH,2022,169995,737.4,99.3,386.6,447.81
4077,IL-ECO-077,9002,dme,Diabetic Macular Edema,OPH,2023,169995,772.2,186.2,404.5,452.29
4077,IL-ECO-077,9002,dme,Diabetic Macular Edema,OPH,2024,169995,834.1,229.4,547.3,456.82
4077,IL-ECO-077,9002,dme,Diabetic Macular Edema,OPH,2025,169995,754.3,84.6,352.5,461.38
4077,IL-ECO-077,9003,rvo,Retinal Vein Occlusion,OPH,2021,169995,181.0,27.2,87.4,113.21
4077,IL-ECO-077,9003,rvo,Retinal Vein Occlusion,OPH,2022,169995,186.3,28.2,123.7,114.34
4077,IL-ECO-077,9003,rvo,Retinal Vein Occlusion,OPH,2023,169995,188.2,39.5,68.7,115.48
4077,IL-ECO-077,9003,rvo,Retinal Vein Occlusion,OPH,2024,169995,193.1,53.3,102.4,116.64
4077,IL-ECO-077,9003,rvo,Retinal Vein Occlusion,OPH,2025,169995,216.4,50.8,116.5,117.8
4077,IL-ECO-077,9004,rrms,Relapsing-Remitting Multiple Sclerosis,MS,2021,169995,163.7,22.8,57.5,93.45
4077,IL-ECO-077,9004,rrms,Relapsing-Remitting Multiple Sclerosis,MS,2022,169995,159.3,16.6,69.8,94.38
4077,IL-ECO-077,9004,rrms,Relapsing-Remitting Multiple Sclerosis,MS,2023,169995,167.5,32.4,70.9,95.33
4077,IL-ECO-077,9004,rrms,Relapsing-Remitting Multiple Sclerosis,MS,2024,169995,177.9,37.5,109.9,96.28
4077,IL-ECO-077,9004,rrms,Relapsing-Remitting Multiple Sclerosis,MS,2025,169995,153.8,21.8,87.3,97.24
4077,IL-ECO-077,9005,ppms,Primary Progressive Multiple Sclerosis,MS,2021,169995,41.2,8.2,20.1,23.85
4077,IL-ECO-077,9005,ppms,Primary Progressive Multiple Sclerosis,MS,2022,169995,42.8,7.8,18.0,24.09
4077,IL-ECO-077,9005,ppms,Primary Progressive Multiple Sclerosis,MS,2023,169995,44.7,8.8,15.7,24.33
4077,IL-ECO-077,9005,ppms,Primary Progressive Multiple Sclerosis,MS,2024,169995,42.0,5.5,25.1,24.57
4077,IL-ECO-077,9005,ppms,Primary Progressive Multiple Sclerosis,MS,2025,169995,39.6,8.7,14.6,24.82
4077,IL-ECO-077,9006,hem_a,Hemophilia A,HEM,2021,169995,7.0,1.0,4.0,4.41
4077,IL-ECO-077,9006,hem_a,Hemophilia A,HEM,2022,169995,7.6,1.1,4.7,4.45
4077,IL-ECO-077,9006,hem_a,Hemophilia A,HEM,2023,169995,7.3,0.8,3.4,4.5
4077,IL-ECO-077,9006,hem_a,Hemophilia A,HEM,2024,169995,7.8,1.3,4.0,4.54
4077,IL-ECO-077,9006,hem_a,Hemophilia A,HEM,2025,169995,7.9,0.9,4.6,4.59
4077,IL-ECO-077,9007,sev_asthma,Severe Allergic/Eosinophilic Asthma,RESP,2021,169995,914.5,191.4,346.2,545.61
4077,IL-ECO-077,9007,sev_asthma,Severe Allergic/Eosinophilic Asthma,RESP,2022,169995,907.8,215.1,616.7,551.07
4077,IL-ECO-077,9007,sev_asthma,Severe Allergic/Eosinophilic Asthma,RESP,2023,169995,876.2,106.7,490.3,556.58
4077,IL-ECO-077,9007,sev_asthma,Severe Allergic/Eosinophilic Asthma,RESP,2024,169995,996.0,277.1,478.0,562.15
4077,IL-ECO-077,9007,sev_asthma,Severe Allergic/Eosinophilic Asthma,RESP,2025,169995,981.3,144.8,616.9,567.77
4077,IL-ECO-077,9008,her2_bc,HER2-positive Breast Cancer,ONC,2021,169995,54.2,10.6,22.2,34.14
4077,IL-ECO-077,9008,her2_bc,HER2-positive Breast Cancer,ONC,2022,169995,58.4,15.5,29.1,34.48
4077,IL-ECO-077,9008,her2_bc,HER2-positive Breast Cancer,ONC,2023,169995,56.5,15.8,34.8,34.83
4077,IL-ECO-077,9008,her2_bc,HER2-positive Breast Cancer,ONC,2024,169995,60.9,7.2,23.8,35.17
4077,IL-ECO-077,9008,her2_bc,HER2-positive Breast Cancer,ONC,2025,169995,55.5,14.0,28.8,35.53
4078,OH-ECO-078,9001,wet_amd,Wet Age-related Macular Degeneration,OPH,2021,212641,366.5,94.5,221.7,183.56
4078,OH-ECO-078,9001,wet_amd,Wet Age-related Macular Degeneration,OPH,2022,212641,381.8,97.9,186.0,185.4
4078,OH-ECO-078,9001,wet_amd,Wet Age-related Macular Degeneration,OPH,2023,212641,381.4,82.7,152.7,187.25
4078,OH-ECO-078,9001,wet_amd,Wet Age-related Macular Degeneration,OPH,2024,212641,378.6,41.7,158.1,189.12
4078,OH-ECO-078,9001,wet_amd,Wet Age-related Macular Degeneration,OPH,2025,212641,414.2,90.8,269.1,191.01
4078,OH-ECO-078,9002,dme,Diabetic Macular Edema,OPH,2021,212641,794.2,194.9,396.3,389.62
4078,OH-ECO-078,9002,dme,Diabetic Macular Edema,OPH,2022,212641,812.0,95.3,455.2,393.52
4078,OH-ECO-078,9002,dme,Diabetic Macular Edema,OPH,2023,212641,834.4,207.7,499.7,397.46
4078,OH-ECO-078,9002,dme,Diabetic Macular Edema,OPH,2024,212641,910.1,106.8,481.7,401.43
4078,OH-ECO-078,9002,dme,Diabetic Macular Edema,OPH,2025,212641,794.8,152.8,349.5,405.44
4078,OH-ECO-078,9003,rvo,Retinal Vein Occlusion,OPH,2021,212641,236.1,60.3,98.3,111.59
4078,OH-ECO-078,9003,rvo,Retinal Vein Occlusion,OPH,2022,212641,222.4,23.6,118.0,112.71
4078,OH-ECO-078,9003,rvo,Retinal Vein Occlusion,OPH,2023,212641,236.2,41.9,107.7,113.83
4078,OH-ECO-078,9003,rvo,Retinal Vein Occlusion,OPH,2024,212641,251.3,54.9,168.5,114.97
4078,OH-ECO-078,9003,rvo,Retinal Vein Occlusion,OPH,2025,212641,244.8,66.1,113.7,116.12
4078,OH-ECO-078,9004,rrms,Relapsing-Remitting Multiple Sclerosis,MS,2021,212641,188.1,45.0,75.0,89.7
4078,OH-ECO-078,9004,rrms,Relapsing-Remitting Multiple Sclerosis,MS,2022,212641,184.0,40.4,99.6,90.59
4078,OH-ECO-078,9004,rrms,Relapsing-Remitting Multiple Sclerosis,MS,2023,212641,186.0,40.3,78.6,91.5
4078,OH-ECO-078,9004,rrms,Relapsing-Remitting Multiple Sclerosis,MS,2024,212641,208.2,42.2,78.4,92.42
4078,OH-ECO-078,9004,rrms,Relapsing-Remitting Multiple Sclerosis,MS,2025,212641,202.2,45.9,110.4,93.34
4078,OH-ECO-078,9005,ppms,Primary Progressive Multiple Sclerosis,MS,2021,212641,41.7,8.6,22.1,19.91
4078,OH-ECO-078,9005,ppms,Primary Progressive Multiple Sclerosis,MS,2022,212641,43.4,4.9,28.8,20.1
4078,OH-ECO-078,9005,ppms,Primary Progressive Multiple Sclerosis,MS,2023,212641,43.1,11.4,16.8,20.31
4078,OH-ECO-078,9005,ppms,Primary Progressive Multiple Sclerosis,MS,2024,212641,45.7,6.4,27.9,20.51
4078,OH-ECO-078,9005,ppms,Primary Progressive Multiple Sclerosis,MS,2025,212641,44.1,6.5,22.0,20.71
4078,OH-ECO-078,9006,hem_a,Hemophilia A,HEM,2021,212641,9.0,2.3,6.2,4.47
4078,OH-ECO-078,9006,hem_a,Hemophilia A,HEM,2022,212641,9.0,1.5,3.2,4.51
4078,OH-ECO-078,9006,hem_a,Hemophilia A,HEM,2023,212641,9.5,1.7,4.3,4.56
4078,OH-ECO-078,9006,hem_a,Hemophilia A,HEM,2024,212641,9.6,2.4,4.6,4.6
4078,OH-ECO-078,9006,hem_a,Hemophilia A,HEM,2025,212641,9.9,1.6,6.0,4.65
4078,OH-ECO-078,9007,sev_asthma,Severe Allergic/Eosinophilic Asthma,RESP,2021,212641,891.0,193.7,521.5,426.18
4078,OH-ECO-078,9007,sev_asthma,Severe Allergic/Eosinophilic Asthma,RESP,2022,212641,927.6,128.3,496.3,430.45
4078,OH-ECO-078,9007,sev_asthma,Severe Allergic/Eosinophilic Asthma,RESP,2023,212641,936.3,138.7,613.9,434.75
4078,OH-ECO-078,9007,sev_asthma,Severe Allergic/Eosinophilic Asthma,RESP,2024,212641,888.5,190.0,384.5,439.1
4078,OH-ECO-078,9007,sev_asthma,Severe Allergic/Eosinophilic Asthma,RESP,2025,212641,1076.0,123.1,731.6,443.49
4078,OH-ECO-078,9008,her2_bc,HER2-positive Breast Cancer,ONC,2021,212641,90.7,22.4,47.4,40.99
4078,OH-ECO-078,9008,her2_bc,HER2-positive Breast Cancer,ONC,2022,212641,96.8,14.4,62.7,41.4
4078,OH-ECO-078,9008,her2_bc,HER2-positive Breast Cancer,ONC,2023,212641,92.6,9.9,37.6,41.82
4078,OH-ECO-078,9008,her2_bc,HER2-positive Breast Cancer,ONC,2024,212641,91.5,12.6,61.0,42.24
4078,OH-ECO-078,9008,her2_bc,HER2-positive Breast Cancer,ONC,2025,212641,88.9,12.7,38.5,42.66
4079,GA-ECO-079,9001,wet_amd,Wet Age-related Macular Degeneration,OPH,2021,1569044,3237.8,375.9,1362.4,186.45
4079,GA-ECO-079,9001,wet_amd,Wet Age-related Macular Degeneration,OPH,2022,1569044,2997.0,804.0,2006.0,188.31
4079,GA-ECO-079,9001,wet_amd,Wet Age-related Macular Degeneration,OPH,2023,1569044,2762.1,621.7,1245.3,190.2
4079,GA-ECO-079,9001,wet_amd,Wet Age-related Macular Degeneration,OPH,2024,1569044,2877.1,689.8,1209.7,192.1
4079,GA-ECO-079,9001,wet_amd,Wet Age-related Macular Degeneration,OPH,2025,1569044,3027.1,642.8,1640.2,194.02
4079,GA-ECO-079,9002,dme,Diabetic Macular Edema,OPH,2021,1569044,6347.8,1749.6,4326.5,400.69
4079,GA-ECO-079,9002,dme,Diabetic Macular Edema,OPH,2022,1569044,6150.2,1136.8,2988.6,404.7
4079,GA-ECO-079,9002,dme,Diabetic Macular Edema,OPH,2023,1569044,7055.4,1407.6,2720.6,408.75
4079,GA-ECO-079,9002,dme,Diabetic Macular Edema,OPH,2024,1569044,6357.6,1745.2,3265.5,412.83
4079,GA-ECO-079,9002,dme,Diabetic Macular Edema,OPH,2025,1569044,6479.5,1304.8,3500.8,416.96
4079,GA-ECO-079,9003,rvo,Retinal Vein Occlusion,OPH,2021,1569044,1845.8,341.8,1066.4,114.17
4079,GA-ECO-079,9003,rvo,Retinal Vein Occlusion,OPH,2022,1569044,1908.1,456.2,1153.6,115.31
4079,GA-ECO-079,9003,rvo,Retinal Vein Occlusion,OPH,2023,1569044,1855.0,417.6,1275.4,116.46
4079,GA-ECO-079,9003,rvo,Retinal Vein Occlusion,OPH,2024,1569044,1954.4,203.9,1090.4,117.63
4079,GA-ECO-079,9003,rvo,Retinal Vein Occlusion,OPH,2025,1569044,1751.8,301.8,745.4,118.8
4079,GA-ECO-079,9004,rrms,Relapsing-Remitting Multiple Sclerosis,MS,2021,1569044,1447.1,258.9,972.5,92.18
4079,GA-ECO-079,9004,rrms,Relapsing-Remitting Multiple Sclerosis,MS,2022,1569044,1438.2,260.0,718.3,93.1
4079,GA-ECO-079,9004,rrms,Relapsing-Remitting Multiple Sclerosis,MS,2023,1569044,1509.0,275.7,703.8,94.03
4079,GA-ECO-079,9004,rrms,Relapsing-Remitting Multiple Sclerosis,MS,2024,1569044,1415.2,219.0,734.9,94.97
4079,GA-ECO-079,9004,rrms,Relapsing-Remitting Multiple Sclerosis,MS,2025,1569044,1522.3,332.8,1045.0,95.92
4079,GA-ECO-079,9005,ppms,Primary Progressive Multiple Sclerosis,MS,2021,1569044,347.1,56.6,218.8,21.86
4079,GA-ECO-079,9005,ppms,Primary Progressive Multiple Sclerosis,MS,2022,1569044,363.3,36.4,249.2,22.08
4079,GA-ECO-079,9005,ppms,Primary Progressive Multiple Sclerosis,MS,2023,1569044,339.7,53.3,160.0,22.3
4079,GA-ECO-079,9005,ppms,Primary Progressive Multiple Sclerosis,MS,2024,1569044,373.6,80.1,181.1,22.53
4079,GA-ECO-079,9005,ppms,Primary Progressive Multiple Sclerosis,MS,2025,1569044,338.1,51.2,169.2,22.75
4079,GA-ECO-079,9006,hem_a,Hemophilia A,HEM,2021,1569044,65.2,12.5,34.4,4.46
4079,GA-ECO-079,9006,hem_a,Hemophilia A,HEM,2022,1569044,74.5,19.5,41.6,4.51
4079,GA-ECO-079,9006,hem_a,Hemophilia A,HEM,2023,1569044,74.9,13.6,47.1,4.55
4079,GA-ECO-079,9006,hem_a,Hemophilia A,HEM,2024,1569044,77.5,19.3,39.5,4.6
4079,GA-ECO-079,9006,hem_a,Hemophilia A,HEM,2025,1569044,77.2,7.9,31.9,4.64
4079,GA-ECO-079,9007,sev_asthma,Severe Allergic/Eosinophilic Asthma,RESP,2021,1569044,6440.4,1503.0,4249.1,436.71
4079,GA-ECO-079,9007,sev_asthma,Severe Allergic/Eosinophilic Asthma,RESP,2022,1569044,6841.8,964.9,3756.6,441.08
4079,GA-ECO-079,9007,sev_asthma,Severe Allergic/Eosinophilic Asthma,RESP,2023,1569044,7201.1,1312.1,3031.3,445.49
4079,GA-ECO-079,9007,sev_asthma,Severe Allergic/Eosinophilic Asthma,RESP,2024,1569044,7109.2,1916.2,3339.3,449.94
4079,GA-ECO-079,9007,sev_asthma,Severe Allergic/Eosinophilic Asthma,RESP,2025,1569044,7011.8,1183.9,4001.4,454.44
4079,GA-ECO-079,9008,her2_bc,HER2-positive Breast Cancer,ONC,2021,1569044,565.8,142.0,242.6,34.29
4079,GA-ECO-079,9008,her2_bc,HER2-positive Breast Cancer,ONC,2022,1569044,488.5,119.6,243.9,34.63
4079,GA-ECO-079,9008,her2_bc,HER2-positive Breast Cancer,ONC,2023,1569044,543.6,151.8,319.2,34.98
4079,GA-ECO-079,9008,her2_bc,HER2-positive Breast Cancer,ONC,2024,1569044,533.9,137.1,257.5,35.33
4079,GA-ECO-079,9008,her2_bc,HER2-positive Breast Cancer,ONC,2025,1569044,519.4,101.2,259.1,35.68
