forecast_name,forecast_yrmo,date_year_month,ecosystem_id,product_brand_id,product_brand_name,gross_point_estimate,gross_minimum,gross_maximum
TM1_BASELINE,202412,202501,4000,5101,Retivue,169.101,143.736,194.466
TM1_BASELINE,202412,202502,4000,5101,Retivue,130.268,110.728,149.809
TM1_BASELINE,202412,202503,4000,5101,Retivue,136.775,116.259,157.291
TM1_BASELINE,202412,202504,4000,5101,Retivue,131.436,111.72,151.151
TM1_BASELINE,202412,202505,4000,5101,Retivue,135.746,115.384,156.108
TM1_BASELINE,202412,202506,4000,5101,Retivue,157.539,133.908,181.169
TM1_BASELINE,202412,202501,4000,5102,Vabyseal,118.379,100.622,136.136
TM1_BASELINE,202412,202502,4000,5102,Vabyseal,122.241,103.905,140.577
TM1_BASELINE,202412,202503,4000,5102,Vabyseal,110.157,93.634,126.681
TM1_BASELINE,202412,202504,4000,5102,Vabyseal,127.724,108.566,146.883
TM1_BASELINE,202412,202505,4000,5102,Vabyseal,113.685,96.632,130.738
TM1_BASELINE,202412,202506,4000,5102,Vabyseal,109.249,92.862,125.636
TM1_BASELINE,202412,202501,4000,5105,Ocretiva,88.197,74.967,101.426
TM1_BASELINE,202412,202502,4000,5105,Ocretiva,90.907,77.271,104.543
TM1_BASELINE,202412,202503,4000,5105,Ocretiva,80.039,68.033,92.045
TM1_BASELINE,202412,202504,4000,5105,Ocretiva,82.662,70.262,95.061
TM1_BASELINE,202412,202505,4000,5105,Ocretiva,70.482,59.91,81.055
TM1_BASELINE,202412,202506,4000,5105,Ocretiva,89.281,75.889,102.673
TM1_BASELINE,202412,202501,4000,5109,Hemvia,263.911,224.324,303.497
TM1_BASELINE,202412,202502,4000,5109,Hemvia,320.438,272.372,368.503
TM1_BASELINE,202412,202503,4000,5109,Hemvia,258.779,219.962,297.596
TM1_BASELINE,202412,202504,4000,5109,Hemvia,306.04,260.134,351.946
TM1_BASELINE,202412,202505,4000,5109,Hemvia,264.505,224.829,304.18
TM1_BASELINE,202412,202506,4000,5109,Hemvia,275.03,233.776,316.285
TM1_BASELINE,202412,202501,4000,5112,Xolarin,178.174,151.448,204.9
TM1_BASELINE,202412,202502,4000,5112,Xolarin,222.544,189.162,255.926
TM1_BASELINE,202412,202503,4000,5112,Xolarin,168.08,142.868,193.292
TM1_BASELINE,202412,202504,4000,5112,Xolarin,168.265,143.025,193.505
TM1_BASELINE,202412,202505,4000,5112,Xolarin,216.701,184.196,249.206
TM1_BASELINE,202412,202506,4000,5112,Xolarin,170.902,145.267,196.538
TM1_BASELINE,202412,202501,4000,5116,Perjenta,132.231,112.397,152.066
TM1_BASELINE,202412,202502,4000,5116,Perjenta,147.509,125.383,169.635
TM1_BASELINE,202412,202503,4000,5116,Perjenta,143.528,121.999,165.057
TM1_BASELINE,202412,202504,4000,5116,Perjenta,128.148,108.926,147.37
TM1_BASELINE,202412,202505,4000,5116,Perjenta,130.757,111.143,150.37
TM1_BASELINE,202412,202506,4000,5116,Perjenta,121.938,103.647,140.229
TM1_BASELINE,202412,202501,4000,5117,Phesgrox,93.511,79.484,107.538
TM1_BASELINE,202412,202502,4000,5117,Phesgrox,89.579,76.143,103.016
TM1_BASELINE,202412,202503,4000,5117,Phesgrox,98.024,83.32,112.727
TM1_BASELINE,202412,202504,4000,5117,Phesgrox,90.69,77.087,104.294
TM1_BASELINE,202412,202505,4000,5117,Phesgrox,86.617,73.625,99.61
TM1_BASELINE,202412,202506,4000,5117,Phesgrox,82.087,69.774,94.4
TM1_BASELINE,202412,202501,4000,5118,Kadcynex,62.754,53.341,72.168
TM1_BASELINE,202412,202502,4000,5118,Kadcynex,64.563,54.879,74.247
TM1_BASELINE,202412,202503,4000,5118,Kadcynex,66.918,56.88,76.956
TM1_BASELINE,202412,202504,4000,5118,Kadcynex,60.807,51.686,69.928
TM1_BASELINE,202412,202505,4000,5118,Kadcynex,70.946,60.304,81.588
TM1_BASELINE,202412,202506,4000,5118,Kadcynex,69.841,59.365,80.317
TM1_BASELINE,202412,202501,4001,5101,Retivue,230.954,196.311,265.597
TM1_BASELINE,202412,202502,4001,5101,Retivue,283.314,240.817,325.811
TM1_BASELINE,202412,202503,4001,5101,Retivue,226.886,192.853,260.919
TM1_BASELINE,202412,202504,4001,5101,Retivue,286.591,243.602,329.579
TM1_BASELINE,202412,202505,4001,5101,Retivue,299.977,254.981,344.974
TM1_BASELINE,202412,202506,4001,5101,Retivue,215.021,182.768,247.274
TM1_BASELINE,202412,202501,4001,5102,Vabyseal,293.48,249.458,337.502
TM1_BASELINE,202412,202502,4001,5102,Vabyseal,287.927,244.738,331.117
TM1_BASELINE,202412,202503,4001,5102,Vabyseal,279.368,237.463,321.273
TM1_BASELINE,202412,202504,4001,5102,Vabyseal,295.415,251.102,339.727
TM1_BASELINE,202412,202505,4001,5102,Vabyseal,276.879,235.347,318.41
TM1_BASELINE,202412,202506,4001,5102,Vabyseal,252.592,214.703,290.481
TM1_BASELINE,202412,202501,4001,5105,Ocretiva,247.625,210.481,284.768
TM1_BASELINE,202412,202502,4001,5105,Ocretiva,253.186,215.208,291.164
TM1_BASELINE,202412,202503,4001,5105,Ocretiva,264.027,224.423,303.631
TM1_BASELINE,202412,202504,4001,5105,Ocretiva,245.012,208.26,281.764
TM1_BASELINE,202412,202505,4001,5105,Ocretiva,278.242,236.506,319.979
TM1_BASELINE,202412,202506,4001,5105,Ocretiva,241.836,205.561,278.111
TM1_BASELINE,202412,202501,4001,5109,Hemvia,429.972,365.476,494.468
TM1_BASELINE,202412,202502,4001,5109,Hemvia,432.827,367.903,497.751
TM1_BASELINE,202412,202503,4001,5109,Hemvia,453.99,385.892,522.089
TM1_BASELINE,202412,202504,4001,5109,Hemvia,353.909,300.823,406.995
TM1_BASELINE,202412,202505,4001,5109,Hemvia,434.124,369.006,499.243
TM1_BASELINE,202412,202506,4001,5109,Hemvia,361.169,306.994,415.345
TM1_BASELINE,202412,202501,4001,5112,Xolarin,283.951,241.358,326.543
TM1_BASELINE,202412,202502,4001,5112,Xolarin,253.284,215.291,291.276
TM1_BASELINE,202412,202503,4001,5112,Xolarin,291.708,247.952,335.465
TM1_BASELINE,202412,202504,4001,5112,Xolarin,244.244,207.607,280.88
TM1_BASELINE,202412,202505,4001,5112,Xolarin,280.598,238.509,322.688
TM1_BASELINE,202412,202506,4001,5112,Xolarin,272.331,231.481,313.181
TM1_BASELINE,202412,202501,4001,5116,Perjenta,213.921,181.833,246.009
TM1_BASELINE,202412,202502,4001,5116,Perjenta,216.287,183.844,248.73
TM1_BASELINE,202412,202503,4001,5116,Perjenta,200.021,170.018,230.024
TM1_BASELINE,202412,202504,4001,5116,Perjenta,204.317,173.669,234.964
TM1_BASELINE,202412,202505,4001,5116,Perjenta,242.299,205.954,278.643
TM1_BASELINE,202412,202506,4001,5116,Perjenta,246.168,209.243,283.093
TM1_BASELINE,202412,202501,4001,5117,Phesgrox,103.696,88.142,119.251
TM1_BASELINE,202412,202502,4001,5117,Phesgrox,121.515,103.288,139.742
TM1_BASELINE,202412,202503,4001,5117,Phesgrox,124.751,106.038,143.463
TM1_BASELINE,202412,202504,4001,5117,Phesgrox,118.05,100.342,135.757
TM1_BASELINE,202412,202505,4001,5117,Phesgrox,134.875,114.643,155.106
TM1_BASELINE,202412,202506,4001,5117,Phesgrox,106.287,90.344,122.23
TM1_BASELINE,202412,202501,4001,5118,Kadcynex,83.725,71.166,96.284
TM1_BASELINE,202412,202502,4001,5118,Kadcynex,91.507,77.781,105.234
TM1_BASELINE,202412,202503,4001,5118,Kadcynex,95.648,81.3,109.995
TM1_BASELINE,202412,202504,4001,5118,Kadcynex,96.672,82.171,111.173
TM1_BASELINE,202412,202505,4001,5118,Kadcynex,103.776,88.21,119.343
TM1_BASELINE,202412,202506,4001,5118,Kadcynex,113.598,96.558,130.638
TM1_BASELINE,202412,202501,4002,5101,Retivue,54.911,46.675,63.148
TM1_BASELINE,202412,202502,4002,5101,Retivue,69.352,58.95,79.755
TM1_BASELINE,202412,202503,4002,5101,Retivue,59.399,50.489,68.308
TM1_BASELINE,202412,202504,4002,5101,Retivue,55.849,47.472,64.227
TM1_BASELINE,202412,202505,4002,5101,Retivue,69.212,58.83,79.594
TM1_BASELINE,202412,202506,4002,5101,Retivue,62.972,53.526,72.418
TM1_BASELINE,202412,202501,4002,5102,Vabyseal,48.027,40.823,55.231
TM1_BASELINE,202412,202502,4002,5102,Vabyseal,52.694,44.79,60.598
TM1_BASELINE,202412,202503,4002,5102,Vabyseal,49.736,42.276,57.196
TM1_BASELINE,202412,202504,4002,5102,Vabyseal,50.21,42.679,57.742
TM1_BASELINE,202412,202505,4002,5102,Vabyseal,50.456,42.888,58.025
TM1_BASELINE,202412,202506,4002,5102,Vabyseal,52.889,44.956,60.823
TM1_BASELINE,202412,202501,4002,5105,Ocretiva,52.217,44.384,60.05
TM1_BASELINE,202412,202502,4002,5105,Ocretiva,55.243,46.957,63.53
TM1_BASELINE,202412,202503,4002,5105,Ocretiva,59.06,50.201,67.919
TM1_BASELINE,202412,202504,4002,5105,Ocretiva,47.419,40.306,54.532
TM1_BASELINE,202412,202505,4002,5105,Ocretiva,60.781,51.664,69.898
TM1_BASELINE,202412,202506,4002,5105,Ocretiva,55.226,46.942,63.51
TM1_BASELINE,202412,202501,4002,5109,Hemvia,101.975,86.679,117.271
TM1_BASELINE,202412,202502,4002,5109,Hemvia,110.379,93.823,126.936
TM1_BASELINE,202412,202503,4002,5109,Hemvia,112.397,95.537,129.256
TM1_BASELINE,202412,202504,4002,5109,Hemvia,72.64,61.744,83.536
TM1_BASELINE,202412,202505,4002,5109,Hemvia,96.574,82.088,111.06
TM1_BASELINE,202412,202506,4002,5109,Hemvia,108.196,91.966,124.425
TM1_BASELINE,202412,202501,4002,5112,Xolarin,105.033,89.278,120.788
TM1_BASELINE,202412,202502,4002,5112,Xolarin,115.247,97.96,132.534
TM1_BASELINE,202412,202503,4002,5112,Xolarin,108.083,91.87,124.295
TM1_BASELINE,202412,202504,4002,5112,Xolarin,113.61,96.568,130.651
TM1_BASELINE,202412,202505,4002,5112,Xolarin,99.594,84.655,114.533
TM1_BASELINE,202412,202506,4002,5112,Xolarin,121.269,103.079,139.46
TM1_BASELINE,202412,202501,4002,5116,Perjenta,52.903,44.967,60.838
TM1_BASELINE,202412,202502,4002,5116,Perjenta,65.209,55.427,74.99
TM1_BASELINE,202412,202503,4002,5116,Perjenta,49.587,42.149,57.025
TM1_BASELINE,202412,202504,4002,5116,Perjenta,55.791,47.422,64.159
TM1_BASELINE,202412,202505,4002,5116,Perjenta,53.032,45.077,60.987
TM1_BASELINE,202412,202506,4002,5116,Perjenta,71.475,60.754,82.196
TM1_BASELINE,202412,202501,4002,5117,Phesgrox,25.187,21.409,28.966
TM1_BASELINE,202412,202502,4002,5117,Phesgrox,28.976,24.629,33.322
TM1_BASELINE,202412,202503,4002,5117,Phesgrox,24.803,21.082,28.523
TM1_BASELINE,202412,202504,4002,5117,Phesgrox,27.539,23.408,31.67
TM1_BASELINE,202412,202505,4002,5117,Phesgrox,30.368,25.812,34.923
TM1_BASELINE,202412,202506,4002,5117,Phesgrox,32.216,27.384,37.049
TM1_BASELINE,202412,202501,4002,5118,Kadcynex,20.632,17.537,23.727
TM1_BASELINE,202412,202502,4002,5118,Kadcynex,22.3,18.955,25.645
TM1_BASELINE,202412,202503,4002,5118,Kadcynex,20.641,17.545,23.737
TM1_BASELINE,202412,202504,4002,5118,Kadcynex,18.032,15.327,20.736
TM1_BASELINE,202412,202505,4002,5118,Kadcynex,23.787,20.219,27.355
TM1_BASELINE,202412,202506,4002,5118,Kadcynex,24.164,20.539,27.788
TM1_BASELINE,202412,202501,4003,5101,Retivue,103.893,88.309,119.476
TM1_BASELINE,202412,202502,4003,5101,Retivue,116.64,99.144,134.135
TM1_BASELINE,202412,202503,4003,5101,Retivue,117.903,100.218,135.589
TM1_BASELINE,202412,202504,4003,5101,Retivue,125.185,106.407,143.963
TM1_BASELINE,202412,202505,4003,5101,Retivue,98.988,84.14,113.837
TM1_BASELINE,202412,202506,4003,5101,Retivue,115.015,97.763,132.267
TM1_BASELINE,202412,202501,4003,5102,Vabyseal,78.625,66.831,90.419
TM1_BASELINE,202412,202502,4003,5102,Vabyseal,68.015,57.813,78.217
TM1_BASELINE,202412,202503,4003,5102,Vabyseal,81.434,69.219,93.649
TM1_BASELINE,202412,202504,4003,5102,Vabyseal,65.638,55.792,75.483
TM1_BASELINE,202412,202505,4003,5102,Vabyseal,78.184,66.457,89.912
TM1_BASELINE,202412,202506,4003,5102,Vabyseal,70.728,60.119,81.337
TM1_BASELINE,202412,202501,4003,5105,Ocretiva,102.402,87.042,117.762
TM1_BASELINE,202412,202502,4003,5105,Ocretiva,88.614,75.322,101.906
TM1_BASELINE,202412,202503,4003,5105,Ocretiva,92.059,78.25,105.868
TM1_BASELINE,202412,202504,4003,5105,Ocretiva,103.049,87.592,118.507
TM1_BASELINE,202412,202505,4003,5105,Ocretiva,99.621,84.677,114.564
TM1_BASELINE,202412,202506,4003,5105,Ocretiva,97.024,82.47,111.578
TM1_BASELINE,202412,202501,4003,5109,Hemvia,131.641,111.895,151.388
TM1_BASELINE,202412,202502,4003,5109,Hemvia,142.585,121.198,163.973
TM1_BASELINE,202412,202503,4003,5109,Hemvia,143.703,122.148,165.259
TM1_BASELINE,202412,202504,4003,5109,Hemvia,185.618,157.775,213.46
TM1_BASELINE,202412,202505,4003,5109,Hemvia,162.028,137.724,186.332
TM1_BASELINE,202412,202506,4003,5109,Hemvia,153.72,130.662,176.778
TM1_BASELINE,202412,202501,4003,5112,Xolarin,74.562,63.378,85.747
TM1_BASELINE,202412,202502,4003,5112,Xolarin,118.902,101.066,136.737
TM1_BASELINE,202412,202503,4003,5112,Xolarin,97.148,82.576,111.72
TM1_BASELINE,202412,202504,4003,5112,Xolarin,104.446,88.779,120.113
TM1_BASELINE,202412,202505,4003,5112,Xolarin,105.956,90.063,121.85
TM1_BASELINE,202412,202506,4003,5112,Xolarin,117.137,99.566,134.707
TM1_BASELINE,202412,202501,4003,5116,Perjenta,70.376,59.82,80.933
TM1_BASELINE,202412,202502,4003,5116,Perjenta,54.457,46.288,62.625
TM1_BASELINE,202412,202503,4003,5116,Perjenta,68.286,58.043,78.529
TM1_BASELINE,202412,202504,4003,5116,Perjenta,61.447,52.23,70.665
TM1_BASELINE,202412,202505,4003,5116,Perjenta,64.08,54.468,73.692
TM1_BASELINE,202412,202506,4003,5116,Perjenta,57.341,48.74,65.942
TM1_BASELINE,202412,202501,4003,5117,Phesgrox,51.073,43.412,58.734
TM1_BASELINE,202412,202502,4003,5117,Phesgrox,51.9,44.115,59.685
TM1_BASELINE,202412,202503,4003,5117,Phesgrox,55.811,47.439,64.182
TM1_BASELINE,202412,202504,4003,5117,Phesgrox,57.016,48.464,65.568
TM1_BASELINE,202412,202505,4003,5117,Phesgrox,48.797,41.478,56.117
TM1_BASELINE,202412,202506,4003,5117,Phesgrox,46.903,39.868,53.939
TM1_BASELINE,202412,202501,4003,5118,Kadcynex,49.601,42.161,57.042
TM1_BASELINE,202412,202502,4003,5118,Kadcynex,45.551,38.718,52.384
TM1_BASELINE,202412,202503,4003,5118,Kadcynex,48.0,40.8,55.2
TM1_BASELINE,202412,202504,4003,5118,Kadcynex,50.324,42.775,57.872
TM1_BASELINE,202412,202505,4003,5118,Kadcynex,57.315,48.718,65.912
TM1_BASELINE,202412,202506,4003,5118,Kadcynex,55.326,47.027,63.625
TM1_BASELINE,202412,202501,4004,5101,Retivue,148.363,126.109,170.618
TM1_BASELINE,202412,202502,4004,5101,Retivue,155.53,132.201,178.86
TM1_BASELINE,202412,202503,4004,5101,Retivue,155.33,132.03,178.629
TM1_BASELINE,202412,202504,4004,5101,Retivue,170.795,145.176,196.414
TM1_BASELINE,202412,202505,4004,5101,Retivue,152.509,129.633,175.386
TM1_BASELINE,202412,202506,4004,5101,Retivue,171.932,146.142,197.722
TM1_BASELINE,202412,202501,4004,5102,Vabyseal,76.531,65.051,88.011
TM1_BASELINE,202412,202502,4004,5102,Vabyseal,77.295,65.701,88.889
TM1_BASELINE,202412,202503,4004,5102,Vabyseal,72.626,61.732,83.52
TM1_BASELINE,202412,202504,4004,5102,Vabyseal,79.587,67.649,91.525
TM1_BASELINE,202412,202505,4004,5102,Vabyseal,78.278,66.536,90.02
TM1_BASELINE,202412,202506,4004,5102,Vabyseal,87.842,74.666,101.018
TM1_BASELINE,202412,202501,4004,5105,Ocretiva,64.781,55.064,74.498
TM1_BASELINE,202412,202502,4004,5105,Ocretiva,64.928,55.188,74.667
TM1_BASELINE,202412,202503,4004,5105,Ocretiva,65.24,55.454,75.026
TM1_BASELINE,202412,202504,4004,5105,Ocretiva,77.294,65.7,88.888
TM1_BASELINE,202412,202505,4004,5105,Ocretiva,72.666,61.766,83.566
TM1_BASELINE,202412,202506,4004,5105,Ocretiva,75.43,64.115,86.744
TM1_BASELINE,202412,202501,4004,5109,Hemvia,186.931,158.891,214.97
TM1_BASELINE,202412,202502,4004,5109,Hemvia,189.469,161.049,217.89
TM1_BASELINE,202412,202503,4004,5109,Hemvia,200.813,170.691,230.935
TM1_BASELINE,202412,202504,4004,5109,Hemvia,171.713,145.956,197.47
TM1_BASELINE,202412,202505,4004,5109,Hemvia,203.63,173.086,234.175
TM1_BASELINE,202412,202506,4004,5109,Hemvia,184.113,156.496,211.73
TM1_BASELINE,202412,202501,4004,5112,Xolarin,141.359,120.155,162.563
TM1_BASELINE,202412,202502,4004,5112,Xolarin,135.491,115.167,155.815
TM1_BASELINE,202412,202503,4004,5112,Xolarin,151.588,128.85,174.326
TM1_BASELINE,202412,202504,4004,5112,Xolarin,149.203,126.823,171.583
TM1_BASELINE,202412,202505,4004,5112,Xolarin,144.665,122.965,166.365
TM1_BASELINE,202412,202506,4004,5112,Xolarin,159.912,135.925,183.899
TM1_BASELINE,202412,202501,4004,5116,Perjenta,130.237,110.701,149.772
TM1_BASELINE,202412,202502,4004,5116,Perjenta,107.654,91.506,123.802
TM1_BASELINE,202412,202503,4004,5116,Perjenta,112.177,95.35,129.003
TM1_BASELINE,202412,202504,4004,5116,Perjenta,108.609,92.317,124.9
TM1_BASELINE,202412,202505,4004,5116,Perjenta,93.242,79.256,107.228
TM1_BASELINE,202412,202506,4004,5116,Perjenta,126.824,107.801,145.848
TM1_BASELINE,202412,202501,4004,5117,Phesgrox,68.588,58.3,78.876
TM1_BASELINE,202412,202502,4004,5117,Phesgrox,83.865,71.285,96.444
TM1_BASELINE,202412,202503,4004,5117,Phesgrox,81.902,69.616,94.187
TM1_BASELINE,202412,202504,4004,5117,Phesgrox,54.367,46.212,62.522
TM1_BASELINE,202412,202505,4004,5117,Phesgrox,71.144,60.473,81.816
TM1_BASELINE,202412,202506,4004,5117,Phesgrox,77.018,65.466,88.571
TM1_BASELINE,202412,202501,4004,5118,Kadcynex,29.792,25.323,34.261
TM1_BASELINE,202412,202502,4004,5118,Kadcynex,24.96,21.216,28.704
TM1_BASELINE,202412,202503,4004,5118,Kadcynex,27.012,22.961,31.064
TM1_BASELINE,202412,202504,4004,5118,Kadcynex,24.808,21.087,28.529
TM1_BASELINE,202412,202505,4004,5118,Kadcynex,29.51,25.084,33.937
TM1_BASELINE,202412,202506,4004,5118,Kadcynex,28.794,24.475,33.113
TM1_BASELINE,202412,202501,4005,5101,Retivue,325.423,276.61,374.237
TM1_BASELINE,202412,202502,4005,5101,Retivue,408.231,346.996,469.466
TM1_BASELINE,202412,202503,4005,5101,Retivue,426.648,362.65,490.645
TM1_BASELINE,202412,202504,4005,5101,Retivue,354.608,301.417,407.799
TM1_BASELINE,202412,202505,4005,5101,Retivue,386.846,328.819,444.873
TM1_BASELINE,202412,202506,4005,5101,Retivue,319.524,271.595,367.452
TM1_BASELINE,202412,202501,4005,5102,Vabyseal,297.623,252.98,342.267
TM1_BASELINE,202412,202502,4005,5102,Vabyseal,256.109,217.693,294.525
TM1_BASELINE,202412,202503,4005,5102,Vabyseal,276.105,234.689,317.521
TM1_BASELINE,202412,202504,4005,5102,Vabyseal,266.035,226.13,305.941
TM1_BASELINE,202412,202505,4005,5102,Vabyseal,266.573,226.587,306.559
TM1_BASELINE,202412,202506,4005,5102,Vabyseal,186.827,158.803,214.852
TM1_BASELINE,202412,202501,4005,5105,Ocretiva,224.024,190.42,257.627
TM1_BASELINE,202412,202502,4005,5105,Ocretiva,211.754,179.991,243.517
TM1_BASELINE,202412,202503,4005,5105,Ocretiva,212.423,180.56,244.287
TM1_BASELINE,202412,202504,4005,5105,Ocretiva,184.346,156.694,211.998
TM1_BASELINE,202412,202505,4005,5105,Ocretiva,223.59,190.052,257.129
TM1_BASELINE,202412,202506,4005,5105,Ocretiva,264.851,225.123,304.579
TM1_BASELINE,202412,202501,4005,5109,Hemvia,440.544,374.462,506.625
TM1_BASELINE,202412,202502,4005,5109,Hemvia,387.504,329.378,445.63
TM1_BASELINE,202412,202503,4005,5109,Hemvia,452.583,384.696,520.471
TM1_BASELINE,202412,202504,4005,5109,Hemvia,465.771,395.906,535.637
TM1_BASELINE,202412,202505,4005,5109,Hemvia,442.606,376.215,508.997
TM1_BASELINE,202412,202506,4005,5109,Hemvia,407.48,346.358,468.602
TM1_BASELINE,202412,202501,4005,5112,Xolarin,362.6,308.21,416.99
TM1_BASELINE,202412,202502,4005,5112,Xolarin,482.476,410.105,554.847
TM1_BASELINE,202412,202503,4005,5112,Xolarin,472.596,401.707,543.485
TM1_BASELINE,202412,202504,4005,5112,Xolarin,476.785,405.267,548.303
TM1_BASELINE,202412,202505,4005,5112,Xolarin,371.039,315.383,426.695
TM1_BASELINE,202412,202506,4005,5112,Xolarin,458.216,389.483,526.948
TM1_BASELINE,202412,202501,4005,5116,Perjenta,229.371,194.965,263.776
TM1_BASELINE,202412,202502,4005,5116,Perjenta,258.188,219.46,296.916
TM1_BASELINE,202412,202503,4005,5116,Perjenta,193.464,164.444,222.483
TM1_BASELINE,202412,202504,4005,5116,Perjenta,212.954,181.011,244.897
TM1_BASELINE,202412,202505,4005,5116,Perjenta,248.716,211.409,286.024
TM1_BASELINE,202412,202506,4005,5116,Perjenta,218.14,185.419,250.861
TM1_BASELINE,202412,202501,4005,5117,Phesgrox,258.534,219.754,297.314
TM1_BASELINE,202412,202502,4005,5117,Phesgrox,227.754,193.591,261.917
TM1_BASELINE,202412,202503,4005,5117,Phesgrox,260.289,221.246,299.332
TM1_BASELINE,202412,202504,4005,5117,Phesgrox,243.186,206.708,279.664
TM1_BASELINE,202412,202505,4005,5117,Phesgrox,241.274,205.083,277.465
TM1_BASELINE,202412,202506,4005,5117,Phesgrox,238.625,202.831,274.419
TM1_BASELINE,202412,202501,4005,5118,Kadcynex,128.91,109.574,148.247
TM1_BASELINE,202412,202502,4005,5118,Kadcynex,118.366,100.612,136.121
TM1_BASELINE,202412,202503,4005,5118,Kadcynex,122.025,103.721,140.329
TM1_BASELINE,202412,202504,4005,5118,Kadcynex,130.964,111.319,150.609
TM1_BASELINE,202412,202505,4005,5118,Kadcynex,116.889,99.355,134.422
TM1_BASELINE,202412,202506,4005,5118,Kadcynex,135.869,115.489,156.249
TM1_BASELINE,202412,202501,4006,5101,Retivue,253.455,215.437,291.473
TM1_BASELINE,202412,202502,4006,5101,Retivue,216.27,183.829,248.71
TM1_BASELINE,202412,202503,4006,5101,Retivue,272.737,231.827,313.648
TM1_BASELINE,202412,202504,4006,5101,Retivue,240.571,204.485,276.656
TM1_BASELINE,202412,202505,4006,5101,Retivue,225.611,191.769,259.452
TM1_BASELINE,202412,202506,4006,5101,Retivue,244.682,207.979,281.384
TM1_BASELINE,202412,202501,4006,5102,Vabyseal,246.422,209.459,283.386
TM1_BASELINE,202412,202502,4006,5102,Vabyseal,265.052,225.294,304.81
TM1_BASELINE,202412,202503,4006,5102,Vabyseal,217.983,185.285,250.68
TM1_BASELINE,202412,202504,4006,5102,Vabyseal,235.362,200.058,270.667
TM1_BASELINE,202412,202505,4006,5102,Vabyseal,242.912,206.475,279.349
TM1_BASELINE,202412,202506,4006,5102,Vabyseal,252.498,214.624,290.373
TM1_BASELINE,202412,202501,4006,5105,Ocretiva,227.036,192.981,261.092
TM1_BASELINE,202412,202502,4006,5105,Ocretiva,243.065,206.605,279.524
TM1_BASELINE,202412,202503,4006,5105,Ocretiva,278.717,236.91,320.525
TM1_BASELINE,202412,202504,4006,5105,Ocretiva,282.654,240.256,325.052
TM1_BASELINE,202412,202505,4006,5105,Ocretiva,270.645,230.048,311.241
TM1_BASELINE,202412,202506,4006,5105,Ocretiva,267.799,227.629,307.969
TM1_BASELINE,202412,202501,4006,5109,Hemvia,411.167,349.492,472.842
TM1_BASELINE,202412,202502,4006,5109,Hemvia,482.631,410.236,555.025
TM1_BASELINE,202412,202503,4006,5109,Hemvia,429.167,364.792,493.542
TM1_BASELINE,202412,202504,4006,5109,Hemvia,425.254,361.466,489.042
TM1_BASELINE,202412,202505,4006,5109,Hemvia,390.976,332.329,449.622
TM1_BASELINE,202412,202506,4006,5109,Hemvia,418.505,355.729,481.28
TM1_BASELINE,202412,202501,4006,5112,Xolarin,269.456,229.037,309.874
TM1_BASELINE,202412,202502,4006,5112,Xolarin,260.792,221.673,299.91
TM1_BASELINE,202412,202503,4006,5112,Xolarin,243.038,206.582,279.494
TM1_BASELINE,202412,202504,4006,5112,Xolarin,212.688,180.784,244.591
TM1_BASELINE,202412,202505,4006,5112,Xolarin,246.241,209.305,283.177
TM1_BASELINE,202412,202506,4006,5112,Xolarin,285.897,243.012,328.782
TM1_BASELINE,202412,202501,4006,5116,Perjenta,167.544,142.413,192.676
TM1_BASELINE,202412,202502,4006,5116,Perjenta,197.256,167.667,226.844
TM1_BASELINE,202412,202503,4006,5116,Perjenta,196.218,166.785,225.651
TM1_BASELINE,202412,202504,4006,5116,Perjenta,236.519,201.041,271.997
TM1_BASELINE,202412,202505,4006,5116,Perjenta,183.71,156.153,211.266
TM1_BASELINE,202412,202506,4006,5116,Perjenta,169.296,143.902,194.69
TM1_BASELINE,202412,202501,4006,5117,Phesgrox,115.441,98.125,132.757
TM1_BASELINE,202412,202502,4006,5117,Phesgrox,103.178,87.701,118.654
TM1_BASELINE,202412,202503,4006,5117,Phesgrox,126.097,107.183,145.012
TM1_BASELINE,202412,202504,4006,5117,Phesgrox,132.291,112.448,152.135
TM1_BASELINE,202412,202505,4006,5117,Phesgrox,98.609,83.818,113.401
TM1_BASELINE,202412,202506,4006,5117,Phesgrox,154.458,131.289,177.626
TM1_BASELINE,202412,202501,4006,5118,Kadcynex,117.82,100.147,135.493
TM1_BASELINE,202412,202502,4006,5118,Kadcynex,109.678,93.226,126.129
TM1_BASELINE,202412,202503,4006,5118,Kadcynex,109.727,93.268,126.186
TM1_BASELINE,202412,202504,4006,5118,Kadcynex,120.85,102.723,138.978
TM1_BASELINE,202412,202505,4006,5118,Kadcynex,114.395,97.236,131.554
TM1_BASELINE,202412,202506,4006,5118,Kadcynex,119.588,101.65,137.526
TM1_BASELINE,202412,202501,4007,5101,Retivue,468.179,397.952,538.406
TM1_BASELINE,202412,202502,4007,5101,Retivue,538.203,457.472,618.933
TM1_BASELINE,202412,202503,4007,5101,Retivue,374.83,318.606,431.055
TM1_BASELINE,202412,202504,4007,5101,Retivue,526.14,447.219,605.061
TM1_BASELINE,202412,202505,4007,5101,Retivue,400.755,340.642,460.869
TM1_BASELINE,202412,202506,4007,5101,Retivue,543.836,462.26,625.411
TM1_BASELINE,202412,202501,4007,5102,Vabyseal,465.459,395.64,535.278
TM1_BASELINE,202412,202502,4007,5102,Vabyseal,439.71,373.753,505.666
TM1_BASELINE,202412,202503,4007,5102,Vabyseal,491.277,417.585,564.968
TM1_BASELINE,202412,202504,4007,5102,Vabyseal,363.43,308.915,417.944
TM1_BASELINE,202412,202505,4007,5102,Vabyseal,446.027,379.123,512.931
TM1_BASELINE,202412,202506,4007,5102,Vabyseal,483.542,411.011,556.073
TM1_BASELINE,202412,202501,4007,5105,Ocretiva,522.719,444.311,601.126
TM1_BASELINE,202412,202502,4007,5105,Ocretiva,592.773,503.857,681.688
TM1_BASELINE,202412,202503,4007,5105,Ocretiva,559.327,475.428,643.226
TM1_BASELINE,202412,202504,4007,5105,Ocretiva,534.363,454.209,614.517
TM1_BASELINE,202412,202505,4007,5105,Ocretiva,494.529,420.349,568.708
TM1_BASELINE,202412,202506,4007,5105,Ocretiva,601.267,511.077,691.457
TM1_BASELINE,202412,202501,4007,5109,Hemvia,903.592,768.053,1039.131
TM1_BASELINE,202412,202502,4007,5109,Hemvia,1105.687,939.834,1271.54
TM1_BASELINE,202412,202503,4007,5109,Hemvia,893.623,759.579,1027.666
TM1_BASELINE,202412,202504,4007,5109,Hemvia,859.539,730.608,988.469
TM1_BASELINE,202412,202505,4007,5109,Hemvia,908.9,772.565,1045.235
TM1_BASELINE,202412,202506,4007,5109,Hemvia,1006.676,855.674,1157.677
TM1_BASELINE,202412,202501,4007,5112,Xolarin,736.678,626.176,847.179
TM1_BASELINE,202412,202502,4007,5112,Xolarin,776.148,659.726,892.57
TM1_BASELINE,202412,202503,4007,5112,Xolarin,762.874,648.443,877.305
TM1_BASELINE,202412,202504,4007,5112,Xolarin,836.643,711.147,962.139
TM1_BASELINE,202412,202505,4007,5112,Xolarin,709.174,602.798,815.55
TM1_BASELINE,202412,202506,4007,5112,Xolarin,783.141,665.67,900.612
TM1_BASELINE,202412,202501,4007,5116,Perjenta,377.93,321.24,434.619
TM1_BASELINE,202412,202502,4007,5116,Perjenta,400.098,340.083,460.112
TM1_BASELINE,202412,202503,4007,5116,Perjenta,386.832,328.807,444.857
TM1_BASELINE,202412,202504,4007,5116,Perjenta,439.019,373.166,504.872
TM1_BASELINE,202412,202505,4007,5116,Perjenta,377.741,321.08,434.402
TM1_BASELINE,202412,202506,4007,5116,Perjenta,474.303,403.158,545.449
TM1_BASELINE,202412,202501,4007,5117,Phesgrox,435.822,370.449,501.196
TM1_BASELINE,202412,202502,4007,5117,Phesgrox,434.267,369.127,499.407
TM1_BASELINE,202412,202503,4007,5117,Phesgrox,515.546,438.214,592.877
TM1_BASELINE,202412,202504,4007,5117,Phesgrox,522.734,444.324,601.144
TM1_BASELINE,202412,202505,4007,5117,Phesgrox,514.231,437.097,591.366
TM1_BASELINE,202412,202506,4007,5117,Phesgrox,570.51,484.934,656.087
TM1_BASELINE,202412,202501,4007,5118,Kadcynex,240.951,204.808,277.093
TM1_BASELINE,202412,202502,4007,5118,Kadcynex,291.575,247.838,335.311
TM1_BASELINE,202412,202503,4007,5118,Kadcynex,260.989,221.841,300.137
TM1_BASELINE,202412,202504,4007,5118,Kadcynex,273.47,232.449,314.49
TM1_BASELINE,202412,202505,4007,5118,Kadcynex,241.12,204.952,277.288
TM1_BASELINE,202412,202506,4007,5118,Kadcynex,207.443,176.327,238.559
TM1_BASELINE,202412,202501,4008,5101,Retivue,163.856,139.278,188.435
TM1_BASELINE,202412,202502,4008,5101,Retivue,146.059,124.151,167.968
TM1_BASELINE,202412,202503,4008,5101,Retivue,146.771,124.756,168.787
TM1_BASELINE,202412,202504,4008,5101,Retivue,173.621,147.578,199.665
TM1_BASELINE,202412,202505,4008,5101,Retivue,137.651,117.003,158.299
TM1_BASELINE,202412,202506,4008,5101,Retivue,170.033,144.528,195.538
TM1_BASELINE,202412,202501,4008,5102,Vabyseal,136.961,116.417,157.506
TM1_BASELINE,202412,202502,4008,5102,Vabyseal,174.274,148.133,200.416
TM1_BASELINE,202412,202503,4008,5102,Vabyseal,153.396,130.387,176.406
TM1_BASELINE,202412,202504,4008,5102,Vabyseal,153.562,130.528,176.596
TM1_BASELINE,202412,202505,4008,5102,Vabyseal,139.322,118.423,160.22
TM1_BASELINE,202412,202506,4008,5102,Vabyseal,134.103,113.987,154.218
TM1_BASELINE,202412,202501,4008,5105,Ocretiva,180.296,153.252,207.341
TM1_BASELINE,202412,202502,4008,5105,Ocretiva,183.062,155.603,210.521
TM1_BASELINE,202412,202503,4008,5105,Ocretiva,160.0,136.0,184.0
TM1_BASELINE,202412,202504,4008,5105,Ocretiva,148.178,125.951,170.405
TM1_BASELINE,202412,202505,4008,5105,Ocretiva,215.145,182.873,247.417
TM1_BASELINE,202412,202506,4008,5105,Ocretiva,170.593,145.004,196.181
TM1_BASELINE,202412,202501,4008,5109,Hemvia,198.785,168.967,228.603
TM1_BASELINE,202412,202502,4008,5109,Hemvia,188.954,160.611,217.297
TM1_BASELINE,202412,202503,4008,5109,Hemvia,208.104,176.889,239.32
TM1_BASELINE,202412,202504,4008,5109,Hemvia,211.563,179.828,243.297
TM1_BASELINE,202412,202505,4008,5109,Hemvia,190.074,161.563,218.585
TM1_BASELINE,202412,202506,4008,5109,Hemvia,214.044,181.937,246.15
TM1_BASELINE,202412,202501,4008,5112,Xolarin,209.816,178.344,241.288
TM1_BASELINE,202412,202502,4008,5112,Xolarin,251.811,214.04,289.583
TM1_BASELINE,202412,202503,4008,5112,Xolarin,289.703,246.248,333.159
TM1_BASELINE,202412,202504,4008,5112,Xolarin,245.197,208.417,281.977
TM1_BASELINE,202412,202505,4008,5112,Xolarin,254.372,216.216,292.527
TM1_BASELINE,202412,202506,4008,5112,Xolarin,259.058,220.199,297.917
TM1_BASELINE,202412,202501,4008,5116,Perjenta,145.397,123.587,167.206
TM1_BASELINE,202412,202502,4008,5116,Perjenta,164.208,139.576,188.839
TM1_BASELINE,202412,202503,4008,5116,Perjenta,156.115,132.698,179.532
TM1_BASELINE,202412,202504,4008,5116,Perjenta,177.818,151.145,204.491
TM1_BASELINE,202412,202505,4008,5116,Perjenta,145.368,123.562,167.173
TM1_BASELINE,202412,202506,4008,5116,Perjenta,137.25,116.662,157.837
TM1_BASELINE,202412,202501,4008,5117,Phesgrox,67.75,57.588,77.913
TM1_BASELINE,202412,202502,4008,5117,Phesgrox,62.253,52.915,71.591
TM1_BASELINE,202412,202503,4008,5117,Phesgrox,65.52,55.692,75.348
TM1_BASELINE,202412,202504,4008,5117,Phesgrox,60.625,51.531,69.719
TM1_BASELINE,202412,202505,4008,5117,Phesgrox,79.921,67.933,91.909
TM1_BASELINE,202412,202506,4008,5117,Phesgrox,62.177,52.851,71.504
TM1_BASELINE,202412,202501,4008,5118,Kadcynex,61.805,52.534,71.075
TM1_BASELINE,202412,202502,4008,5118,Kadcynex,67.757,57.593,77.92
TM1_BASELINE,202412,202503,4008,5118,Kadcynex,61.199,52.019,70.379
TM1_BASELINE,202412,202504,4008,5118,Kadcynex,66.618,56.625,76.611
TM1_BASELINE,202412,202505,4008,5118,Kadcynex,64.683,54.981,74.386
TM1_BASELINE,202412,202506,4008,5118,Kadcynex,63.819,54.246,73.391
TM1_BASELINE,202412,202501,4009,5101,Retivue,263.062,223.603,302.522
TM1_BASELINE,202412,202502,4009,5101,Retivue,305.434,259.619,351.249
TM1_BASELINE,202412,202503,4009,5101,Retivue,266.579,226.592,306.565
TM1_BASELINE,202412,202504,4009,5101,Retivue,256.414,217.952,294.876
TM1_BASELINE,202412,202505,4009,5101,Retivue,273.247,232.26,314.234
TM1_BASELINE,202412,202506,4009,5101,Retivue,258.335,219.585,297.085
TM1_BASELINE,202412,202501,4009,5102,Vabyseal,261.528,222.299,300.757
TM1_BASELINE,202412,202502,4009,5102,Vabyseal,203.773,173.207,234.339
TM1_BASELINE,202412,202503,4009,5102,Vabyseal,258.037,219.331,296.742
TM1_BASELINE,202412,202504,4009,5102,Vabyseal,243.52,206.992,280.048
TM1_BASELINE,202412,202505,4009,5102,Vabyseal,248.891,211.558,286.225
TM1_BASELINE,202412,202506,4009,5102,Vabyseal,215.286,182.993,247.579
TM1_BASELINE,202412,202501,4009,5105,Ocretiva,234.176,199.049,269.302
TM1_BASELINE,202412,202502,4009,5105,Ocretiva,209.764,178.299,241.228
TM1_BASELINE,202412,202503,4009,5105,Ocretiva,274.831,233.607,316.056
TM1_BASELINE,202412,202504,4009,5105,Ocretiva,227.118,193.051,261.186
TM1_BASELINE,202412,202505,4009,5105,Ocretiva,277.341,235.74,318.942
TM1_BASELINE,202412,202506,4009,5105,Ocretiva,220.763,187.649,253.877
TM1_BASELINE,202412,202501,4009,5109,Hemvia,364.003,309.403,418.604
TM1_BASELINE,202412,202502,4009,5109,Hemvia,307.35,261.247,353.452
TM1_BASELINE,202412,202503,4009,5109,Hemvia,346.861,294.832,398.891
TM1_BASELINE,202412,202504,4009,5109,Hemvia,364.267,309.627,418.907
TM1_BASELINE,202412,202505,4009,5109,Hemvia,363.473,308.952,417.994
TM1_BASELINE,202412,202506,4009,5109,Hemvia,370.493,314.919,426.067
TM1_BASELINE,202412,202501,4009,5112,Xolarin,355.016,301.763,408.268
TM1_BASELINE,202412,202502,4009,5112,Xolarin,343.491,291.967,395.015
TM1_BASELINE,202412,202503,4009,5112,Xolarin,321.42,273.207,369.634
TM1_BASELINE,202412,202504,4009,5112,Xolarin,326.63,277.635,375.624
TM1_BASELINE,202412,202505,4009,5112,Xolarin,352.298,299.453,405.143
TM1_BASELINE,202412,202506,4009,5112,Xolarin,381.763,324.499,439.028
TM1_BASELINE,202412,202501,4009,5116,Perjenta,145.627,123.783,167.471
TM1_BASELINE,202412,202502,4009,5116,Perjenta,156.068,132.657,179.478
TM1_BASELINE,202412,202503,4009,5116,Perjenta,172.047,146.24,197.854
TM1_BASELINE,202412,202504,4009,5116,Perjenta,149.778,127.312,172.245
TM1_BASELINE,202412,202505,4009,5116,Perjenta,174.133,148.013,200.253
TM1_BASELINE,202412,202506,4009,5116,Perjenta,175.53,149.2,201.859
TM1_BASELINE,202412,202501,4009,5117,Phesgrox,138.358,117.605,159.112
TM1_BASELINE,202412,202502,4009,5117,Phesgrox,153.911,130.825,176.998
TM1_BASELINE,202412,202503,4009,5117,Phesgrox,148.415,126.153,170.677
TM1_BASELINE,202412,202504,4009,5117,Phesgrox,160.916,136.779,185.054
TM1_BASELINE,202412,202505,4009,5117,Phesgrox,162.032,137.728,186.337
TM1_BASELINE,202412,202506,4009,5117,Phesgrox,134.292,114.148,154.436
TM1_BASELINE,202412,202501,4009,5118,Kadcynex,102.654,87.256,118.052
TM1_BASELINE,202412,202502,4009,5118,Kadcynex,137.986,117.288,158.684
TM1_BASELINE,202412,202503,4009,5118,Kadcynex,109.506,93.08,125.932
TM1_BASELINE,202412,202504,4009,5118,Kadcynex,105.592,89.753,121.431
TM1_BASELINE,202412,202505,4009,5118,Kadcynex,112.044,95.237,128.85
TM1_BASELINE,202412,202506,4009,5118,Kadcynex,116.132,98.712,133.552
TM1_BASELINE,202412,202501,4010,5101,Retivue,197.975,168.279,227.671
TM1_BASELINE,202412,202502,4010,5101,Retivue,206.131,175.211,237.05
TM1_BASELINE,202412,202503,4010,5101,Retivue,210.633,179.038,242.228
TM1_BASELINE,202412,202504,4010,5101,Retivue,245.608,208.767,282.449
TM1_BASELINE,202412,202505,4010,5101,Retivue,238.178,202.451,273.904
TM1_BASELINE,202412,202506,4010,5101,Retivue,218.789,185.97,251.607
TM1_BASELINE,202412,202501,4010,5102,Vabyseal,211.369,179.664,243.074
TM1_BASELINE,202412,202502,4010,5102,Vabyseal,234.768,199.553,269.983
TM1_BASELINE,202412,202503,4010,5102,Vabyseal,186.513,158.536,214.49
TM1_BASELINE,202412,202504,4010,5102,Vabyseal,203.058,172.6,233.517
TM1_BASELINE,202412,202505,4010,5102,Vabyseal,218.142,185.421,250.863
TM1_BASELINE,202412,202506,4010,5102,Vabyseal,205.432,174.617,236.246
TM1_BASELINE,202412,202501,4010,5105,Ocretiva,162.029,137.725,186.334
TM1_BASELINE,202412,202502,4010,5105,Ocretiva,159.277,135.385,183.168
TM1_BASELINE,202412,202503,4010,5105,Ocretiva,164.504,139.829,189.18
TM1_BASELINE,202412,202504,4010,5105,Ocretiva,141.555,120.322,162.789
TM1_BASELINE,202412,202505,4010,5105,Ocretiva,134.803,114.582,155.023
TM1_BASELINE,202412,202506,4010,5105,Ocretiva,164.363,139.708,189.017
TM1_BASELINE,202412,202501,4010,5109,Hemvia,381.6,324.36,438.84
TM1_BASELINE,202412,202502,4010,5109,Hemvia,374.091,317.978,430.205
TM1_BASELINE,202412,202503,4010,5109,Hemvia,333.238,283.252,383.224
TM1_BASELINE,202412,202504,4010,5109,Hemvia,369.012,313.66,424.363
TM1_BASELINE,202412,202505,4010,5109,Hemvia,373.04,317.084,428.996
TM1_BASELINE,202412,202506,4010,5109,Hemvia,431.158,366.484,495.832
TM1_BASELINE,202412,202501,4010,5112,Xolarin,297.294,252.7,341.889
TM1_BASELINE,202412,202502,4010,5112,Xolarin,207.363,176.259,238.467
TM1_BASELINE,202412,202503,4010,5112,Xolarin,290.971,247.325,334.617
TM1_BASELINE,202412,202504,4010,5112,Xolarin,242.125,205.806,278.444
TM1_BASELINE,202412,202505,4010,5112,Xolarin,211.586,179.848,243.323
TM1_BASELINE,202412,202506,4010,5112,Xolarin,232.689,197.786,267.593
TM1_BASELINE,202412,202501,4010,5116,Perjenta,139.778,118.811,160.745
TM1_BASELINE,202412,202502,4010,5116,Perjenta,138.405,117.644,159.165
TM1_BASELINE,202412,202503,4010,5116,Perjenta,142.46,121.091,163.829
TM1_BASELINE,202412,202504,4010,5116,Perjenta,173.438,147.422,199.454
TM1_BASELINE,202412,202505,4010,5116,Perjenta,156.606,133.115,180.097
TM1_BASELINE,202412,202506,4010,5116,Perjenta,173.418,147.405,199.431
TM1_BASELINE,202412,202501,4010,5117,Phesgrox,118.834,101.009,136.659
TM1_BASELINE,202412,202502,4010,5117,Phesgrox,103.913,88.326,119.5
TM1_BASELINE,202412,202503,4010,5117,Phesgrox,93.931,79.841,108.021
TM1_BASELINE,202412,202504,4010,5117,Phesgrox,104.42,88.757,120.083
TM1_BASELINE,202412,202505,4010,5117,Phesgrox,131.225,111.542,150.909
TM1_BASELINE,202412,202506,4010,5117,Phesgrox,102.693,87.289,118.097
TM1_BASELINE,202412,202501,4010,5118,Kadcynex,61.272,52.081,70.462
TM1_BASELINE,202412,202502,4010,5118,Kadcynex,70.876,60.245,81.507
TM1_BASELINE,202412,202503,4010,5118,Kadcynex,65.764,55.899,75.628
TM1_BASELINE,202412,202504,4010,5118,Kadcynex,77.886,66.203,89.569
TM1_BASELINE,202412,202505,4010,5118,Kadcynex,59.571,50.635,68.506
TM1_BASELINE,202412,202506,4010,5118,Kadcynex,58.76,49.946,67.574
TM1_BASELINE,202412,202501,4011,5101,Retivue,399.198,339.319,459.078
TM1_BASELINE,202412,202502,4011,5101,Retivue,362.398,308.038,416.757
TM1_BASELINE,202412,202503,4011,5101,Retivue,394.565,335.381,453.75
TM1_BASELINE,202412,202504,4011,5101,Retivue,341.274,290.082,392.465
TM1_BASELINE,202412,202505,4011,5101,Retivue,406.555,345.572,467.538
TM1_BASELINE,202412,202506,4011,5101,Retivue,373.984,317.886,430.082
TM1_BASELINE,202412,202501,4011,5102,Vabyseal,268.751,228.439,309.064
TM1_BASELINE,202412,202502,4011,5102,Vabyseal,232.797,197.877,267.716
TM1_BASELINE,202412,202503,4011,5102,Vabyseal,266.485,226.512,306.458
TM1_BASELINE,202412,202504,4011,5102,Vabyseal,247.241,210.155,284.327
TM1_BASELINE,202412,202505,4011,5102,Vabyseal,277.668,236.018,319.318
TM1_BASELINE,202412,202506,4011,5102,Vabyseal,262.381,223.024,301.738
TM1_BASELINE,202412,202501,4011,5105,Ocretiva,197.89,168.206,227.573
TM1_BASELINE,202412,202502,4011,5105,Ocretiva,273.985,232.887,315.082
TM1_BASELINE,202412,202503,4011,5105,Ocretiva,232.281,197.439,267.123
TM1_BASELINE,202412,202504,4011,5105,Ocretiva,259.133,220.263,298.002
TM1_BASELINE,202412,202505,4011,5105,Ocretiva,288.177,244.951,331.404
TM1_BASELINE,202412,202506,4011,5105,Ocretiva,268.854,228.526,309.182
TM1_BASELINE,202412,202501,4011,5109,Hemvia,493.228,419.244,567.212
TM1_BASELINE,202412,202502,4011,5109,Hemvia,588.438,500.172,676.703
TM1_BASELINE,202412,202503,4011,5109,Hemvia,576.403,489.943,662.864
TM1_BASELINE,202412,202504,4011,5109,Hemvia,485.551,412.718,558.383
TM1_BASELINE,202412,202505,4011,5109,Hemvia,440.146,374.124,506.167
TM1_BASELINE,202412,202506,4011,5109,Hemvia,564.082,479.47,648.695
TM1_BASELINE,202412,202501,4011,5112,Xolarin,489.542,416.111,562.974
TM1_BASELINE,202412,202502,4011,5112,Xolarin,497.753,423.09,572.416
TM1_BASELINE,202412,202503,4011,5112,Xolarin,446.195,379.266,513.125
TM1_BASELINE,202412,202504,4011,5112,Xolarin,546.84,464.814,628.866
TM1_BASELINE,202412,202505,4011,5112,Xolarin,505.523,429.695,581.352
TM1_BASELINE,202412,202506,4011,5112,Xolarin,450.156,382.632,517.679
TM1_BASELINE,202412,202501,4011,5116,Perjenta,289.907,246.421,333.393
TM1_BASELINE,202412,202502,4011,5116,Perjenta,303.665,258.115,349.214
TM1_BASELINE,202412,202503,4011,5116,Perjenta,278.106,236.39,319.821
TM1_BASELINE,202412,202504,4011,5116,Perjenta,269.185,228.807,309.562
TM1_BASELINE,202412,202505,4011,5116,Perjenta,292.655,248.757,336.553
TM1_BASELINE,202412,202506,4011,5116,Perjenta,247.864,210.684,285.044
TM1_BASELINE,202412,202501,4011,5117,Phesgrox,187.789,159.621,215.957
TM1_BASELINE,202412,202502,4011,5117,Phesgrox,159.058,135.199,182.916
TM1_BASELINE,202412,202503,4011,5117,Phesgrox,164.952,140.209,189.695
TM1_BASELINE,202412,202504,4011,5117,Phesgrox,184.632,156.937,212.326
TM1_BASELINE,202412,202505,4011,5117,Phesgrox,186.353,158.4,214.305
TM1_BASELINE,202412,202506,4011,5117,Phesgrox,149.51,127.083,171.936
TM1_BASELINE,202412,202501,4011,5118,Kadcynex,124.159,105.535,142.783
TM1_BASELINE,202412,202502,4011,5118,Kadcynex,101.138,85.968,116.309
TM1_BASELINE,202412,202503,4011,5118,Kadcynex,110.16,93.636,126.685
TM1_BASELINE,202412,202504,4011,5118,Kadcynex,109.515,93.088,125.942
TM1_BASELINE,202412,202505,4011,5118,Kadcynex,118.223,100.489,135.956
TM1_BASELINE,202412,202506,4011,5118,Kadcynex,128.387,109.129,147.645
TM1_BASELINE,202412,202501,4012,5101,Retivue,140.989,119.841,162.138
TM1_BASELINE,202412,202502,4012,5101,Retivue,111.18,94.503,127.857
TM1_BASELINE,202412,202503,4012,5101,Retivue,155.185,131.907,178.462
TM1_BASELINE,202412,202504,4012,5101,Retivue,127.556,108.423,146.689
TM1_BASELINE,202412,202505,4012,5101,Retivue,147.306,125.21,169.402
TM1_BASELINE,202412,202506,4012,5101,Retivue,139.479,118.557,160.401
TM1_BASELINE,202412,202501,4012,5102,Vabyseal,127.514,108.387,146.642
TM1_BASELINE,202412,202502,4012,5102,Vabyseal,154.139,131.018,177.259
TM1_BASELINE,202412,202503,4012,5102,Vabyseal,121.137,102.967,139.308
TM1_BASELINE,202412,202504,4012,5102,Vabyseal,172.157,146.333,197.98
TM1_BASELINE,202412,202505,4012,5102,Vabyseal,142.235,120.9,163.571
TM1_BASELINE,202412,202506,4012,5102,Vabyseal,156.032,132.627,179.437
TM1_BASELINE,202412,202501,4012,5105,Ocretiva,362.062,307.752,416.371
TM1_BASELINE,202412,202502,4012,5105,Ocretiva,476.668,405.168,548.169
TM1_BASELINE,202412,202503,4012,5105,Ocretiva,362.003,307.702,416.303
TM1_BASELINE,202412,202504,4012,5105,Ocretiva,401.711,341.454,461.968
TM1_BASELINE,202412,202505,4012,5105,Ocretiva,394.39,335.232,453.549
TM1_BASELINE,202412,202506,4012,5105,Ocretiva,373.911,317.824,429.997
TM1_BASELINE,202412,202501,4012,5109,Hemvia,442.83,376.405,509.254
TM1_BASELINE,202412,202502,4012,5109,Hemvia,529.63,450.185,609.074
TM1_BASELINE,202412,202503,4012,5109,Hemvia,442.952,376.509,509.395
TM1_BASELINE,202412,202504,4012,5109,Hemvia,533.226,453.242,613.209
TM1_BASELINE,202412,202505,4012,5109,Hemvia,538.252,457.514,618.99
TM1_BASELINE,202412,202506,4012,5109,Hemvia,529.215,449.833,608.598
TM1_BASELINE,202412,202501,4012,5112,Xolarin,316.538,269.057,364.018
TM1_BASELINE,202412,202502,4012,5112,Xolarin,285.682,242.83,328.535
TM1_BASELINE,202412,202503,4012,5112,Xolarin,252.596,214.707,290.485
TM1_BASELINE,202412,202504,4012,5112,Xolarin,300.641,255.545,345.737
TM1_BASELINE,202412,202505,4012,5112,Xolarin,334.595,284.406,384.784
TM1_BASELINE,202412,202506,4012,5112,Xolarin,281.443,239.226,323.659
TM1_BASELINE,202412,202501,4012,5116,Perjenta,185.585,157.747,213.423
TM1_BASELINE,202412,202502,4012,5116,Perjenta,215.139,182.868,247.41
TM1_BASELINE,202412,202503,4012,5116,Perjenta,192.42,163.557,221.283
TM1_BASELINE,202412,202504,4012,5116,Perjenta,168.559,143.275,193.843
TM1_BASELINE,202412,202505,4012,5116,Perjenta,172.266,146.426,198.106
TM1_BASELINE,202412,202506,4012,5116,Perjenta,191.066,162.406,219.726
TM1_BASELINE,202412,202501,4012,5117,Phesgrox,155.084,131.821,178.347
TM1_BASELINE,202412,202502,4012,5117,Phesgrox,182.274,154.933,209.615
TM1_BASELINE,202412,202503,4012,5117,Phesgrox,152.676,129.775,175.578
TM1_BASELINE,202412,202504,4012,5117,Phesgrox,179.689,152.736,206.643
TM1_BASELINE,202412,202505,4012,5117,Phesgrox,163.888,139.305,188.472
TM1_BASELINE,202412,202506,4012,5117,Phesgrox,159.131,135.261,183.001
TM1_BASELINE,202412,202501,4012,5118,Kadcynex,88.212,74.98,101.443
TM1_BASELINE,202412,202502,4012,5118,Kadcynex,79.931,67.941,91.921
TM1_BASELINE,202412,202503,4012,5118,Kadcynex,73.242,62.256,84.229
TM1_BASELINE,202412,202504,4012,5118,Kadcynex,80.01,68.009,92.012
TM1_BASELINE,202412,202505,4012,5118,Kadcynex,64.172,54.546,73.798
TM1_BASELINE,202412,202506,4012,5118,Kadcynex,61.143,51.972,70.315
TM1_BASELINE,202412,202501,4013,5101,Retivue,295.739,251.378,340.1
TM1_BASELINE,202412,202502,4013,5101,Retivue,328.507,279.231,377.783
TM1_BASELINE,202412,202503,4013,5101,Retivue,295.641,251.295,339.987
TM1_BASELINE,202412,202504,4013,5101,Retivue,329.791,280.322,379.26
TM1_BASELINE,202412,202505,4013,5101,Retivue,248.038,210.832,285.243
TM1_BASELINE,202412,202506,4013,5101,Retivue,290.373,246.817,333.929
TM1_BASELINE,202412,202501,4013,5102,Vabyseal,235.342,200.041,270.643
TM1_BASELINE,202412,202502,4013,5102,Vabyseal,266.332,226.382,306.282
TM1_BASELINE,202412,202503,4013,5102,Vabyseal,275.989,234.591,317.387
TM1_BASELINE,202412,202504,4013,5102,Vabyseal,254.83,216.605,293.054
TM1_BASELINE,202412,202505,4013,5102,Vabyseal,258.387,219.629,297.145
TM1_BASELINE,202412,202506,4013,5102,Vabyseal,226.589,192.601,260.577
TM1_BASELINE,202412,202501,4013,5105,Ocretiva,262.418,223.056,301.781
TM1_BASELINE,202412,202502,4013,5105,Ocretiva,214.366,182.211,246.521
TM1_BASELINE,202412,202503,4013,5105,Ocretiva,220.321,187.273,253.369
TM1_BASELINE,202412,202504,4013,5105,Ocretiva,273.09,232.126,314.053
TM1_BASELINE,202412,202505,4013,5105,Ocretiva,263.06,223.601,302.519
TM1_BASELINE,202412,202506,4013,5105,Ocretiva,253.782,215.715,291.849
TM1_BASELINE,202412,202501,4013,5109,Hemvia,480.806,408.685,552.926
TM1_BASELINE,202412,202502,4013,5109,Hemvia,445.577,378.74,512.413
TM1_BASELINE,202412,202503,4013,5109,Hemvia,595.792,506.423,685.16
TM1_BASELINE,202412,202504,4013,5109,Hemvia,565.244,480.458,650.031
TM1_BASELINE,202412,202505,4013,5109,Hemvia,597.982,508.285,687.68
TM1_BASELINE,202412,202506,4013,5109,Hemvia,672.569,571.683,773.454
TM1_BASELINE,202412,202501,4013,5112,Xolarin,425.444,361.628,489.261
TM1_BASELINE,202412,202502,4013,5112,Xolarin,365.558,310.724,420.392
TM1_BASELINE,202412,202503,4013,5112,Xolarin,485.237,412.452,558.023
TM1_BASELINE,202412,202504,4013,5112,Xolarin,373.388,317.38,429.396
TM1_BASELINE,202412,202505,4013,5112,Xolarin,389.699,331.244,448.154
TM1_BASELINE,202412,202506,4013,5112,Xolarin,419.797,356.828,482.767
TM1_BASELINE,202412,202501,4013,5116,Perjenta,221.49,188.267,254.714
TM1_BASELINE,202412,202502,4013,5116,Perjenta,212.632,180.737,244.527
TM1_BASELINE,202412,202503,4013,5116,Perjenta,225.646,191.799,259.493
TM1_BASELINE,202412,202504,4013,5116,Perjenta,222.268,188.928,255.608
TM1_BASELINE,202412,202505,4013,5116,Perjenta,203.857,173.279,234.436
TM1_BASELINE,202412,202506,4013,5116,Perjenta,205.687,174.834,236.54
TM1_BASELINE,202412,202501,4013,5117,Phesgrox,190.796,162.176,219.415
TM1_BASELINE,202412,202502,4013,5117,Phesgrox,201.184,171.006,231.361
TM1_BASELINE,202412,202503,4013,5117,Phesgrox,231.612,196.87,266.354
TM1_BASELINE,202412,202504,4013,5117,Phesgrox,203.988,173.39,234.586
TM1_BASELINE,202412,202505,4013,5117,Phesgrox,260.781,221.664,299.898
TM1_BASELINE,202412,202506,4013,5117,Phesgrox,210.316,178.769,241.863
TM1_BASELINE,202412,202501,4013,5118,Kadcynex,125.767,106.902,144.632
TM1_BASELINE,202412,202502,4013,5118,Kadcynex,118.723,100.915,136.532
TM1_BASELINE,202412,202503,4013,5118,Kadcynex,139.666,118.716,160.616
TM1_BASELINE,202412,202504,4013,5118,Kadcynex,148.221,125.988,170.454
TM1_BASELINE,202412,202505,4013,5118,Kadcynex,147.449,125.331,169.566
TM1_BASELINE,202412,202506,4013,5118,Kadcynex,169.373,143.967,194.779
TM1_BASELINE,202412,202501,4014,5101,Retivue,266.17,226.245,306.096
TM1_BASELINE,202412,202502,4014,5101,Retivue,298.851,254.023,343.679
TM1_BASELINE,202412,202503,4014,5101,Retivue,247.898,210.713,285.082
TM1_BASELINE,202412,202504,4014,5101,Retivue,267.715,227.557,307.872
TM1_BASELINE,202412,202505,4014,5101,Retivue,285.983,243.085,328.88
TM1_BASELINE,202412,202506,4014,5101,Retivue,242.943,206.501,279.384
TM1_BASELINE,202412,202501,4014,5102,Vabyseal,154.839,131.613,178.065
TM1_BASELINE,202412,202502,4014,5102,Vabyseal,178.096,151.382,204.811
TM1_BASELINE,202412,202503,4014,5102,Vabyseal,165.043,140.286,189.799
TM1_BASELINE,202412,202504,4014,5102,Vabyseal,182.989,155.54,210.437
TM1_BASELINE,202412,202505,4014,5102,Vabyseal,161.919,137.631,186.207
TM1_BASELINE,202412,202506,4014,5102,Vabyseal,189.782,161.315,218.249
TM1_BASELINE,202412,202501,4014,5105,Ocretiva,245.842,208.966,282.719
TM1_BASELINE,202412,202502,4014,5105,Ocretiva,272.941,231.999,313.882
TM1_BASELINE,202412,202503,4014,5105,Ocretiva,306.519,260.541,352.497
TM1_BASELINE,202412,202504,4014,5105,Ocretiva,267.971,227.775,308.167
TM1_BASELINE,202412,202505,4014,5105,Ocretiva,304.327,258.678,349.976
TM1_BASELINE,202412,202506,4014,5105,Ocretiva,295.684,251.331,340.036
TM1_BASELINE,202412,202501,4014,5109,Hemvia,441.861,375.582,508.141
TM1_BASELINE,202412,202502,4014,5109,Hemvia,382.202,324.872,439.532
TM1_BASELINE,202412,202503,4014,5109,Hemvia,455.779,387.412,524.146
TM1_BASELINE,202412,202504,4014,5109,Hemvia,407.133,346.063,468.203
TM1_BASELINE,202412,202505,4014,5109,Hemvia,427.888,363.704,492.071
TM1_BASELINE,202412,202506,4014,5109,Hemvia,427.509,363.383,491.636
TM1_BASELINE,202412,202501,4014,5112,Xolarin,348.66,296.361,400.959
TM1_BASELINE,202412,202502,4014,5112,Xolarin,286.444,243.478,329.411
TM1_BASELINE,202412,202503,4014,5112,Xolarin,362.116,307.799,416.434
TM1_BASELINE,202412,202504,4014,5112,Xolarin,321.883,273.6,370.165
TM1_BASELINE,202412,202505,4014,5112,Xolarin,333.158,283.185,383.132
TM1_BASELINE,202412,202506,4014,5112,Xolarin,366.709,311.703,421.716
TM1_BASELINE,202412,202501,4014,5116,Perjenta,280.323,238.275,322.372
TM1_BASELINE,202412,202502,4014,5116,Perjenta,304.667,258.967,350.367
TM1_BASELINE,202412,202503,4014,5116,Perjenta,257.948,219.255,296.64
TM1_BASELINE,202412,202504,4014,5116,Perjenta,319.771,271.805,367.736
TM1_BASELINE,202412,202505,4014,5116,Perjenta,266.024,226.12,305.928
TM1_BASELINE,202412,202506,4014,5116,Perjenta,211.961,180.167,243.755
TM1_BASELINE,202412,202501,4014,5117,Phesgrox,104.85,89.123,120.578
TM1_BASELINE,202412,202502,4014,5117,Phesgrox,113.618,96.575,130.661
TM1_BASELINE,202412,202503,4014,5117,Phesgrox,136.212,115.78,156.644
TM1_BASELINE,202412,202504,4014,5117,Phesgrox,143.674,122.123,165.225
TM1_BASELINE,202412,202505,4014,5117,Phesgrox,132.767,112.852,152.682
TM1_BASELINE,202412,202506,4014,5117,Phesgrox,139.947,118.955,160.939
TM1_BASELINE,202412,202501,4014,5118,Kadcynex,112.513,95.636,129.39
TM1_BASELINE,202412,202502,4014,5118,Kadcynex,101.588,86.35,116.826
TM1_BASELINE,202412,202503,4014,5118,Kadcynex,94.608,80.416,108.799
TM1_BASELINE,202412,202504,4014,5118,Kadcynex,106.902,90.866,122.937
TM1_BASELINE,202412,202505,4014,5118,Kadcynex,99.227,84.343,114.111
TM1_BASELINE,202412,202506,4014,5118,Kadcynex,118.757,100.944,136.571
TM1_BASELINE,202412,202501,4015,5101,Retivue,142.349,120.997,163.702
TM1_BASELINE,202412,202502,4015,5101,Retivue,171.518,145.79,197.246
TM1_BASELINE,202412,202503,4015,5101,Retivue,140.913,119.776,162.05
TM1_BASELINE,202412,202504,4015,5101,Retivue,153.687,130.634,176.74
TM1_BASELINE,202412,202505,4015,5101,Retivue,134.639,114.443,154.835
TM1_BASELINE,202412,202506,4015,5101,Retivue,145.812,123.94,167.683
TM1_BASELINE,202412,202501,4015,5102,Vabyseal,81.598,69.358,93.837
TM1_BASELINE,202412,202502,4015,5102,Vabyseal,86.565,73.58,99.55
TM1_BASELINE,202412,202503,4015,5102,Vabyseal,100.246,85.209,115.282
TM1_BASELINE,202412,202504,4015,5102,Vabyseal,107.131,91.062,123.201
TM1_BASELINE,202412,202505,4015,5102,Vabyseal,103.164,87.689,118.639
TM1_BASELINE,202412,202506,4015,5102,Vabyseal,106.36,90.406,122.314
TM1_BASELINE,202412,202501,4015,5105,Ocretiva,92.446,78.579,106.313
TM1_BASELINE,202412,202502,4015,5105,Ocretiva,77.81,66.139,89.482
TM1_BASELINE,202412,202503,4015,5105,Ocretiva,78.883,67.051,90.715
TM1_BASELINE,202412,202504,4015,5105,Ocretiva,73.659,62.61,84.708
TM1_BASELINE,202412,202505,4015,5105,Ocretiva,80.988,68.84,93.136
TM1_BASELINE,202412,202506,4015,5105,Ocretiva,85.433,72.618,98.247
TM1_BASELINE,202412,202501,4015,5109,Hemvia,146.259,124.32,168.198
TM1_BASELINE,202412,202502,4015,5109,Hemvia,146.908,124.872,168.945
TM1_BASELINE,202412,202503,4015,5109,Hemvia,161.641,137.395,185.888
TM1_BASELINE,202412,202504,4015,5109,Hemvia,166.51,141.533,191.486
TM1_BASELINE,202412,202505,4015,5109,Hemvia,162.7,138.295,187.105
TM1_BASELINE,202412,202506,4015,5109,Hemvia,173.031,147.077,198.986
TM1_BASELINE,202412,202501,4015,5112,Xolarin,194.726,165.517,223.935
TM1_BASELINE,202412,202502,4015,5112,Xolarin,200.057,170.049,230.066
TM1_BASELINE,202412,202503,4015,5112,Xolarin,169.763,144.298,195.227
TM1_BASELINE,202412,202504,4015,5112,Xolarin,201.385,171.178,231.593
TM1_BASELINE,202412,202505,4015,5112,Xolarin,190.052,161.544,218.56
TM1_BASELINE,202412,202506,4015,5112,Xolarin,183.315,155.817,210.812
TM1_BASELINE,202412,202501,4015,5116,Perjenta,101.361,86.156,116.565
TM1_BASELINE,202412,202502,4015,5116,Perjenta,114.239,97.103,131.375
TM1_BASELINE,202412,202503,4015,5116,Perjenta,119.36,101.456,137.264
TM1_BASELINE,202412,202504,4015,5116,Perjenta,118.354,100.601,136.107
TM1_BASELINE,202412,202505,4015,5116,Perjenta,115.561,98.227,132.895
TM1_BASELINE,202412,202506,4015,5116,Perjenta,114.754,97.541,131.967
TM1_BASELINE,202412,202501,4015,5117,Phesgrox,81.013,68.861,93.165
TM1_BASELINE,202412,202502,4015,5117,Phesgrox,72.271,61.43,83.111
TM1_BASELINE,202412,202503,4015,5117,Phesgrox,71.357,60.654,82.061
TM1_BASELINE,202412,202504,4015,5117,Phesgrox,68.536,58.256,78.817
TM1_BASELINE,202412,202505,4015,5117,Phesgrox,80.846,68.719,92.973
TM1_BASELINE,202412,202506,4015,5117,Phesgrox,81.558,69.324,93.791
TM1_BASELINE,202412,202501,4015,5118,Kadcynex,60.543,51.462,69.625
TM1_BASELINE,202412,202502,4015,5118,Kadcynex,52.916,44.978,60.853
TM1_BASELINE,202412,202503,4015,5118,Kadcynex,53.744,45.683,61.806
TM1_BASELINE,202412,202504,4015,5118,Kadcynex,63.013,53.561,72.464
TM1_BASELINE,202412,202505,4015,5118,Kadcynex,56.309,47.862,64.755
TM1_BASELINE,202412,202506,4015,5118,Kadcynex,60.333,51.283,69.382
TM1_BASELINE,202412,202501,4016,5101,Retivue,208.795,177.476,240.115
TM1_BASELINE,202412,202502,4016,5101,Retivue,216.304,183.859,248.75
TM1_BASELINE,202412,202503,4016,5101,Retivue,244.33,207.68,280.979
TM1_BASELINE,202412,202504,4016,5101,Retivue,175.739,149.379,202.1
TM1_BASELINE,202412,202505,4016,5101,Retivue,182.946,155.504,210.388
TM1_BASELINE,202412,202506,4016,5101,Retivue,221.465,188.245,254.685
TM1_BASELINE,202412,202501,4016,5102,Vabyseal,123.898,105.313,142.482
TM1_BASELINE,202412,202502,4016,5102,Vabyseal,151.976,129.18,174.773
TM1_BASELINE,202412,202503,4016,5102,Vabyseal,145.309,123.513,167.105
TM1_BASELINE,202412,202504,4016,5102,Vabyseal,162.338,137.987,186.689
TM1_BASELINE,202412,202505,4016,5102,Vabyseal,126.628,107.634,145.622
TM1_BASELINE,202412,202506,4016,5102,Vabyseal,128.889,109.556,148.222
TM1_BASELINE,202412,202501,4016,5105,Ocretiva,98.383,83.625,113.14
TM1_BASELINE,202412,202502,4016,5105,Ocretiva,77.79,66.122,89.459
TM1_BASELINE,202412,202503,4016,5105,Ocretiva,91.163,77.489,104.838
TM1_BASELINE,202412,202504,4016,5105,Ocretiva,114.276,97.135,131.418
TM1_BASELINE,202412,202505,4016,5105,Ocretiva,106.207,90.276,122.138
TM1_BASELINE,202412,202506,4016,5105,Ocretiva,99.796,84.826,114.765
TM1_BASELINE,202412,202501,4016,5109,Hemvia,202.246,171.909,232.583
TM1_BASELINE,202412,202502,4016,5109,Hemvia,177.159,150.585,203.733
TM1_BASELINE,202412,202503,4016,5109,Hemvia,168.511,143.234,193.788
TM1_BASELINE,202412,202504,4016,5109,Hemvia,222.979,189.532,256.426
TM1_BASELINE,202412,202505,4016,5109,Hemvia,210.869,179.238,242.499
TM1_BASELINE,202412,202506,4016,5109,Hemvia,202.018,171.715,232.32
TM1_BASELINE,202412,202501,4016,5112,Xolarin,182.208,154.877,209.539
TM1_BASELINE,202412,202502,4016,5112,Xolarin,177.491,150.867,204.114
TM1_BASELINE,202412,202503,4016,5112,Xolarin,176.906,150.37,203.441
TM1_BASELINE,202412,202504,4016,5112,Xolarin,145.587,123.749,167.425
TM1_BASELINE,202412,202505,4016,5112,Xolarin,165.664,140.814,190.514
TM1_BASELINE,202412,202506,4016,5112,Xolarin,146.833,124.808,168.858
TM1_BASELINE,202412,202501,4016,5116,Perjenta,116.17,98.744,133.595
TM1_BASELINE,202412,202502,4016,5116,Perjenta,120.059,102.05,138.068
TM1_BASELINE,202412,202503,4016,5116,Perjenta,127.531,108.402,146.661
TM1_BASELINE,202412,202504,4016,5116,Perjenta,133.445,113.428,153.461
TM1_BASELINE,202412,202505,4016,5116,Perjenta,133.615,113.573,153.658
TM1_BASELINE,202412,202506,4016,5116,Perjenta,130.66,111.061,150.259
TM1_BASELINE,202412,202501,4016,5117,Phesgrox,89.909,76.423,103.396
TM1_BASELINE,202412,202502,4016,5117,Phesgrox,88.41,75.148,101.671
TM1_BASELINE,202412,202503,4016,5117,Phesgrox,94.861,80.632,109.09
TM1_BASELINE,202412,202504,4016,5117,Phesgrox,93.987,79.889,108.086
TM1_BASELINE,202412,202505,4016,5117,Phesgrox,103.747,88.185,119.309
TM1_BASELINE,202412,202506,4016,5117,Phesgrox,99.194,84.315,114.073
TM1_BASELINE,202412,202501,4016,5118,Kadcynex,53.809,45.737,61.88
TM1_BASELINE,202412,202502,4016,5118,Kadcynex,51.423,43.71,59.137
TM1_BASELINE,202412,202503,4016,5118,Kadcynex,41.168,34.993,47.343
TM1_BASELINE,202412,202504,4016,5118,Kadcynex,52.039,44.233,59.845
TM1_BASELINE,202412,202505,4016,5118,Kadcynex,40.926,34.787,47.065
TM1_BASELINE,202412,202506,4016,5118,Kadcynex,50.547,42.965,58.129
TM1_BASELINE,202412,202501,4017,5101,Retivue,189.491,161.067,217.915
TM1_BASELINE,202412,202502,4017,5101,Retivue,218.077,185.365,250.789
TM1_BASELINE,202412,202503,4017,5101,Retivue,208.09,176.876,239.303
TM1_BASELINE,202412,202504,4017,5101,Retivue,221.34,188.139,254.541
TM1_BASELINE,202412,202505,4017,5101,Retivue,210.484,178.911,242.057
TM1_BASELINE,202412,202506,4017,5101,Retivue,235.845,200.468,271.222
TM1_BASELINE,202412,202501,4017,5102,Vabyseal,314.166,267.041,361.291
TM1_BASELINE,202412,202502,4017,5102,Vabyseal,244.885,208.152,281.617
TM1_BASELINE,202412,202503,4017,5102,Vabyseal,288.332,245.082,331.582
TM1_BASELINE,202412,202504,4017,5102,Vabyseal,288.696,245.392,332.001
TM1_BASELINE,202412,202505,4017,5102,Vabyseal,265.752,225.89,305.615
TM1_BASELINE,202412,202506,4017,5102,Vabyseal,286.462,243.493,329.432
TM1_BASELINE,202412,202501,4017,5105,Ocretiva,230.738,196.127,265.349
TM1_BASELINE,202412,202502,4017,5105,Ocretiva,238.39,202.631,274.148
TM1_BASELINE,202412,202503,4017,5105,Ocretiva,243.062,206.602,279.521
TM1_BASELINE,202412,202504,4017,5105,Ocretiva,220.394,187.335,253.453
TM1_BASELINE,202412,202505,4017,5105,Ocretiva,219.946,186.954,252.938
TM1_BASELINE,202412,202506,4017,5105,Ocretiva,244.056,207.448,280.664
TM1_BASELINE,202412,202501,4017,5109,Hemvia,520.187,442.159,598.215
TM1_BASELINE,202412,202502,4017,5109,Hemvia,572.971,487.025,658.917
TM1_BASELINE,202412,202503,4017,5109,Hemvia,620.132,527.112,713.152
TM1_BASELINE,202412,202504,4017,5109,Hemvia,523.682,445.13,602.234
TM1_BASELINE,202412,202505,4017,5109,Hemvia,464.807,395.086,534.528
TM1_BASELINE,202412,202506,4017,5109,Hemvia,593.474,504.453,682.495
TM1_BASELINE,202412,202501,4017,5112,Xolarin,310.888,264.255,357.521
TM1_BASELINE,202412,202502,4017,5112,Xolarin,328.348,279.095,377.6
TM1_BASELINE,202412,202503,4017,5112,Xolarin,346.195,294.266,398.124
TM1_BASELINE,202412,202504,4017,5112,Xolarin,374.332,318.183,430.482
TM1_BASELINE,202412,202505,4017,5112,Xolarin,344.588,292.9,396.276
TM1_BASELINE,202412,202506,4017,5112,Xolarin,317.032,269.478,364.587
TM1_BASELINE,202412,202501,4017,5116,Perjenta,235.851,200.473,271.229
TM1_BASELINE,202412,202502,4017,5116,Perjenta,219.951,186.959,252.944
TM1_BASELINE,202412,202503,4017,5116,Perjenta,263.524,223.995,303.052
TM1_BASELINE,202412,202504,4017,5116,Perjenta,210.779,179.162,242.396
TM1_BASELINE,202412,202505,4017,5116,Perjenta,257.43,218.815,296.044
TM1_BASELINE,202412,202506,4017,5116,Perjenta,258.956,220.112,297.799
TM1_BASELINE,202412,202501,4017,5117,Phesgrox,122.317,103.97,140.665
TM1_BASELINE,202412,202502,4017,5117,Phesgrox,148.167,125.942,170.393
TM1_BASELINE,202412,202503,4017,5117,Phesgrox,123.41,104.898,141.921
TM1_BASELINE,202412,202504,4017,5117,Phesgrox,144.02,122.417,165.623
TM1_BASELINE,202412,202505,4017,5117,Phesgrox,125.87,106.989,144.75
TM1_BASELINE,202412,202506,4017,5117,Phesgrox,122.741,104.33,141.152
TM1_BASELINE,202412,202501,4017,5118,Kadcynex,88.908,75.572,102.245
TM1_BASELINE,202412,202502,4017,5118,Kadcynex,88.613,75.321,101.905
TM1_BASELINE,202412,202503,4017,5118,Kadcynex,78.037,66.331,89.742
TM1_BASELINE,202412,202504,4017,5118,Kadcynex,93.261,79.272,107.25
TM1_BASELINE,202412,202505,4017,5118,Kadcynex,88.905,75.57,102.241
TM1_BASELINE,202412,202506,4017,5118,Kadcynex,82.411,70.049,94.773
TM1_BASELINE,202412,202501,4018,5101,Retivue,378.431,321.666,435.195
TM1_BASELINE,202412,202502,4018,5101,Retivue,392.078,333.266,450.889
TM1_BASELINE,202412,202503,4018,5101,Retivue,445.175,378.398,511.951
TM1_BASELINE,202412,202504,4018,5101,Retivue,504.493,428.819,580.167
TM1_BASELINE,202412,202505,4018,5101,Retivue,365.46,310.641,420.279
TM1_BASELINE,202412,202506,4018,5101,Retivue,422.334,358.984,485.684
TM1_BASELINE,202412,202501,4018,5102,Vabyseal,265.784,225.916,305.652
TM1_BASELINE,202412,202502,4018,5102,Vabyseal,226.214,192.282,260.146
TM1_BASELINE,202412,202503,4018,5102,Vabyseal,232.762,197.848,267.676
TM1_BASELINE,202412,202504,4018,5102,Vabyseal,218.894,186.06,251.728
TM1_BASELINE,202412,202505,4018,5102,Vabyseal,246.269,209.329,283.21
TM1_BASELINE,202412,202506,4018,5102,Vabyseal,265.762,225.897,305.626
TM1_BASELINE,202412,202501,4018,5105,Ocretiva,323.901,275.316,372.486
TM1_BASELINE,202412,202502,4018,5105,Ocretiva,365.436,310.621,420.252
TM1_BASELINE,202412,202503,4018,5105,Ocretiva,455.093,386.829,523.357
TM1_BASELINE,202412,202504,4018,5105,Ocretiva,359.61,305.669,413.552
TM1_BASELINE,202412,202505,4018,5105,Ocretiva,437.534,371.904,503.164
TM1_BASELINE,202412,202506,4018,5105,Ocretiva,373.046,317.089,429.003
TM1_BASELINE,202412,202501,4018,5109,Hemvia,763.308,648.812,877.805
TM1_BASELINE,202412,202502,4018,5109,Hemvia,816.596,694.107,939.086
TM1_BASELINE,202412,202503,4018,5109,Hemvia,892.845,758.919,1026.772
TM1_BASELINE,202412,202504,4018,5109,Hemvia,839.184,713.306,965.062
TM1_BASELINE,202412,202505,4018,5109,Hemvia,769.227,653.843,884.611
TM1_BASELINE,202412,202506,4018,5109,Hemvia,817.3,694.705,939.895
TM1_BASELINE,202412,202501,4018,5112,Xolarin,812.464,690.594,934.334
TM1_BASELINE,202412,202502,4018,5112,Xolarin,764.05,649.442,878.657
TM1_BASELINE,202412,202503,4018,5112,Xolarin,734.893,624.659,845.127
TM1_BASELINE,202412,202504,4018,5112,Xolarin,635.965,540.57,731.359
TM1_BASELINE,202412,202505,4018,5112,Xolarin,871.48,740.758,1002.201
TM1_BASELINE,202412,202506,4018,5112,Xolarin,815.836,693.461,938.212
TM1_BASELINE,202412,202501,4018,5116,Perjenta,339.286,288.393,390.179
TM1_BASELINE,202412,202502,4018,5116,Perjenta,368.224,312.99,423.457
TM1_BASELINE,202412,202503,4018,5116,Perjenta,347.054,294.996,399.112
TM1_BASELINE,202412,202504,4018,5116,Perjenta,375.388,319.08,431.697
TM1_BASELINE,202412,202505,4018,5116,Perjenta,376.36,319.906,432.814
TM1_BASELINE,202412,202506,4018,5116,Perjenta,309.501,263.076,355.927
TM1_BASELINE,202412,202501,4018,5117,Phesgrox,367.997,312.798,423.197
TM1_BASELINE,202412,202502,4018,5117,Phesgrox,296.439,251.973,340.905
TM1_BASELINE,202412,202503,4018,5117,Phesgrox,331.934,282.144,381.724
TM1_BASELINE,202412,202504,4018,5117,Phesgrox,325.339,276.538,374.14
TM1_BASELINE,202412,202505,4018,5117,Phesgrox,307.13,261.06,353.199
TM1_BASELINE,202412,202506,4018,5117,Phesgrox,281.069,238.909,323.229
TM1_BASELINE,202412,202501,4018,5118,Kadcynex,96.331,81.881,110.78
TM1_BASELINE,202412,202502,4018,5118,Kadcynex,112.254,95.416,129.092
TM1_BASELINE,202412,202503,4018,5118,Kadcynex,133.669,113.619,153.72
TM1_BASELINE,202412,202504,4018,5118,Kadcynex,113.505,96.479,130.531
TM1_BASELINE,202412,202505,4018,5118,Kadcynex,128.691,109.387,147.995
TM1_BASELINE,202412,202506,4018,5118,Kadcynex,105.553,89.72,121.386
TM1_BASELINE,202412,202501,4019,5101,Retivue,40.437,34.372,46.503
TM1_BASELINE,202412,202502,4019,5101,Retivue,36.954,31.411,42.497
TM1_BASELINE,202412,202503,4019,5101,Retivue,40.366,34.311,46.421
TM1_BASELINE,202412,202504,4019,5101,Retivue,36.964,31.419,42.508
TM1_BASELINE,202412,202505,4019,5101,Retivue,41.312,35.115,47.508
TM1_BASELINE,202412,202506,4019,5101,Retivue,46.491,39.518,53.465
TM1_BASELINE,202412,202501,4019,5102,Vabyseal,66.013,56.111,75.915
TM1_BASELINE,202412,202502,4019,5102,Vabyseal,53.187,45.209,61.165
TM1_BASELINE,202412,202503,4019,5102,Vabyseal,56.011,47.61,64.413
TM1_BASELINE,202412,202504,4019,5102,Vabyseal,54.891,46.657,63.125
TM1_BASELINE,202412,202505,4019,5102,Vabyseal,55.95,47.557,64.342
TM1_BASELINE,202412,202506,4019,5102,Vabyseal,63.333,53.833,72.832
TM1_BASELINE,202412,202501,4019,5105,Ocretiva,66.34,56.389,76.291
TM1_BASELINE,202412,202502,4019,5105,Ocretiva,61.683,52.431,70.936
TM1_BASELINE,202412,202503,4019,5105,Ocretiva,57.236,48.651,65.822
TM1_BASELINE,202412,202504,4019,5105,Ocretiva,62.725,53.316,72.134
TM1_BASELINE,202412,202505,4019,5105,Ocretiva,69.61,59.168,80.051
TM1_BASELINE,202412,202506,4019,5105,Ocretiva,65.067,55.307,74.827
TM1_BASELINE,202412,202501,4019,5109,Hemvia,61.285,52.092,70.478
TM1_BASELINE,202412,202502,4019,5109,Hemvia,88.036,74.83,101.241
TM1_BASELINE,202412,202503,4019,5109,Hemvia,51.719,43.961,59.477
TM1_BASELINE,202412,202504,4019,5109,Hemvia,77.294,65.7,88.888
TM1_BASELINE,202412,202505,4019,5109,Hemvia,84.286,71.643,96.929
TM1_BASELINE,202412,202506,4019,5109,Hemvia,83.315,70.818,95.813
TM1_BASELINE,202412,202501,4019,5112,Xolarin,83.714,71.157,96.271
TM1_BASELINE,202412,202502,4019,5112,Xolarin,90.092,76.578,103.605
TM1_BASELINE,202412,202503,4019,5112,Xolarin,75.698,64.343,87.053
TM1_BASELINE,202412,202504,4019,5112,Xolarin,85.476,72.654,98.297
TM1_BASELINE,202412,202505,4019,5112,Xolarin,62.483,53.111,71.856
TM1_BASELINE,202412,202506,4019,5112,Xolarin,78.359,66.605,90.113
TM1_BASELINE,202412,202501,4019,5116,Perjenta,43.619,37.076,50.162
TM1_BASELINE,202412,202502,4019,5116,Perjenta,46.829,39.804,53.853
TM1_BASELINE,202412,202503,4019,5116,Perjenta,54.717,46.51,62.925
TM1_BASELINE,202412,202504,4019,5116,Perjenta,52.129,44.31,59.949
TM1_BASELINE,202412,202505,4019,5116,Perjenta,45.259,38.47,52.048
TM1_BASELINE,202412,202506,4019,5116,Perjenta,42.289,35.946,48.633
TM1_BASELINE,202412,202501,4019,5117,Phesgrox,31.03,26.376,35.685
TM1_BASELINE,202412,202502,4019,5117,Phesgrox,32.136,27.316,36.957
TM1_BASELINE,202412,202503,4019,5117,Phesgrox,31.365,26.66,36.07
TM1_BASELINE,202412,202504,4019,5117,Phesgrox,35.076,29.815,40.338
TM1_BASELINE,202412,202505,4019,5117,Phesgrox,29.065,24.705,33.424
TM1_BASELINE,202412,202506,4019,5117,Phesgrox,30.353,25.8,34.906
TM1_BASELINE,202412,202501,4019,5118,Kadcynex,23.433,19.918,26.948
TM1_BASELINE,202412,202502,4019,5118,Kadcynex,23.358,19.854,26.862
TM1_BASELINE,202412,202503,4019,5118,Kadcynex,23.081,19.619,26.543
TM1_BASELINE,202412,202504,4019,5118,Kadcynex,23.88,20.298,27.463
TM1_BASELINE,202412,202505,4019,5118,Kadcynex,22.823,19.399,26.246
TM1_BASELINE,202412,202506,4019,5118,Kadcynex,20.86,17.731,23.989
TM1_BASELINE,202412,202501,4020,5101,Retivue,476.348,404.896,547.8
TM1_BASELINE,202412,202502,4020,5101,Retivue,553.544,470.512,636.575
TM1_BASELINE,202412,202503,4020,5101,Retivue,438.704,372.898,504.509
TM1_BASELINE,202412,202504,4020,5101,Retivue,428.417,364.154,492.679
TM1_BASELINE,202412,202505,4020,5101,Retivue,489.504,416.078,562.929
TM1_BASELINE,202412,202506,4020,5101,Retivue,439.265,373.375,505.154
TM1_BASELINE,202412,202501,4020,5102,Vabyseal,469.465,399.045,539.885
TM1_BASELINE,202412,202502,4020,5102,Vabyseal,451.038,383.382,518.693
TM1_BASELINE,202412,202503,4020,5102,Vabyseal,564.637,479.941,649.333
TM1_BASELINE,202412,202504,4020,5102,Vabyseal,520.28,442.238,598.322
TM1_BASELINE,202412,202505,4020,5102,Vabyseal,483.004,410.554,555.455
TM1_BASELINE,202412,202506,4020,5102,Vabyseal,491.641,417.895,565.387
TM1_BASELINE,202412,202501,4020,5105,Ocretiva,399.679,339.727,459.63
TM1_BASELINE,202412,202502,4020,5105,Ocretiva,450.999,383.349,518.649
TM1_BASELINE,202412,202503,4020,5105,Ocretiva,507.269,431.179,583.359
TM1_BASELINE,202412,202504,4020,5105,Ocretiva,474.269,403.128,545.409
TM1_BASELINE,202412,202505,4020,5105,Ocretiva,380.172,323.146,437.197
TM1_BASELINE,202412,202506,4020,5105,Ocretiva,398.802,338.982,458.622
TM1_BASELINE,202412,202501,4020,5109,Hemvia,1031.021,876.368,1185.674
TM1_BASELINE,202412,202502,4020,5109,Hemvia,814.2,692.07,936.33
TM1_BASELINE,202412,202503,4020,5109,Hemvia,964.009,819.408,1108.611
TM1_BASELINE,202412,202504,4020,5109,Hemvia,773.822,657.748,889.895
TM1_BASELINE,202412,202505,4020,5109,Hemvia,924.676,785.975,1063.378
TM1_BASELINE,202412,202506,4020,5109,Hemvia,977.825,831.151,1124.499
TM1_BASELINE,202412,202501,4020,5112,Xolarin,911.741,774.979,1048.502
TM1_BASELINE,202412,202502,4020,5112,Xolarin,994.614,845.422,1143.806
TM1_BASELINE,202412,202503,4020,5112,Xolarin,962.699,818.294,1107.104
TM1_BASELINE,202412,202504,4020,5112,Xolarin,771.52,655.792,887.247
TM1_BASELINE,202412,202505,4020,5112,Xolarin,957.254,813.666,1100.843
TM1_BASELINE,202412,202506,4020,5112,Xolarin,923.186,784.708,1061.664
TM1_BASELINE,202412,202501,4020,5116,Perjenta,269.799,229.329,310.269
TM1_BASELINE,202412,202502,4020,5116,Perjenta,291.255,247.567,334.943
TM1_BASELINE,202412,202503,4020,5116,Perjenta,303.424,257.911,348.938
TM1_BASELINE,202412,202504,4020,5116,Perjenta,318.209,270.478,365.941
TM1_BASELINE,202412,202505,4020,5116,Perjenta,328.446,279.179,377.713
TM1_BASELINE,202412,202506,4020,5116,Perjenta,288.705,245.399,332.011
TM1_BASELINE,202412,202501,4020,5117,Phesgrox,339.768,288.803,390.733
TM1_BASELINE,202412,202502,4020,5117,Phesgrox,318.426,270.662,366.19
TM1_BASELINE,202412,202503,4020,5117,Phesgrox,297.178,252.601,341.754
TM1_BASELINE,202412,202504,4020,5117,Phesgrox,291.068,247.408,334.729
TM1_BASELINE,202412,202505,4020,5117,Phesgrox,313.165,266.19,360.14
TM1_BASELINE,202412,202506,4020,5117,Phesgrox,307.181,261.104,353.259
TM1_BASELINE,202412,202501,4020,5118,Kadcynex,118.354,100.601,136.108
TM1_BASELINE,202412,202502,4020,5118,Kadcynex,153.811,130.739,176.883
TM1_BASELINE,202412,202503,4020,5118,Kadcynex,156.325,132.876,179.774
TM1_BASELINE,202412,202504,4020,5118,Kadcynex,181.207,154.026,208.388
TM1_BASELINE,202412,202505,4020,5118,Kadcynex,131.2,111.52,150.88
TM1_BASELINE,202412,202506,4020,5118,Kadcynex,123.476,104.955,141.998
TM1_BASELINE,202412,202501,4021,5101,Retivue,312.89,265.957,359.824
TM1_BASELINE,202412,202502,4021,5101,Retivue,271.398,230.689,312.108
TM1_BASELINE,202412,202503,4021,5101,Retivue,305.35,259.548,351.153
TM1_BASELINE,202412,202504,4021,5101,Retivue,292.107,248.291,335.923
TM1_BASELINE,202412,202505,4021,5101,Retivue,290.911,247.275,334.548
TM1_BASELINE,202412,202506,4021,5101,Retivue,294.333,250.183,338.482
TM1_BASELINE,202412,202501,4021,5102,Vabyseal,488.219,414.986,561.452
TM1_BASELINE,202412,202502,4021,5102,Vabyseal,353.892,300.808,406.976
TM1_BASELINE,202412,202503,4021,5102,Vabyseal,413.378,351.372,475.385
TM1_BASELINE,202412,202504,4021,5102,Vabyseal,450.708,383.102,518.314
TM1_BASELINE,202412,202505,4021,5102,Vabyseal,496.857,422.329,571.386
TM1_BASELINE,202412,202506,4021,5102,Vabyseal,386.298,328.353,444.243
TM1_BASELINE,202412,202501,4021,5105,Ocretiva,408.399,347.139,469.659
TM1_BASELINE,202412,202502,4021,5105,Ocretiva,423.795,360.226,487.364
TM1_BASELINE,202412,202503,4021,5105,Ocretiva,367.011,311.959,422.063
TM1_BASELINE,202412,202504,4021,5105,Ocretiva,385.574,327.738,443.411
TM1_BASELINE,202412,202505,4021,5105,Ocretiva,460.895,391.761,530.029
TM1_BASELINE,202412,202506,4021,5105,Ocretiva,436.099,370.684,501.513
TM1_BASELINE,202412,202501,4021,5109,Hemvia,696.926,592.387,801.465
TM1_BASELINE,202412,202502,4021,5109,Hemvia,690.067,586.557,793.577
TM1_BASELINE,202412,202503,4021,5109,Hemvia,565.537,480.707,650.368
TM1_BASELINE,202412,202504,4021,5109,Hemvia,552.042,469.236,634.849
TM1_BASELINE,202412,202505,4021,5109,Hemvia,642.143,545.821,738.464
TM1_BASELINE,202412,202506,4021,5109,Hemvia,653.293,555.299,751.287
TM1_BASELINE,202412,202501,4021,5112,Xolarin,651.463,553.744,749.182
TM1_BASELINE,202412,202502,4021,5112,Xolarin,774.049,657.942,890.157
TM1_BASELINE,202412,202503,4021,5112,Xolarin,689.972,586.476,793.467
TM1_BASELINE,202412,202504,4021,5112,Xolarin,797.437,677.821,917.052
TM1_BASELINE,202412,202505,4021,5112,Xolarin,642.743,546.331,739.154
TM1_BASELINE,202412,202506,4021,5112,Xolarin,625.689,531.836,719.542
TM1_BASELINE,202412,202501,4021,5116,Perjenta,328.955,279.612,378.299
TM1_BASELINE,202412,202502,4021,5116,Perjenta,326.369,277.414,375.325
TM1_BASELINE,202412,202503,4021,5116,Perjenta,351.866,299.086,404.646
TM1_BASELINE,202412,202504,4021,5116,Perjenta,359.083,305.221,412.945
TM1_BASELINE,202412,202505,4021,5116,Perjenta,331.518,281.79,381.246
TM1_BASELINE,202412,202506,4021,5116,Perjenta,382.421,325.058,439.784
TM1_BASELINE,202412,202501,4021,5117,Phesgrox,176.972,150.427,203.518
TM1_BASELINE,202412,202502,4021,5117,Phesgrox,161.677,137.425,185.928
TM1_BASELINE,202412,202503,4021,5117,Phesgrox,145.808,123.936,167.679
TM1_BASELINE,202412,202504,4021,5117,Phesgrox,193.803,164.732,222.873
TM1_BASELINE,202412,202505,4021,5117,Phesgrox,197.53,167.9,227.159
TM1_BASELINE,202412,202506,4021,5117,Phesgrox,183.916,156.329,211.503
TM1_BASELINE,202412,202501,4021,5118,Kadcynex,168.465,143.195,193.735
TM1_BASELINE,202412,202502,4021,5118,Kadcynex,144.396,122.736,166.055
TM1_BASELINE,202412,202503,4021,5118,Kadcynex,184.967,157.222,212.712
TM1_BASELINE,202412,202504,4021,5118,Kadcynex,182.734,155.324,210.144
TM1_BASELINE,202412,202505,4021,5118,Kadcynex,188.27,160.029,216.51
TM1_BASELINE,202412,202506,4021,5118,Kadcynex,129.434,110.019,148.849
TM1_BASELINE,202412,202501,4022,5101,Retivue,181.055,153.896,208.213
TM1_BASELINE,202412,202502,4022,5101,Retivue,225.325,191.526,259.124
TM1_BASELINE,202412,202503,4022,5101,Retivue,204.259,173.62,234.897
TM1_BASELINE,202412,202504,4022,5101,Retivue,199.188,169.31,229.066
TM1_BASELINE,202412,202505,4022,5101,Retivue,224.763,191.049,258.477
TM1_BASELINE,202412,202506,4022,5101,Retivue,184.109,156.492,211.725
TM1_BASELINE,202412,202501,4022,5102,Vabyseal,218.025,185.321,250.728
TM1_BASELINE,202412,202502,4022,5102,Vabyseal,179.094,152.23,205.958
TM1_BASELINE,202412,202503,4022,5102,Vabyseal,195.951,166.559,225.344
TM1_BASELINE,202412,202504,4022,5102,Vabyseal,178.057,151.348,204.766
TM1_BASELINE,202412,202505,4022,5102,Vabyseal,204.16,173.536,234.783
TM1_BASELINE,202412,202506,4022,5102,Vabyseal,201.72,171.462,231.978
TM1_BASELINE,202412,202501,4022,5105,Ocretiva,251.564,213.829,289.298
TM1_BASELINE,202412,202502,4022,5105,Ocretiva,275.857,234.478,317.235
TM1_BASELINE,202412,202503,4022,5105,Ocretiva,295.498,251.173,339.822
TM1_BASELINE,202412,202504,4022,5105,Ocretiva,254.022,215.919,292.125
TM1_BASELINE,202412,202505,4022,5105,Ocretiva,254.326,216.177,292.475
TM1_BASELINE,202412,202506,4022,5105,Ocretiva,283.473,240.952,325.994
TM1_BASELINE,202412,202501,4022,5109,Hemvia,258.479,219.707,297.251
TM1_BASELINE,202412,202502,4022,5109,Hemvia,411.561,349.827,473.295
TM1_BASELINE,202412,202503,4022,5109,Hemvia,350.464,297.894,403.033
TM1_BASELINE,202412,202504,4022,5109,Hemvia,376.163,319.739,432.587
TM1_BASELINE,202412,202505,4022,5109,Hemvia,378.177,321.45,434.903
TM1_BASELINE,202412,202506,4022,5109,Hemvia,384.571,326.886,442.257
TM1_BASELINE,202412,202501,4022,5112,Xolarin,421.927,358.638,485.216
TM1_BASELINE,202412,202502,4022,5112,Xolarin,432.74,367.829,497.651
TM1_BASELINE,202412,202503,4022,5112,Xolarin,448.053,380.845,515.261
TM1_BASELINE,202412,202504,4022,5112,Xolarin,386.743,328.732,444.755
TM1_BASELINE,202412,202505,4022,5112,Xolarin,485.771,412.906,558.637
TM1_BASELINE,202412,202506,4022,5112,Xolarin,494.151,420.028,568.273
TM1_BASELINE,202412,202501,4022,5116,Perjenta,124.282,105.64,142.924
TM1_BASELINE,202412,202502,4022,5116,Perjenta,157.651,134.003,181.299
TM1_BASELINE,202412,202503,4022,5116,Perjenta,185.211,157.43,212.993
TM1_BASELINE,202412,202504,4022,5116,Perjenta,177.302,150.707,203.898
TM1_BASELINE,202412,202505,4022,5116,Perjenta,167.993,142.794,193.191
TM1_BASELINE,202412,202506,4022,5116,Perjenta,152.345,129.493,175.196
TM1_BASELINE,202412,202501,4022,5117,Phesgrox,110.583,93.996,127.171
TM1_BASELINE,202412,202502,4022,5117,Phesgrox,125.276,106.485,144.067
TM1_BASELINE,202412,202503,4022,5117,Phesgrox,113.008,96.057,129.959
TM1_BASELINE,202412,202504,4022,5117,Phesgrox,116.14,98.719,133.562
TM1_BASELINE,202412,202505,4022,5117,Phesgrox,91.628,77.884,105.372
TM1_BASELINE,202412,202506,4022,5117,Phesgrox,140.639,119.543,161.734
TM1_BASELINE,202412,202501,4022,5118,Kadcynex,95.336,81.036,109.637
TM1_BASELINE,202412,202502,4022,5118,Kadcynex,97.655,83.007,112.304
TM1_BASELINE,202412,202503,4022,5118,Kadcynex,99.646,84.699,114.593
TM1_BASELINE,202412,202504,4022,5118,Kadcynex,87.302,74.207,100.398
TM1_BASELINE,202412,202505,4022,5118,Kadcynex,89.932,76.442,103.422
TM1_BASELINE,202412,202506,4022,5118,Kadcynex,99.373,84.467,114.279
TM1_BASELINE,202412,202501,4023,5101,Retivue,317.207,269.626,364.788
TM1_BASELINE,202412,202502,4023,5101,Retivue,254.98,216.733,293.227
TM1_BASELINE,202412,202503,4023,5101,Retivue,262.985,223.537,302.433
TM1_BASELINE,202412,202504,4023,5101,Retivue,313.203,266.223,360.184
TM1_BASELINE,202412,202505,4023,5101,Retivue,308.734,262.424,355.044
TM1_BASELINE,202412,202506,4023,5101,Retivue,286.866,243.836,329.896
TM1_BASELINE,202412,202501,4023,5102,Vabyseal,222.263,188.923,255.602
TM1_BASELINE,202412,202502,4023,5102,Vabyseal,288.361,245.106,331.615
TM1_BASELINE,202412,202503,4023,5102,Vabyseal,290.326,246.777,333.875
TM1_BASELINE,202412,202504,4023,5102,Vabyseal,268.595,228.305,308.884
TM1_BASELINE,202412,202505,4023,5102,Vabyseal,304.507,258.831,350.183
TM1_BASELINE,202412,202506,4023,5102,Vabyseal,337.002,286.452,387.552
TM1_BASELINE,202412,202501,4023,5105,Ocretiva,402.377,342.02,462.733
TM1_BASELINE,202412,202502,4023,5105,Ocretiva,421.684,358.431,484.936
TM1_BASELINE,202412,202503,4023,5105,Ocretiva,429.205,364.825,493.586
TM1_BASELINE,202412,202504,4023,5105,Ocretiva,422.354,359.001,485.707
TM1_BASELINE,202412,202505,4023,5105,Ocretiva,371.015,315.363,426.668
TM1_BASELINE,202412,202506,4023,5105,Ocretiva,457.625,388.981,526.268
TM1_BASELINE,202412,202501,4023,5109,Hemvia,702.352,596.999,807.704
TM1_BASELINE,202412,202502,4023,5109,Hemvia,667.54,567.409,767.671
TM1_BASELINE,202412,202503,4023,5109,Hemvia,766.352,651.399,881.305
TM1_BASELINE,202412,202504,4023,5109,Hemvia,799.998,679.998,919.998
TM1_BASELINE,202412,202505,4023,5109,Hemvia,685.723,582.865,788.582
TM1_BASELINE,202412,202506,4023,5109,Hemvia,770.964,655.319,886.608
TM1_BASELINE,202412,202501,4023,5112,Xolarin,444.719,378.011,511.427
TM1_BASELINE,202412,202502,4023,5112,Xolarin,367.06,312.001,422.119
TM1_BASELINE,202412,202503,4023,5112,Xolarin,404.875,344.144,465.607
TM1_BASELINE,202412,202504,4023,5112,Xolarin,407.224,346.14,468.307
TM1_BASELINE,202412,202505,4023,5112,Xolarin,371.4,315.69,427.11
TM1_BASELINE,202412,202506,4023,5112,Xolarin,440.177,374.15,506.203
TM1_BASELINE,202412,202501,4023,5116,Perjenta,262.084,222.771,301.397
TM1_BASELINE,202412,202502,4023,5116,Perjenta,204.757,174.044,235.471
TM1_BASELINE,202412,202503,4023,5116,Perjenta,292.803,248.882,336.723
TM1_BASELINE,202412,202504,4023,5116,Perjenta,252.343,214.492,290.195
TM1_BASELINE,202412,202505,4023,5116,Perjenta,274.606,233.415,315.797
TM1_BASELINE,202412,202506,4023,5116,Perjenta,305.086,259.323,350.849
TM1_BASELINE,202412,202501,4023,5117,Phesgrox,205.397,174.588,236.207
TM1_BASELINE,202412,202502,4023,5117,Phesgrox,202.714,172.307,233.121
TM1_BASELINE,202412,202503,4023,5117,Phesgrox,222.753,189.34,256.166
TM1_BASELINE,202412,202504,4023,5117,Phesgrox,288.197,244.967,331.426
TM1_BASELINE,202412,202505,4023,5117,Phesgrox,262.551,223.168,301.933
TM1_BASELINE,202412,202506,4023,5117,Phesgrox,230.411,195.849,264.972
TM1_BASELINE,202412,202501,4023,5118,Kadcynex,109.718,93.261,126.176
TM1_BASELINE,202412,202502,4023,5118,Kadcynex,89.875,76.394,103.356
TM1_BASELINE,202412,202503,4023,5118,Kadcynex,91.497,77.773,105.222
TM1_BASELINE,202412,202504,4023,5118,Kadcynex,97.264,82.674,111.853
TM1_BASELINE,202412,202505,4023,5118,Kadcynex,83.704,71.149,96.26
TM1_BASELINE,202412,202506,4023,5118,Kadcynex,106.995,90.946,123.044
TM1_BASELINE,202412,202501,4024,5101,Retivue,103.875,88.293,119.456
TM1_BASELINE,202412,202502,4024,5101,Retivue,111.713,94.956,128.469
TM1_BASELINE,202412,202503,4024,5101,Retivue,110.447,93.88,127.015
TM1_BASELINE,202412,202504,4024,5101,Retivue,128.674,109.373,147.975
TM1_BASELINE,202412,202505,4024,5101,Retivue,134.74,114.529,154.951
TM1_BASELINE,202412,202506,4024,5101,Retivue,102.259,86.92,117.598
TM1_BASELINE,202412,202501,4024,5102,Vabyseal,116.092,98.678,133.505
TM1_BASELINE,202412,202502,4024,5102,Vabyseal,155.938,132.547,179.328
TM1_BASELINE,202412,202503,4024,5102,Vabyseal,161.889,137.606,186.173
TM1_BASELINE,202412,202504,4024,5102,Vabyseal,126.457,107.489,145.426
TM1_BASELINE,202412,202505,4024,5102,Vabyseal,100.124,85.106,115.143
TM1_BASELINE,202412,202506,4024,5102,Vabyseal,140.486,119.413,161.559
TM1_BASELINE,202412,202501,4024,5105,Ocretiva,147.642,125.496,169.788
TM1_BASELINE,202412,202502,4024,5105,Ocretiva,118.054,100.346,135.762
TM1_BASELINE,202412,202503,4024,5105,Ocretiva,141.568,120.333,162.803
TM1_BASELINE,202412,202504,4024,5105,Ocretiva,130.985,111.337,150.633
TM1_BASELINE,202412,202505,4024,5105,Ocretiva,149.717,127.26,172.175
TM1_BASELINE,202412,202506,4024,5105,Ocretiva,142.509,121.133,163.886
TM1_BASELINE,202412,202501,4024,5109,Hemvia,265.72,225.862,305.578
TM1_BASELINE,202412,202502,4024,5109,Hemvia,224.238,190.602,257.873
TM1_BASELINE,202412,202503,4024,5109,Hemvia,309.51,263.083,355.936
TM1_BASELINE,202412,202504,4024,5109,Hemvia,322.432,274.067,370.796
TM1_BASELINE,202412,202505,4024,5109,Hemvia,303.038,257.582,348.494
TM1_BASELINE,202412,202506,4024,5109,Hemvia,263.262,223.773,302.752
TM1_BASELINE,202412,202501,4024,5112,Xolarin,154.913,131.676,178.15
TM1_BASELINE,202412,202502,4024,5112,Xolarin,151.034,128.379,173.69
TM1_BASELINE,202412,202503,4024,5112,Xolarin,163.045,138.589,187.502
TM1_BASELINE,202412,202504,4024,5112,Xolarin,141.531,120.302,162.761
TM1_BASELINE,202412,202505,4024,5112,Xolarin,141.47,120.25,162.691
TM1_BASELINE,202412,202506,4024,5112,Xolarin,165.117,140.349,189.884
TM1_BASELINE,202412,202501,4024,5116,Perjenta,132.217,112.384,152.049
TM1_BASELINE,202412,202502,4024,5116,Perjenta,123.678,105.126,142.23
TM1_BASELINE,202412,202503,4024,5116,Perjenta,113.512,96.485,130.539
TM1_BASELINE,202412,202504,4024,5116,Perjenta,133.477,113.456,153.499
TM1_BASELINE,202412,202505,4024,5116,Perjenta,103.921,88.333,119.51
TM1_BASELINE,202412,202506,4024,5116,Perjenta,108.614,92.322,124.906
TM1_BASELINE,202412,202501,4024,5117,Phesgrox,60.614,51.522,69.706
TM1_BASELINE,202412,202502,4024,5117,Phesgrox,73.319,62.321,84.317
TM1_BASELINE,202412,202503,4024,5117,Phesgrox,68.961,58.617,79.305
TM1_BASELINE,202412,202504,4024,5117,Phesgrox,63.59,54.051,73.128
TM1_BASELINE,202412,202505,4024,5117,Phesgrox,74.046,62.939,85.153
TM1_BASELINE,202412,202506,4024,5117,Phesgrox,71.484,60.761,82.206
TM1_BASELINE,202412,202501,4024,5118,Kadcynex,52.268,44.428,60.108
TM1_BASELINE,202412,202502,4024,5118,Kadcynex,43.626,37.082,50.17
TM1_BASELINE,202412,202503,4024,5118,Kadcynex,50.352,42.799,57.905
TM1_BASELINE,202412,202504,4024,5118,Kadcynex,54.564,46.379,62.749
TM1_BASELINE,202412,202505,4024,5118,Kadcynex,48.37,41.114,55.625
TM1_BASELINE,202412,202506,4024,5118,Kadcynex,49.051,41.693,56.408
TM1_BASELINE,202412,202501,4025,5101,Retivue,2469.495,2099.071,2839.92
TM1_BASELINE,202412,202502,4025,5101,Retivue,2426.524,2062.545,2790.503
TM1_BASELINE,202412,202503,4025,5101,Retivue,2520.066,2142.056,2898.076
TM1_BASELINE,202412,202504,4025,5101,Retivue,2934.838,2494.612,3375.064
TM1_BASELINE,202412,202505,4025,5101,Retivue,2208.369,1877.113,2539.624
TM1_BASELINE,202412,202506,4025,5101,Retivue,2722.192,2313.863,3130.521
TM1_BASELINE,202412,202501,4025,5102,Vabyseal,1677.767,1426.102,1929.432
TM1_BASELINE,202412,202502,4025,5102,Vabyseal,1612.764,1370.849,1854.679
TM1_BASELINE,202412,202503,4025,5102,Vabyseal,1901.801,1616.531,2187.071
TM1_BASELINE,202412,202504,4025,5102,Vabyseal,1782.624,1515.23,2050.017
TM1_BASELINE,202412,202505,4025,5102,Vabyseal,1553.799,1320.729,1786.869
TM1_BASELINE,202412,202506,4025,5102,Vabyseal,1905.467,1619.647,2191.288
TM1_BASELINE,202412,202501,4025,5105,Ocretiva,1770.173,1504.647,2035.699
TM1_BASELINE,202412,202502,4025,5105,Ocretiva,1524.771,1296.056,1753.487
TM1_BASELINE,202412,202503,4025,5105,Ocretiva,1757.798,1494.129,2021.468
TM1_BASELINE,202412,202504,4025,5105,Ocretiva,1521.024,1292.871,1749.178
TM1_BASELINE,202412,202505,4025,5105,Ocretiva,1658.984,1410.136,1907.832
TM1_BASELINE,202412,202506,4025,5105,Ocretiva,1627.952,1383.759,1872.145
TM1_BASELINE,202412,202501,4025,5109,Hemvia,2864.397,2434.738,3294.057
TM1_BASELINE,202412,202502,4025,5109,Hemvia,2936.059,2495.65,3376.467
TM1_BASELINE,202412,202503,4025,5109,Hemvia,2890.655,2457.056,3324.253
TM1_BASELINE,202412,202504,4025,5109,Hemvia,3403.928,2893.339,3914.518
TM1_BASELINE,202412,202505,4025,5109,Hemvia,3010.166,2558.641,3461.691
TM1_BASELINE,202412,202506,4025,5109,Hemvia,3250.315,2762.768,3737.862
TM1_BASELINE,202412,202501,4025,5112,Xolarin,3849.698,3272.243,4427.153
TM1_BASELINE,202412,202502,4025,5112,Xolarin,3568.317,3033.07,4103.565
TM1_BASELINE,202412,202503,4025,5112,Xolarin,3253.942,2765.851,3742.033
TM1_BASELINE,202412,202504,4025,5112,Xolarin,4397.801,3738.131,5057.471
TM1_BASELINE,202412,202505,4025,5112,Xolarin,4002.182,3401.854,4602.509
TM1_BASELINE,202412,202506,4025,5112,Xolarin,3197.211,2717.629,3676.793
TM1_BASELINE,202412,202501,4025,5116,Perjenta,1819.953,1546.96,2092.946
TM1_BASELINE,202412,202502,4025,5116,Perjenta,1943.729,1652.17,2235.289
TM1_BASELINE,202412,202503,4025,5116,Perjenta,2196.907,1867.371,2526.443
TM1_BASELINE,202412,202504,4025,5116,Perjenta,1993.46,1694.441,2292.479
TM1_BASELINE,202412,202505,4025,5116,Perjenta,2305.518,1959.691,2651.346
TM1_BASELINE,202412,202506,4025,5116,Perjenta,2249.763,1912.298,2587.227
TM1_BASELINE,202412,202501,4025,5117,Phesgrox,794.75,675.538,913.963
TM1_BASELINE,202412,202502,4025,5117,Phesgrox,883.001,750.551,1015.451
TM1_BASELINE,202412,202503,4025,5117,Phesgrox,842.912,716.475,969.349
TM1_BASELINE,202412,202504,4025,5117,Phesgrox,1045.005,888.254,1201.756
TM1_BASELINE,202412,202505,4025,5117,Phesgrox,902.888,767.455,1038.321
TM1_BASELINE,202412,202506,4025,5117,Phesgrox,983.557,836.023,1131.09
TM1_BASELINE,202412,202501,4025,5118,Kadcynex,552.91,469.973,635.846
TM1_BASELINE,202412,202502,4025,5118,Kadcynex,404.232,343.597,464.866
TM1_BASELINE,202412,202503,4025,5118,Kadcynex,567.928,482.739,653.117
TM1_BASELINE,202412,202504,4025,5118,Kadcynex,539.253,458.365,620.141
TM1_BASELINE,202412,202505,4025,5118,Kadcynex,557.299,473.704,640.894
TM1_BASELINE,202412,202506,4025,5118,Kadcynex,467.167,397.092,537.242
TM1_BASELINE,202412,202501,4026,5101,Retivue,239.036,203.181,274.892
TM1_BASELINE,202412,202502,4026,5101,Retivue,318.808,270.987,366.629
TM1_BASELINE,202412,202503,4026,5101,Retivue,312.364,265.509,359.218
TM1_BASELINE,202412,202504,4026,5101,Retivue,340.579,289.493,391.666
TM1_BASELINE,202412,202505,4026,5101,Retivue,406.62,345.627,467.613
TM1_BASELINE,202412,202506,4026,5101,Retivue,329.008,279.657,378.359
TM1_BASELINE,202412,202501,4026,5102,Vabyseal,163.892,139.308,188.475
TM1_BASELINE,202412,202502,4026,5102,Vabyseal,128.177,108.95,147.403
TM1_BASELINE,202412,202503,4026,5102,Vabyseal,144.635,122.94,166.33
TM1_BASELINE,202412,202504,4026,5102,Vabyseal,145.802,123.932,167.673
TM1_BASELINE,202412,202505,4026,5102,Vabyseal,111.603,94.863,128.343
TM1_BASELINE,202412,202506,4026,5102,Vabyseal,118.64,100.844,136.436
TM1_BASELINE,202412,202501,4026,5105,Ocretiva,124.366,105.711,143.021
TM1_BASELINE,202412,202502,4026,5105,Ocretiva,145.526,123.697,167.354
TM1_BASELINE,202412,202503,4026,5105,Ocretiva,129.301,109.905,148.696
TM1_BASELINE,202412,202504,4026,5105,Ocretiva,112.952,96.009,129.895
TM1_BASELINE,202412,202505,4026,5105,Ocretiva,138.828,118.004,159.652
TM1_BASELINE,202412,202506,4026,5105,Ocretiva,132.151,112.328,151.973
TM1_BASELINE,202412,202501,4026,5109,Hemvia,366.878,311.847,421.91
TM1_BASELINE,202412,202502,4026,5109,Hemvia,376.528,320.049,433.008
TM1_BASELINE,202412,202503,4026,5109,Hemvia,399.782,339.815,459.749
TM1_BASELINE,202412,202504,4026,5109,Hemvia,396.856,337.327,456.384
TM1_BASELINE,202412,202505,4026,5109,Hemvia,373.433,317.418,429.448
TM1_BASELINE,202412,202506,4026,5109,Hemvia,418.959,356.115,481.803
TM1_BASELINE,202412,202501,4026,5112,Xolarin,322.394,274.035,370.753
TM1_BASELINE,202412,202502,4026,5112,Xolarin,346.367,294.412,398.322
TM1_BASELINE,202412,202503,4026,5112,Xolarin,367.022,311.969,422.075
TM1_BASELINE,202412,202504,4026,5112,Xolarin,344.021,292.418,395.625
TM1_BASELINE,202412,202505,4026,5112,Xolarin,343.425,291.911,394.938
TM1_BASELINE,202412,202506,4026,5112,Xolarin,367.245,312.158,422.332
TM1_BASELINE,202412,202501,4026,5116,Perjenta,198.233,168.498,227.968
TM1_BASELINE,202412,202502,4026,5116,Perjenta,197.764,168.1,227.429
TM1_BASELINE,202412,202503,4026,5116,Perjenta,228.393,194.134,262.652
TM1_BASELINE,202412,202504,4026,5116,Perjenta,223.781,190.214,257.348
TM1_BASELINE,202412,202505,4026,5116,Perjenta,179.652,152.705,206.6
TM1_BASELINE,202412,202506,4026,5116,Perjenta,212.185,180.358,244.013
TM1_BASELINE,202412,202501,4026,5117,Phesgrox,94.623,80.429,108.816
TM1_BASELINE,202412,202502,4026,5117,Phesgrox,85.483,72.661,98.305
TM1_BASELINE,202412,202503,4026,5117,Phesgrox,91.717,77.959,105.474
TM1_BASELINE,202412,202504,4026,5117,Phesgrox,87.87,74.69,101.051
TM1_BASELINE,202412,202505,4026,5117,Phesgrox,92.072,78.261,105.882
TM1_BASELINE,202412,202506,4026,5117,Phesgrox,86.725,73.717,99.734
TM1_BASELINE,202412,202501,4026,5118,Kadcynex,84.883,72.15,97.615
TM1_BASELINE,202412,202502,4026,5118,Kadcynex,73.952,62.859,85.045
TM1_BASELINE,202412,202503,4026,5118,Kadcynex,69.189,58.811,79.568
TM1_BASELINE,202412,202504,4026,5118,Kadcynex,72.115,61.297,82.932
TM1_BASELINE,202412,202505,4026,5118,Kadcynex,82.219,69.886,94.552
TM1_BASELINE,202412,202506,4026,5118,Kadcynex,79.044,67.188,90.901
TM1_BASELINE,202412,202501,4027,5101,Retivue,268.081,227.869,308.293
TM1_BASELINE,202412,202502,4027,5101,Retivue,229.612,195.171,264.054
TM1_BASELINE,202412,202503,4027,5101,Retivue,247.541,210.41,284.672
TM1_BASELINE,202412,202504,4027,5101,Retivue,236.048,200.641,271.455
TM1_BASELINE,202412,202505,4027,5101,Retivue,284.501,241.826,327.176
TM1_BASELINE,202412,202506,4027,5101,Retivue,268.924,228.586,309.263
TM1_BASELINE,202412,202501,4027,5102,Vabyseal,301.287,256.094,346.481
TM1_BASELINE,202412,202502,4027,5102,Vabyseal,290.725,247.117,334.334
TM1_BASELINE,202412,202503,4027,5102,Vabyseal,282.67,240.27,325.071
TM1_BASELINE,202412,202504,4027,5102,Vabyseal,336.461,285.992,386.93
TM1_BASELINE,202412,202505,4027,5102,Vabyseal,242.482,206.109,278.854
TM1_BASELINE,202412,202506,4027,5102,Vabyseal,315.314,268.017,362.611
TM1_BASELINE,202412,202501,4027,5105,Ocretiva,289.849,246.371,333.326
TM1_BASELINE,202412,202502,4027,5105,Ocretiva,236.876,201.344,272.407
TM1_BASELINE,202412,202503,4027,5105,Ocretiva,250.722,213.114,288.33
TM1_BASELINE,202412,202504,4027,5105,Ocretiva,258.629,219.835,297.423
TM1_BASELINE,202412,202505,4027,5105,Ocretiva,257.807,219.136,296.477
TM1_BASELINE,202412,202506,4027,5105,Ocretiva,301.555,256.321,346.788
TM1_BASELINE,202412,202501,4027,5109,Hemvia,438.812,372.99,504.633
TM1_BASELINE,202412,202502,4027,5109,Hemvia,543.632,462.087,625.177
TM1_BASELINE,202412,202503,4027,5109,Hemvia,574.038,487.933,660.144
TM1_BASELINE,202412,202504,4027,5109,Hemvia,454.606,386.415,522.797
TM1_BASELINE,202412,202505,4027,5109,Hemvia,644.548,547.866,741.231
TM1_BASELINE,202412,202506,4027,5109,Hemvia,505.969,430.073,581.864
TM1_BASELINE,202412,202501,4027,5112,Xolarin,647.652,550.504,744.8
TM1_BASELINE,202412,202502,4027,5112,Xolarin,785.958,668.064,903.852
TM1_BASELINE,202412,202503,4027,5112,Xolarin,726.11,617.194,835.027
TM1_BASELINE,202412,202504,4027,5112,Xolarin,798.084,678.372,917.797
TM1_BASELINE,202412,202505,4027,5112,Xolarin,823.054,699.596,946.512
TM1_BASELINE,202412,202506,4027,5112,Xolarin,837.12,711.552,962.688
TM1_BASELINE,202412,202501,4027,5116,Perjenta,213.197,181.218,245.177
TM1_BASELINE,202412,202502,4027,5116,Perjenta,269.097,228.733,309.462
TM1_BASELINE,202412,202503,4027,5116,Perjenta,251.537,213.807,289.268
TM1_BASELINE,202412,202504,4027,5116,Perjenta,266.411,226.449,306.372
TM1_BASELINE,202412,202505,4027,5116,Perjenta,227.267,193.177,261.357
TM1_BASELINE,202412,202506,4027,5116,Perjenta,218.6,185.81,251.389
TM1_BASELINE,202412,202501,4027,5117,Phesgrox,249.315,211.917,286.712
TM1_BASELINE,202412,202502,4027,5117,Phesgrox,229.021,194.668,263.374
TM1_BASELINE,202412,202503,4027,5117,Phesgrox,247.984,210.787,285.182
TM1_BASELINE,202412,202504,4027,5117,Phesgrox,236.352,200.899,271.804
TM1_BASELINE,202412,202505,4027,5117,Phesgrox,238.556,202.772,274.339
TM1_BASELINE,202412,202506,4027,5117,Phesgrox,258.86,220.031,297.689
TM1_BASELINE,202412,202501,4027,5118,Kadcynex,178.567,151.782,205.353
TM1_BASELINE,202412,202502,4027,5118,Kadcynex,205.736,174.876,236.597
TM1_BASELINE,202412,202503,4027,5118,Kadcynex,188.347,160.095,216.599
TM1_BASELINE,202412,202504,4027,5118,Kadcynex,183.968,156.373,211.564
TM1_BASELINE,202412,202505,4027,5118,Kadcynex,195.032,165.777,224.287
TM1_BASELINE,202412,202506,4027,5118,Kadcynex,225.408,191.596,259.219
TM1_BASELINE,202412,202501,4028,5101,Retivue,808.547,687.265,929.829
TM1_BASELINE,202412,202502,4028,5101,Retivue,655.873,557.492,754.254
TM1_BASELINE,202412,202503,4028,5101,Retivue,578.303,491.558,665.049
TM1_BASELINE,202412,202504,4028,5101,Retivue,769.66,654.211,885.108
TM1_BASELINE,202412,202505,4028,5101,Retivue,672.295,571.451,773.14
TM1_BASELINE,202412,202506,4028,5101,Retivue,648.033,550.828,745.238
TM1_BASELINE,202412,202501,4028,5102,Vabyseal,447.343,380.242,514.445
TM1_BASELINE,202412,202502,4028,5102,Vabyseal,377.538,320.908,434.169
TM1_BASELINE,202412,202503,4028,5102,Vabyseal,443.619,377.076,510.162
TM1_BASELINE,202412,202504,4028,5102,Vabyseal,365.084,310.321,419.847
TM1_BASELINE,202412,202505,4028,5102,Vabyseal,423.376,359.869,486.882
TM1_BASELINE,202412,202506,4028,5102,Vabyseal,414.929,352.689,477.168
TM1_BASELINE,202412,202501,4028,5105,Ocretiva,780.787,663.669,897.905
TM1_BASELINE,202412,202502,4028,5105,Ocretiva,747.324,635.225,859.423
TM1_BASELINE,202412,202503,4028,5105,Ocretiva,677.644,575.997,779.291
TM1_BASELINE,202412,202504,4028,5105,Ocretiva,774.855,658.627,891.084
TM1_BASELINE,202412,202505,4028,5105,Ocretiva,705.446,599.629,811.263
TM1_BASELINE,202412,202506,4028,5105,Ocretiva,775.059,658.8,891.318
TM1_BASELINE,202412,202501,4028,5109,Hemvia,784.174,666.548,901.8
TM1_BASELINE,202412,202502,4028,5109,Hemvia,876.684,745.182,1008.187
TM1_BASELINE,202412,202503,4028,5109,Hemvia,916.832,779.307,1054.357
TM1_BASELINE,202412,202504,4028,5109,Hemvia,963.884,819.302,1108.467
TM1_BASELINE,202412,202505,4028,5109,Hemvia,925.047,786.29,1063.804
TM1_BASELINE,202412,202506,4028,5109,Hemvia,839.24,713.354,965.126
TM1_BASELINE,202412,202501,4028,5112,Xolarin,696.421,591.958,800.884
TM1_BASELINE,202412,202502,4028,5112,Xolarin,1047.285,890.192,1204.378
TM1_BASELINE,202412,202503,4028,5112,Xolarin,917.185,779.607,1054.763
TM1_BASELINE,202412,202504,4028,5112,Xolarin,913.037,776.082,1049.993
TM1_BASELINE,202412,202505,4028,5112,Xolarin,916.392,778.934,1053.851
TM1_BASELINE,202412,202506,4028,5112,Xolarin,987.225,839.141,1135.309
TM1_BASELINE,202412,202501,4028,5116,Perjenta,534.28,454.138,614.422
TM1_BASELINE,202412,202502,4028,5116,Perjenta,511.119,434.451,587.787
TM1_BASELINE,202412,202503,4028,5116,Perjenta,490.338,416.787,563.888
TM1_BASELINE,202412,202504,4028,5116,Perjenta,509.853,433.375,586.331
TM1_BASELINE,202412,202505,4028,5116,Perjenta,492.286,418.443,566.128
TM1_BASELINE,202412,202506,4028,5116,Perjenta,494.99,420.741,569.238
TM1_BASELINE,202412,202501,4028,5117,Phesgrox,317.052,269.494,364.61
TM1_BASELINE,202412,202502,4028,5117,Phesgrox,287.271,244.181,330.362
TM1_BASELINE,202412,202503,4028,5117,Phesgrox,325.231,276.446,374.015
TM1_BASELINE,202412,202504,4028,5117,Phesgrox,310.31,263.763,356.856
TM1_BASELINE,202412,202505,4028,5117,Phesgrox,272.172,231.346,312.997
TM1_BASELINE,202412,202506,4028,5117,Phesgrox,264.855,225.127,304.583
TM1_BASELINE,202412,202501,4028,5118,Kadcynex,169.053,143.695,194.411
TM1_BASELINE,202412,202502,4028,5118,Kadcynex,186.885,158.853,214.918
TM1_BASELINE,202412,202503,4028,5118,Kadcynex,163.525,138.996,188.054
TM1_BASELINE,202412,202504,4028,5118,Kadcynex,183.507,155.981,211.034
TM1_BASELINE,202412,202505,4028,5118,Kadcynex,185.164,157.39,212.939
TM1_BASELINE,202412,202506,4028,5118,Kadcynex,212.528,180.649,244.407
TM1_BASELINE,202412,202501,4029,5101,Retivue,91.052,77.394,104.71
TM1_BASELINE,202412,202502,4029,5101,Retivue,117.132,99.562,134.701
TM1_BASELINE,202412,202503,4029,5101,Retivue,97.6,82.96,112.24
TM1_BASELINE,202412,202504,4029,5101,Retivue,116.574,99.088,134.06
TM1_BASELINE,202412,202505,4029,5101,Retivue,81.2,69.02,93.379
TM1_BASELINE,202412,202506,4029,5101,Retivue,98.412,83.65,113.173
TM1_BASELINE,202412,202501,4029,5102,Vabyseal,140.422,119.358,161.485
TM1_BASELINE,202412,202502,4029,5102,Vabyseal,101.043,85.886,116.199
TM1_BASELINE,202412,202503,4029,5102,Vabyseal,117.12,99.552,134.688
TM1_BASELINE,202412,202504,4029,5102,Vabyseal,100.95,85.808,116.093
TM1_BASELINE,202412,202505,4029,5102,Vabyseal,123.213,104.731,141.695
TM1_BASELINE,202412,202506,4029,5102,Vabyseal,123.184,104.707,141.662
TM1_BASELINE,202412,202501,4029,5105,Ocretiva,125.94,107.049,144.831
TM1_BASELINE,202412,202502,4029,5105,Ocretiva,107.585,91.447,123.722
TM1_BASELINE,202412,202503,4029,5105,Ocretiva,129.066,109.706,148.425
TM1_BASELINE,202412,202504,4029,5105,Ocretiva,114.635,97.439,131.83
TM1_BASELINE,202412,202505,4029,5105,Ocretiva,103.488,87.965,119.011
TM1_BASELINE,202412,202506,4029,5105,Ocretiva,128.414,109.152,147.676
TM1_BASELINE,202412,202501,4029,5109,Hemvia,208.619,177.326,239.912
TM1_BASELINE,202412,202502,4029,5109,Hemvia,188.517,160.24,216.795
TM1_BASELINE,202412,202503,4029,5109,Hemvia,178.789,151.97,205.607
TM1_BASELINE,202412,202504,4029,5109,Hemvia,158.879,135.047,182.711
TM1_BASELINE,202412,202505,4029,5109,Hemvia,216.29,183.847,248.734
TM1_BASELINE,202412,202506,4029,5109,Hemvia,196.428,166.964,225.893
TM1_BASELINE,202412,202501,4029,5112,Xolarin,163.166,138.691,187.641
TM1_BASELINE,202412,202502,4029,5112,Xolarin,184.618,156.926,212.311
TM1_BASELINE,202412,202503,4029,5112,Xolarin,165.135,140.365,189.905
TM1_BASELINE,202412,202504,4029,5112,Xolarin,159.925,135.937,183.914
TM1_BASELINE,202412,202505,4029,5112,Xolarin,140.771,119.655,161.886
TM1_BASELINE,202412,202506,4029,5112,Xolarin,183.273,155.782,210.764
TM1_BASELINE,202412,202501,4029,5116,Perjenta,102.503,87.127,117.878
TM1_BASELINE,202412,202502,4029,5116,Perjenta,90.567,76.982,104.152
TM1_BASELINE,202412,202503,4029,5116,Perjenta,136.271,115.83,156.712
TM1_BASELINE,202412,202504,4029,5116,Perjenta,105.47,89.649,121.29
TM1_BASELINE,202412,202505,4029,5116,Perjenta,97.925,83.236,112.613
TM1_BASELINE,202412,202506,4029,5116,Perjenta,116.282,98.839,133.724
TM1_BASELINE,202412,202501,4029,5117,Phesgrox,63.746,54.184,73.307
TM1_BASELINE,202412,202502,4029,5117,Phesgrox,74.676,63.475,85.878
TM1_BASELINE,202412,202503,4029,5117,Phesgrox,73.952,62.859,85.045
TM1_BASELINE,202412,202504,4029,5117,Phesgrox,70.936,60.295,81.576
TM1_BASELINE,202412,202505,4029,5117,Phesgrox,83.632,71.087,96.177
TM1_BASELINE,202412,202506,4029,5117,Phesgrox,73.172,62.196,84.148
TM1_BASELINE,202412,202501,4029,5118,Kadcynex,47.624,40.48,54.767
TM1_BASELINE,202412,202502,4029,5118,Kadcynex,49.821,42.348,57.295
TM1_BASELINE,202412,202503,4029,5118,Kadcynex,47.388,40.28,54.496
TM1_BASELINE,202412,202504,4029,5118,Kadcynex,59.226,50.342,68.11
TM1_BASELINE,202412,202505,4029,5118,Kadcynex,49.12,41.752,56.488
TM1_BASELINE,202412,202506,4029,5118,Kadcynex,49.536,42.106,56.967
TM1_BASELINE,202412,202501,4030,5101,Retivue,375.13,318.861,431.4
TM1_BASELINE,202412,202502,4030,5101,Retivue,324.634,275.939,373.329
TM1_BASELINE,202412,202503,4030,5101,Retivue,299.479,254.558,344.401
TM1_BASELINE,202412,202504,4030,5101,Retivue,483.105,410.639,555.571
TM1_BASELINE,202412,202505,4030,5101,Retivue,414.248,352.111,476.385
TM1_BASELINE,202412,202506,4030,5101,Retivue,393.811,334.739,452.883
TM1_BASELINE,202412,202501,4030,5102,Vabyseal,322.436,274.071,370.801
TM1_BASELINE,202412,202502,4030,5102,Vabyseal,282.519,240.141,324.896
TM1_BASELINE,202412,202503,4030,5102,Vabyseal,333.177,283.201,383.154
TM1_BASELINE,202412,202504,4030,5102,Vabyseal,346.389,294.431,398.347
TM1_BASELINE,202412,202505,4030,5102,Vabyseal,277.05,235.492,318.607
TM1_BASELINE,202412,202506,4030,5102,Vabyseal,358.726,304.917,412.534
TM1_BASELINE,202412,202501,4030,5105,Ocretiva,353.57,300.535,406.606
TM1_BASELINE,202412,202502,4030,5105,Ocretiva,410.125,348.606,471.644
TM1_BASELINE,202412,202503,4030,5105,Ocretiva,338.76,287.946,389.574
TM1_BASELINE,202412,202504,4030,5105,Ocretiva,372.855,316.927,428.783
TM1_BASELINE,202412,202505,4030,5105,Ocretiva,407.06,346.001,468.119
TM1_BASELINE,202412,202506,4030,5105,Ocretiva,342.334,290.984,393.684
TM1_BASELINE,202412,202501,4030,5109,Hemvia,1007.841,856.665,1159.017
TM1_BASELINE,202412,202502,4030,5109,Hemvia,1028.88,874.548,1183.212
TM1_BASELINE,202412,202503,4030,5109,Hemvia,999.859,849.88,1149.838
TM1_BASELINE,202412,202504,4030,5109,Hemvia,877.667,746.017,1009.317
TM1_BASELINE,202412,202505,4030,5109,Hemvia,1006.861,855.832,1157.89
TM1_BASELINE,202412,202506,4030,5109,Hemvia,1005.763,854.899,1156.628
TM1_BASELINE,202412,202501,4030,5112,Xolarin,720.608,612.517,828.699
TM1_BASELINE,202412,202502,4030,5112,Xolarin,599.665,509.716,689.615
TM1_BASELINE,202412,202503,4030,5112,Xolarin,757.942,644.251,871.633
TM1_BASELINE,202412,202504,4030,5112,Xolarin,724.314,615.667,832.961
TM1_BASELINE,202412,202505,4030,5112,Xolarin,741.661,630.412,852.911
TM1_BASELINE,202412,202506,4030,5112,Xolarin,728.226,618.992,837.46
TM1_BASELINE,202412,202501,4030,5116,Perjenta,494.791,420.573,569.01
TM1_BASELINE,202412,202502,4030,5116,Perjenta,513.276,436.284,590.267
TM1_BASELINE,202412,202503,4030,5116,Perjenta,549.029,466.674,631.383
TM1_BASELINE,202412,202504,4030,5116,Perjenta,460.327,391.278,529.376
TM1_BASELINE,202412,202505,4030,5116,Perjenta,491.889,418.106,565.673
TM1_BASELINE,202412,202506,4030,5116,Perjenta,381.292,324.098,438.486
TM1_BASELINE,202412,202501,4030,5117,Phesgrox,338.05,287.343,388.758
TM1_BASELINE,202412,202502,4030,5117,Phesgrox,250.103,212.588,287.619
TM1_BASELINE,202412,202503,4030,5117,Phesgrox,279.231,237.346,321.115
TM1_BASELINE,202412,202504,4030,5117,Phesgrox,382.093,324.779,439.407
TM1_BASELINE,202412,202505,4030,5117,Phesgrox,312.095,265.281,358.909
TM1_BASELINE,202412,202506,4030,5117,Phesgrox,369.933,314.443,425.423
TM1_BASELINE,202412,202501,4030,5118,Kadcynex,150.92,128.282,173.558
TM1_BASELINE,202412,202502,4030,5118,Kadcynex,139.318,118.421,160.216
TM1_BASELINE,202412,202503,4030,5118,Kadcynex,121.878,103.596,140.159
TM1_BASELINE,202412,202504,4030,5118,Kadcynex,114.037,96.931,131.142
TM1_BASELINE,202412,202505,4030,5118,Kadcynex,166.487,141.514,191.46
TM1_BASELINE,202412,202506,4030,5118,Kadcynex,130.939,111.298,150.58
TM1_BASELINE,202412,202501,4031,5101,Retivue,299.488,254.565,344.411
TM1_BASELINE,202412,202502,4031,5101,Retivue,384.339,326.688,441.989
TM1_BASELINE,202412,202503,4031,5101,Retivue,382.905,325.469,440.341
TM1_BASELINE,202412,202504,4031,5101,Retivue,278.121,236.403,319.839
TM1_BASELINE,202412,202505,4031,5101,Retivue,338.102,287.387,388.817
TM1_BASELINE,202412,202506,4031,5101,Retivue,296.918,252.381,341.456
TM1_BASELINE,202412,202501,4031,5102,Vabyseal,299.111,254.244,343.977
TM1_BASELINE,202412,202502,4031,5102,Vabyseal,283.892,241.309,326.476
TM1_BASELINE,202412,202503,4031,5102,Vabyseal,288.083,244.87,331.295
TM1_BASELINE,202412,202504,4031,5102,Vabyseal,356.604,303.114,410.095
TM1_BASELINE,202412,202505,4031,5102,Vabyseal,218.89,186.056,251.723
TM1_BASELINE,202412,202506,4031,5102,Vabyseal,328.053,278.845,377.261
TM1_BASELINE,202412,202501,4031,5105,Ocretiva,280.36,238.306,322.414
TM1_BASELINE,202412,202502,4031,5105,Ocretiva,272.326,231.477,313.175
TM1_BASELINE,202412,202503,4031,5105,Ocretiva,260.467,221.397,299.537
TM1_BASELINE,202412,202504,4031,5105,Ocretiva,212.885,180.952,244.817
TM1_BASELINE,202412,202505,4031,5105,Ocretiva,226.023,192.12,259.927
TM1_BASELINE,202412,202506,4031,5105,Ocretiva,275.203,233.922,316.483
TM1_BASELINE,202412,202501,4031,5109,Hemvia,725.8,616.93,834.67
TM1_BASELINE,202412,202502,4031,5109,Hemvia,820.892,697.758,944.025
TM1_BASELINE,202412,202503,4031,5109,Hemvia,802.19,681.861,922.518
TM1_BASELINE,202412,202504,4031,5109,Hemvia,966.953,821.91,1111.996
TM1_BASELINE,202412,202505,4031,5109,Hemvia,749.952,637.459,862.445
TM1_BASELINE,202412,202506,4031,5109,Hemvia,742.775,631.359,854.192
TM1_BASELINE,202412,202501,4031,5112,Xolarin,449.053,381.695,516.411
TM1_BASELINE,202412,202502,4031,5112,Xolarin,498.486,423.713,573.259
TM1_BASELINE,202412,202503,4031,5112,Xolarin,523.504,444.978,602.029
TM1_BASELINE,202412,202504,4031,5112,Xolarin,424.73,361.021,488.44
TM1_BASELINE,202412,202505,4031,5112,Xolarin,481.848,409.571,554.125
TM1_BASELINE,202412,202506,4031,5112,Xolarin,503.033,427.578,578.488
TM1_BASELINE,202412,202501,4031,5116,Perjenta,290.786,247.168,334.404
TM1_BASELINE,202412,202502,4031,5116,Perjenta,270.695,230.091,311.299
TM1_BASELINE,202412,202503,4031,5116,Perjenta,304.204,258.573,349.834
TM1_BASELINE,202412,202504,4031,5116,Perjenta,255.633,217.288,293.978
TM1_BASELINE,202412,202505,4031,5116,Perjenta,305.633,259.788,351.478
TM1_BASELINE,202412,202506,4031,5116,Perjenta,336.204,285.773,386.635
TM1_BASELINE,202412,202501,4031,5117,Phesgrox,199.578,169.641,229.515
TM1_BASELINE,202412,202502,4031,5117,Phesgrox,201.214,171.032,231.396
TM1_BASELINE,202412,202503,4031,5117,Phesgrox,244.747,208.035,281.459
TM1_BASELINE,202412,202504,4031,5117,Phesgrox,154.692,131.488,177.896
TM1_BASELINE,202412,202505,4031,5117,Phesgrox,233.84,198.764,268.916
TM1_BASELINE,202412,202506,4031,5117,Phesgrox,207.922,176.734,239.111
TM1_BASELINE,202412,202501,4031,5118,Kadcynex,111.824,95.051,128.598
TM1_BASELINE,202412,202502,4031,5118,Kadcynex,135.021,114.767,155.274
TM1_BASELINE,202412,202503,4031,5118,Kadcynex,123.297,104.802,141.791
TM1_BASELINE,202412,202504,4031,5118,Kadcynex,112.919,95.982,129.857
TM1_BASELINE,202412,202505,4031,5118,Kadcynex,146.96,124.916,169.004
TM1_BASELINE,202412,202506,4031,5118,Kadcynex,138.402,117.642,159.163
TM1_BASELINE,202412,202501,4032,5101,Retivue,135.08,114.818,155.342
TM1_BASELINE,202412,202502,4032,5101,Retivue,132.397,112.537,152.256
TM1_BASELINE,202412,202503,4032,5101,Retivue,138.191,117.463,158.92
TM1_BASELINE,202412,202504,4032,5101,Retivue,123.725,105.166,142.283
TM1_BASELINE,202412,202505,4032,5101,Retivue,141.724,120.466,162.983
TM1_BASELINE,202412,202506,4032,5101,Retivue,120.557,102.473,138.641
TM1_BASELINE,202412,202501,4032,5102,Vabyseal,210.607,179.016,242.198
TM1_BASELINE,202412,202502,4032,5102,Vabyseal,181.174,153.998,208.35
TM1_BASELINE,202412,202503,4032,5102,Vabyseal,197.404,167.794,227.015
TM1_BASELINE,202412,202504,4032,5102,Vabyseal,197.916,168.229,227.604
TM1_BASELINE,202412,202505,4032,5102,Vabyseal,185.502,157.677,213.328
TM1_BASELINE,202412,202506,4032,5102,Vabyseal,206.812,175.79,237.834
TM1_BASELINE,202412,202501,4032,5105,Ocretiva,196.736,167.226,226.246
TM1_BASELINE,202412,202502,4032,5105,Ocretiva,224.213,190.581,257.845
TM1_BASELINE,202412,202503,4032,5105,Ocretiva,184.604,156.913,212.294
TM1_BASELINE,202412,202504,4032,5105,Ocretiva,211.847,180.07,243.624
TM1_BASELINE,202412,202505,4032,5105,Ocretiva,192.541,163.66,221.422
TM1_BASELINE,202412,202506,4032,5105,Ocretiva,212.562,180.678,244.447
TM1_BASELINE,202412,202501,4032,5109,Hemvia,410.157,348.633,471.68
TM1_BASELINE,202412,202502,4032,5109,Hemvia,388.924,330.585,447.262
TM1_BASELINE,202412,202503,4032,5109,Hemvia,330.082,280.57,379.595
TM1_BASELINE,202412,202504,4032,5109,Hemvia,416.599,354.109,479.089
TM1_BASELINE,202412,202505,4032,5109,Hemvia,397.808,338.137,457.479
TM1_BASELINE,202412,202506,4032,5109,Hemvia,422.404,359.043,485.764
TM1_BASELINE,202412,202501,4032,5112,Xolarin,240.393,204.334,276.452
TM1_BASELINE,202412,202502,4032,5112,Xolarin,233.77,198.705,268.836
TM1_BASELINE,202412,202503,4032,5112,Xolarin,251.516,213.789,289.244
TM1_BASELINE,202412,202504,4032,5112,Xolarin,209.391,177.982,240.799
TM1_BASELINE,202412,202505,4032,5112,Xolarin,216.765,184.25,249.28
TM1_BASELINE,202412,202506,4032,5112,Xolarin,234.001,198.901,269.101
TM1_BASELINE,202412,202501,4032,5116,Perjenta,134.735,114.525,154.945
TM1_BASELINE,202412,202502,4032,5116,Perjenta,144.198,122.568,165.828
TM1_BASELINE,202412,202503,4032,5116,Perjenta,133.972,113.876,154.068
TM1_BASELINE,202412,202504,4032,5116,Perjenta,148.732,126.422,171.042
TM1_BASELINE,202412,202505,4032,5116,Perjenta,145.535,123.705,167.365
TM1_BASELINE,202412,202506,4032,5116,Perjenta,140.116,119.098,161.133
TM1_BASELINE,202412,202501,4032,5117,Phesgrox,69.734,59.274,80.194
TM1_BASELINE,202412,202502,4032,5117,Phesgrox,85.287,72.494,98.08
TM1_BASELINE,202412,202503,4032,5117,Phesgrox,61.018,51.865,70.17
TM1_BASELINE,202412,202504,4032,5117,Phesgrox,78.208,66.476,89.939
TM1_BASELINE,202412,202505,4032,5117,Phesgrox,84.29,71.646,96.933
TM1_BASELINE,202412,202506,4032,5117,Phesgrox,80.272,68.231,92.312
TM1_BASELINE,202412,202501,4032,5118,Kadcynex,64.88,55.148,74.612
TM1_BASELINE,202412,202502,4032,5118,Kadcynex,64.464,54.795,74.134
TM1_BASELINE,202412,202503,4032,5118,Kadcynex,54.494,46.32,62.668
TM1_BASELINE,202412,202504,4032,5118,Kadcynex,60.5,51.425,69.575
TM1_BASELINE,202412,202505,4032,5118,Kadcynex,55.957,47.563,64.35
TM1_BASELINE,202412,202506,4032,5118,Kadcynex,62.802,53.382,72.222
TM1_BASELINE,202412,202501,4033,5101,Retivue,98.912,84.075,113.749
TM1_BASELINE,202412,202502,4033,5101,Retivue,99.657,84.709,114.606
TM1_BASELINE,202412,202503,4033,5101,Retivue,86.23,73.296,99.165
TM1_BASELINE,202412,202504,4033,5101,Retivue,89.304,75.908,102.7
TM1_BASELINE,202412,202505,4033,5101,Retivue,82.443,70.077,94.81
TM1_BASELINE,202412,202506,4033,5101,Retivue,84.572,71.886,97.258
TM1_BASELINE,202412,202501,4033,5102,Vabyseal,87.061,74.002,100.12
TM1_BASELINE,202412,202502,4033,5102,Vabyseal,79.642,67.696,91.588
TM1_BASELINE,202412,202503,4033,5102,Vabyseal,89.98,76.483,103.477
TM1_BASELINE,202412,202504,4033,5102,Vabyseal,94.977,80.731,109.224
TM1_BASELINE,202412,202505,4033,5102,Vabyseal,76.746,65.234,88.258
TM1_BASELINE,202412,202506,4033,5102,Vabyseal,81.963,69.669,94.258
TM1_BASELINE,202412,202501,4033,5105,Ocretiva,81.644,69.397,93.89
TM1_BASELINE,202412,202502,4033,5105,Ocretiva,89.018,75.665,102.37
TM1_BASELINE,202412,202503,4033,5105,Ocretiva,98.751,83.939,113.564
TM1_BASELINE,202412,202504,4033,5105,Ocretiva,94.461,80.292,108.63
TM1_BASELINE,202412,202505,4033,5105,Ocretiva,89.107,75.741,102.473
TM1_BASELINE,202412,202506,4033,5105,Ocretiva,100.429,85.364,115.493
TM1_BASELINE,202412,202501,4033,5109,Hemvia,247.936,210.746,285.126
TM1_BASELINE,202412,202502,4033,5109,Hemvia,259.964,220.97,298.959
TM1_BASELINE,202412,202503,4033,5109,Hemvia,167.791,142.623,192.96
TM1_BASELINE,202412,202504,4033,5109,Hemvia,221.788,188.52,255.056
TM1_BASELINE,202412,202505,4033,5109,Hemvia,257.557,218.923,296.19
TM1_BASELINE,202412,202506,4033,5109,Hemvia,206.525,175.546,237.504
TM1_BASELINE,202412,202501,4033,5112,Xolarin,150.803,128.183,173.424
TM1_BASELINE,202412,202502,4033,5112,Xolarin,119.466,101.546,137.386
TM1_BASELINE,202412,202503,4033,5112,Xolarin,114.777,97.56,131.993
TM1_BASELINE,202412,202504,4033,5112,Xolarin,135.822,115.449,156.195
TM1_BASELINE,202412,202505,4033,5112,Xolarin,129.174,109.798,148.55
TM1_BASELINE,202412,202506,4033,5112,Xolarin,126.658,107.659,145.656
TM1_BASELINE,202412,202501,4033,5116,Perjenta,69.186,58.808,79.564
TM1_BASELINE,202412,202502,4033,5116,Perjenta,76.821,65.298,88.344
TM1_BASELINE,202412,202503,4033,5116,Perjenta,79.903,67.917,91.888
TM1_BASELINE,202412,202504,4033,5116,Perjenta,79.038,67.182,90.893
TM1_BASELINE,202412,202505,4033,5116,Perjenta,85.805,72.934,98.676
TM1_BASELINE,202412,202506,4033,5116,Perjenta,77.898,66.214,89.583
TM1_BASELINE,202412,202501,4033,5117,Phesgrox,61.516,52.289,70.743
TM1_BASELINE,202412,202502,4033,5117,Phesgrox,72.096,61.282,82.91
TM1_BASELINE,202412,202503,4033,5117,Phesgrox,63.326,53.827,72.825
TM1_BASELINE,202412,202504,4033,5117,Phesgrox,60.062,51.052,69.071
TM1_BASELINE,202412,202505,4033,5117,Phesgrox,73.174,62.198,84.151
TM1_BASELINE,202412,202506,4033,5117,Phesgrox,63.648,54.101,73.195
TM1_BASELINE,202412,202501,4033,5118,Kadcynex,36.499,31.024,41.973
TM1_BASELINE,202412,202502,4033,5118,Kadcynex,29.942,25.451,34.433
TM1_BASELINE,202412,202503,4033,5118,Kadcynex,32.689,27.786,37.592
TM1_BASELINE,202412,202504,4033,5118,Kadcynex,31.886,27.103,36.669
TM1_BASELINE,202412,202505,4033,5118,Kadcynex,38.162,32.438,43.887
TM1_BASELINE,202412,202506,4033,5118,Kadcynex,34.175,29.048,39.301
TM1_BASELINE,202412,202501,4034,5101,Retivue,99.211,84.329,114.093
TM1_BASELINE,202412,202502,4034,5101,Retivue,96.593,82.104,111.083
TM1_BASELINE,202412,202503,4034,5101,Retivue,102.491,87.117,117.865
TM1_BASELINE,202412,202504,4034,5101,Retivue,74.411,63.25,85.573
TM1_BASELINE,202412,202505,4034,5101,Retivue,94.392,80.233,108.551
TM1_BASELINE,202412,202506,4034,5101,Retivue,97.752,83.089,112.415
TM1_BASELINE,202412,202501,4034,5102,Vabyseal,92.53,78.65,106.409
TM1_BASELINE,202412,202502,4034,5102,Vabyseal,93.469,79.449,107.489
TM1_BASELINE,202412,202503,4034,5102,Vabyseal,92.871,78.941,106.802
TM1_BASELINE,202412,202504,4034,5102,Vabyseal,87.859,74.68,101.038
TM1_BASELINE,202412,202505,4034,5102,Vabyseal,103.587,88.049,119.125
TM1_BASELINE,202412,202506,4034,5102,Vabyseal,77.428,65.813,89.042
TM1_BASELINE,202412,202501,4034,5105,Ocretiva,135.401,115.091,155.711
TM1_BASELINE,202412,202502,4034,5105,Ocretiva,175.903,149.518,202.288
TM1_BASELINE,202412,202503,4034,5105,Ocretiva,161.689,137.435,185.942
TM1_BASELINE,202412,202504,4034,5105,Ocretiva,168.787,143.469,194.106
TM1_BASELINE,202412,202505,4034,5105,Ocretiva,155.064,131.804,178.323
TM1_BASELINE,202412,202506,4034,5105,Ocretiva,185.403,157.593,213.214
TM1_BASELINE,202412,202501,4034,5109,Hemvia,179.5,152.575,206.425
TM1_BASELINE,202412,202502,4034,5109,Hemvia,217.76,185.096,250.423
TM1_BASELINE,202412,202503,4034,5109,Hemvia,243.187,206.709,279.665
TM1_BASELINE,202412,202504,4034,5109,Hemvia,281.416,239.204,323.629
TM1_BASELINE,202412,202505,4034,5109,Hemvia,251.853,214.075,289.631
TM1_BASELINE,202412,202506,4034,5109,Hemvia,251.481,213.759,289.203
TM1_BASELINE,202412,202501,4034,5112,Xolarin,254.457,216.288,292.625
TM1_BASELINE,202412,202502,4034,5112,Xolarin,240.066,204.056,276.076
TM1_BASELINE,202412,202503,4034,5112,Xolarin,310.703,264.097,357.308
TM1_BASELINE,202412,202504,4034,5112,Xolarin,242.262,205.923,278.601
TM1_BASELINE,202412,202505,4034,5112,Xolarin,246.735,209.725,283.745
TM1_BASELINE,202412,202506,4034,5112,Xolarin,226.102,192.187,260.018
TM1_BASELINE,202412,202501,4034,5116,Perjenta,178.948,152.106,205.79
TM1_BASELINE,202412,202502,4034,5116,Perjenta,136.121,115.702,156.539
TM1_BASELINE,202412,202503,4034,5116,Perjenta,176.931,150.391,203.471
TM1_BASELINE,202412,202504,4034,5116,Perjenta,153.921,130.833,177.009
TM1_BASELINE,202412,202505,4034,5116,Perjenta,150.89,128.256,173.523
TM1_BASELINE,202412,202506,4034,5116,Perjenta,163.733,139.173,188.293
TM1_BASELINE,202412,202501,4034,5117,Phesgrox,111.759,94.995,128.522
TM1_BASELINE,202412,202502,4034,5117,Phesgrox,118.627,100.833,136.421
TM1_BASELINE,202412,202503,4034,5117,Phesgrox,129.515,110.088,148.942
TM1_BASELINE,202412,202504,4034,5117,Phesgrox,132.536,112.655,152.416
TM1_BASELINE,202412,202505,4034,5117,Phesgrox,136.569,116.083,157.054
TM1_BASELINE,202412,202506,4034,5117,Phesgrox,129.848,110.371,149.326
TM1_BASELINE,202412,202501,4034,5118,Kadcynex,45.042,38.286,51.799
TM1_BASELINE,202412,202502,4034,5118,Kadcynex,43.892,37.308,50.476
TM1_BASELINE,202412,202503,4034,5118,Kadcynex,45.024,38.271,51.778
TM1_BASELINE,202412,202504,4034,5118,Kadcynex,55.232,46.947,63.517
TM1_BASELINE,202412,202505,4034,5118,Kadcynex,51.948,44.156,59.741
TM1_BASELINE,202412,202506,4034,5118,Kadcynex,46.069,39.159,52.979
TM1_BASELINE,202412,202501,4035,5101,Retivue,73.556,62.522,84.589
TM1_BASELINE,202412,202502,4035,5101,Retivue,68.156,57.932,78.379
TM1_BASELINE,202412,202503,4035,5101,Retivue,66.284,56.341,76.226
TM1_BASELINE,202412,202504,4035,5101,Retivue,75.288,63.995,86.581
TM1_BASELINE,202412,202505,4035,5101,Retivue,64.796,55.077,74.515
TM1_BASELINE,202412,202506,4035,5101,Retivue,98.116,83.399,112.833
TM1_BASELINE,202412,202501,4035,5102,Vabyseal,91.918,78.13,105.705
TM1_BASELINE,202412,202502,4035,5102,Vabyseal,92.524,78.646,106.403
TM1_BASELINE,202412,202503,4035,5102,Vabyseal,102.318,86.971,117.666
TM1_BASELINE,202412,202504,4035,5102,Vabyseal,100.043,85.036,115.049
TM1_BASELINE,202412,202505,4035,5102,Vabyseal,96.04,81.634,110.446
TM1_BASELINE,202412,202506,4035,5102,Vabyseal,96.721,82.213,111.229
TM1_BASELINE,202412,202501,4035,5105,Ocretiva,53.876,45.794,61.957
TM1_BASELINE,202412,202502,4035,5105,Ocretiva,53.072,45.111,61.033
TM1_BASELINE,202412,202503,4035,5105,Ocretiva,58.096,49.381,66.81
TM1_BASELINE,202412,202504,4035,5105,Ocretiva,47.937,40.746,55.127
TM1_BASELINE,202412,202505,4035,5105,Ocretiva,54.846,46.619,63.073
TM1_BASELINE,202412,202506,4035,5105,Ocretiva,55.846,47.469,64.223
TM1_BASELINE,202412,202501,4035,5109,Hemvia,198.317,168.569,228.064
TM1_BASELINE,202412,202502,4035,5109,Hemvia,207.611,176.469,238.753
TM1_BASELINE,202412,202503,4035,5109,Hemvia,176.975,150.429,203.521
TM1_BASELINE,202412,202504,4035,5109,Hemvia,186.278,158.336,214.22
TM1_BASELINE,202412,202505,4035,5109,Hemvia,195.353,166.05,224.656
TM1_BASELINE,202412,202506,4035,5109,Hemvia,221.383,188.175,254.59
TM1_BASELINE,202412,202501,4035,5112,Xolarin,97.578,82.941,112.214
TM1_BASELINE,202412,202502,4035,5112,Xolarin,114.469,97.299,131.64
TM1_BASELINE,202412,202503,4035,5112,Xolarin,104.345,88.693,119.997
TM1_BASELINE,202412,202504,4035,5112,Xolarin,101.342,86.141,116.544
TM1_BASELINE,202412,202505,4035,5112,Xolarin,110.228,93.694,126.762
TM1_BASELINE,202412,202506,4035,5112,Xolarin,95.514,81.187,109.841
TM1_BASELINE,202412,202501,4035,5116,Perjenta,74.678,63.477,85.88
TM1_BASELINE,202412,202502,4035,5116,Perjenta,75.851,64.474,87.229
TM1_BASELINE,202412,202503,4035,5116,Perjenta,56.562,48.078,65.047
TM1_BASELINE,202412,202504,4035,5116,Perjenta,73.041,62.085,83.997
TM1_BASELINE,202412,202505,4035,5116,Perjenta,76.121,64.703,87.539
TM1_BASELINE,202412,202506,4035,5116,Perjenta,62.023,52.72,71.326
TM1_BASELINE,202412,202501,4035,5117,Phesgrox,61.862,52.583,71.141
TM1_BASELINE,202412,202502,4035,5117,Phesgrox,77.056,65.498,88.614
TM1_BASELINE,202412,202503,4035,5117,Phesgrox,69.087,58.724,79.45
TM1_BASELINE,202412,202504,4035,5117,Phesgrox,65.89,56.007,75.774
TM1_BASELINE,202412,202505,4035,5117,Phesgrox,62.912,53.475,72.349
TM1_BASELINE,202412,202506,4035,5117,Phesgrox,73.947,62.855,85.039
TM1_BASELINE,202412,202501,4035,5118,Kadcynex,31.689,26.935,36.442
TM1_BASELINE,202412,202502,4035,5118,Kadcynex,32.929,27.99,37.869
TM1_BASELINE,202412,202503,4035,5118,Kadcynex,31.886,27.103,36.669
TM1_BASELINE,202412,202504,4035,5118,Kadcynex,34.686,29.483,39.888
TM1_BASELINE,202412,202505,4035,5118,Kadcynex,31.915,27.128,36.702
TM1_BASELINE,202412,202506,4035,5118,Kadcynex,27.103,23.037,31.168
TM1_BASELINE,202412,202501,4036,5101,Retivue,684.623,581.93,787.317
TM1_BASELINE,202412,202502,4036,5101,Retivue,744.603,632.913,856.293
TM1_BASELINE,202412,202503,4036,5101,Retivue,704.484,598.812,810.157
TM1_BASELINE,202412,202504,4036,5101,Retivue,617.069,524.508,709.629
TM1_BASELINE,202412,202505,4036,5101,Retivue,648.227,550.993,745.461
TM1_BASELINE,202412,202506,4036,5101,Retivue,682.935,580.495,785.375
TM1_BASELINE,202412,202501,4036,5102,Vabyseal,576.321,489.873,662.77
TM1_BASELINE,202412,202502,4036,5102,Vabyseal,625.284,531.491,719.076
TM1_BASELINE,202412,202503,4036,5102,Vabyseal,508.452,432.185,584.72
TM1_BASELINE,202412,202504,4036,5102,Vabyseal,588.714,500.407,677.021
TM1_BASELINE,202412,202505,4036,5102,Vabyseal,592.609,503.718,681.501
TM1_BASELINE,202412,202506,4036,5102,Vabyseal,592.492,503.618,681.366
TM1_BASELINE,202412,202501,4036,5105,Ocretiva,750.495,637.921,863.069
TM1_BASELINE,202412,202502,4036,5105,Ocretiva,841.615,715.373,967.857
TM1_BASELINE,202412,202503,4036,5105,Ocretiva,888.093,754.879,1021.307
TM1_BASELINE,202412,202504,4036,5105,Ocretiva,847.393,720.284,974.502
TM1_BASELINE,202412,202505,4036,5105,Ocretiva,752.201,639.371,865.031
TM1_BASELINE,202412,202506,4036,5105,Ocretiva,825.946,702.054,949.838
TM1_BASELINE,202412,202501,4036,5109,Hemvia,1349.369,1146.963,1551.774
TM1_BASELINE,202412,202502,4036,5109,Hemvia,1226.921,1042.883,1410.959
TM1_BASELINE,202412,202503,4036,5109,Hemvia,1157.483,983.86,1331.105
TM1_BASELINE,202412,202504,4036,5109,Hemvia,1302.13,1106.811,1497.45
TM1_BASELINE,202412,202505,4036,5109,Hemvia,1352.12,1149.302,1554.938
TM1_BASELINE,202412,202506,4036,5109,Hemvia,1176.414,999.952,1352.876
TM1_BASELINE,202412,202501,4036,5112,Xolarin,1403.457,1192.939,1613.976
TM1_BASELINE,202412,202502,4036,5112,Xolarin,1418.995,1206.146,1631.844
TM1_BASELINE,202412,202503,4036,5112,Xolarin,1446.993,1229.944,1664.042
TM1_BASELINE,202412,202504,4036,5112,Xolarin,1426.67,1212.669,1640.67
TM1_BASELINE,202412,202505,4036,5112,Xolarin,1131.284,961.591,1300.976
TM1_BASELINE,202412,202506,4036,5112,Xolarin,1630.54,1385.959,1875.121
TM1_BASELINE,202412,202501,4036,5116,Perjenta,779.606,662.665,896.547
TM1_BASELINE,202412,202502,4036,5116,Perjenta,908.703,772.397,1045.008
TM1_BASELINE,202412,202503,4036,5116,Perjenta,1066.894,906.86,1226.928
TM1_BASELINE,202412,202504,4036,5116,Perjenta,1189.781,1011.314,1368.248
TM1_BASELINE,202412,202505,4036,5116,Perjenta,973.552,827.519,1119.585
TM1_BASELINE,202412,202506,4036,5116,Perjenta,1037.082,881.52,1192.645
TM1_BASELINE,202412,202501,4036,5117,Phesgrox,466.045,396.138,535.952
TM1_BASELINE,202412,202502,4036,5117,Phesgrox,549.247,466.86,631.634
TM1_BASELINE,202412,202503,4036,5117,Phesgrox,383.806,326.235,441.376
TM1_BASELINE,202412,202504,4036,5117,Phesgrox,417.22,354.637,479.803
TM1_BASELINE,202412,202505,4036,5117,Phesgrox,463.789,394.221,533.357
TM1_BASELINE,202412,202506,4036,5117,Phesgrox,440.91,374.773,507.046
TM1_BASELINE,202412,202501,4036,5118,Kadcynex,234.167,199.042,269.293
TM1_BASELINE,202412,202502,4036,5118,Kadcynex,245.55,208.717,282.382
TM1_BASELINE,202412,202503,4036,5118,Kadcynex,297.138,252.568,341.709
TM1_BASELINE,202412,202504,4036,5118,Kadcynex,287.729,244.569,330.888
TM1_BASELINE,202412,202505,4036,5118,Kadcynex,265.909,226.023,305.796
TM1_BASELINE,202412,202506,4036,5118,Kadcynex,270.865,230.235,311.495
TM1_BASELINE,202412,202501,4037,5101,Retivue,290.43,246.865,333.994
TM1_BASELINE,202412,202502,4037,5101,Retivue,352.21,299.379,405.042
TM1_BASELINE,202412,202503,4037,5101,Retivue,401.293,341.099,461.487
TM1_BASELINE,202412,202504,4037,5101,Retivue,400.644,340.548,460.741
TM1_BASELINE,202412,202505,4037,5101,Retivue,379.336,322.436,436.237
TM1_BASELINE,202412,202506,4037,5101,Retivue,362.978,308.531,417.425
TM1_BASELINE,202412,202501,4037,5102,Vabyseal,290.135,246.615,333.655
TM1_BASELINE,202412,202502,4037,5102,Vabyseal,376.425,319.961,432.889
TM1_BASELINE,202412,202503,4037,5102,Vabyseal,320.774,272.658,368.89
TM1_BASELINE,202412,202504,4037,5102,Vabyseal,267.632,227.487,307.777
TM1_BASELINE,202412,202505,4037,5102,Vabyseal,374.317,318.169,430.464
TM1_BASELINE,202412,202506,4037,5102,Vabyseal,261.882,222.599,301.164
TM1_BASELINE,202412,202501,4037,5105,Ocretiva,412.387,350.529,474.245
TM1_BASELINE,202412,202502,4037,5105,Ocretiva,378.095,321.38,434.809
TM1_BASELINE,202412,202503,4037,5105,Ocretiva,426.641,362.644,490.637
TM1_BASELINE,202412,202504,4037,5105,Ocretiva,426.518,362.541,490.496
TM1_BASELINE,202412,202505,4037,5105,Ocretiva,424.343,360.692,487.995
TM1_BASELINE,202412,202506,4037,5105,Ocretiva,374.49,318.317,430.664
TM1_BASELINE,202412,202501,4037,5109,Hemvia,957.704,814.048,1101.359
TM1_BASELINE,202412,202502,4037,5109,Hemvia,983.772,836.206,1131.338
TM1_BASELINE,202412,202503,4037,5109,Hemvia,1023.683,870.131,1177.236
TM1_BASELINE,202412,202504,4037,5109,Hemvia,909.63,773.185,1046.074
TM1_BASELINE,202412,202505,4037,5109,Hemvia,1086.404,923.443,1249.365
TM1_BASELINE,202412,202506,4037,5109,Hemvia,1066.818,906.796,1226.841
TM1_BASELINE,202412,202501,4037,5112,Xolarin,566.726,481.717,651.735
TM1_BASELINE,202412,202502,4037,5112,Xolarin,711.433,604.718,818.148
TM1_BASELINE,202412,202503,4037,5112,Xolarin,604.408,513.746,695.069
TM1_BASELINE,202412,202504,4037,5112,Xolarin,694.861,590.632,799.09
TM1_BASELINE,202412,202505,4037,5112,Xolarin,598.513,508.736,688.29
TM1_BASELINE,202412,202506,4037,5112,Xolarin,615.52,523.192,707.848
TM1_BASELINE,202412,202501,4037,5116,Perjenta,229.383,194.975,263.79
TM1_BASELINE,202412,202502,4037,5116,Perjenta,298.153,253.43,342.876
TM1_BASELINE,202412,202503,4037,5116,Perjenta,253.509,215.483,291.535
TM1_BASELINE,202412,202504,4037,5116,Perjenta,285.948,243.055,328.84
TM1_BASELINE,202412,202505,4037,5116,Perjenta,298.995,254.145,343.844
TM1_BASELINE,202412,202506,4037,5116,Perjenta,248.117,210.899,285.334
TM1_BASELINE,202412,202501,4037,5117,Phesgrox,247.313,210.216,284.41
TM1_BASELINE,202412,202502,4037,5117,Phesgrox,222.204,188.873,255.535
TM1_BASELINE,202412,202503,4037,5117,Phesgrox,229.332,194.932,263.732
TM1_BASELINE,202412,202504,4037,5117,Phesgrox,246.154,209.231,283.077
TM1_BASELINE,202412,202505,4037,5117,Phesgrox,245.91,209.024,282.797
TM1_BASELINE,202412,202506,4037,5117,Phesgrox,212.475,180.604,244.346
TM1_BASELINE,202412,202501,4037,5118,Kadcynex,201.427,171.213,231.641
TM1_BASELINE,202412,202502,4037,5118,Kadcynex,187.402,159.292,215.513
TM1_BASELINE,202412,202503,4037,5118,Kadcynex,209.043,177.687,240.4
TM1_BASELINE,202412,202504,4037,5118,Kadcynex,197.939,168.248,227.63
TM1_BASELINE,202412,202505,4037,5118,Kadcynex,187.623,159.48,215.767
TM1_BASELINE,202412,202506,4037,5118,Kadcynex,188.654,160.356,216.953
TM1_BASELINE,202412,202501,4038,5101,Retivue,334.004,283.904,384.105
TM1_BASELINE,202412,202502,4038,5101,Retivue,412.927,350.988,474.867
TM1_BASELINE,202412,202503,4038,5101,Retivue,410.506,348.93,472.082
TM1_BASELINE,202412,202504,4038,5101,Retivue,400.802,340.681,460.922
TM1_BASELINE,202412,202505,4038,5101,Retivue,415.884,353.501,478.266
TM1_BASELINE,202412,202506,4038,5101,Retivue,359.609,305.667,413.55
TM1_BASELINE,202412,202501,4038,5102,Vabyseal,288.209,244.977,331.44
TM1_BASELINE,202412,202502,4038,5102,Vabyseal,303.953,258.36,349.546
TM1_BASELINE,202412,202503,4038,5102,Vabyseal,297.649,253.002,342.296
TM1_BASELINE,202412,202504,4038,5102,Vabyseal,280.466,238.396,322.536
TM1_BASELINE,202412,202505,4038,5102,Vabyseal,394.379,335.222,453.536
TM1_BASELINE,202412,202506,4038,5102,Vabyseal,336.56,286.076,387.043
TM1_BASELINE,202412,202501,4038,5105,Ocretiva,323.579,275.042,372.116
TM1_BASELINE,202412,202502,4038,5105,Ocretiva,312.874,265.943,359.805
TM1_BASELINE,202412,202503,4038,5105,Ocretiva,349.714,297.257,402.171
TM1_BASELINE,202412,202504,4038,5105,Ocretiva,318.169,270.444,365.895
TM1_BASELINE,202412,202505,4038,5105,Ocretiva,326.84,277.814,375.866
TM1_BASELINE,202412,202506,4038,5105,Ocretiva,255.741,217.38,294.102
TM1_BASELINE,202412,202501,4038,5109,Hemvia,1100.019,935.016,1265.022
TM1_BASELINE,202412,202502,4038,5109,Hemvia,1157.005,983.455,1330.556
TM1_BASELINE,202412,202503,4038,5109,Hemvia,1062.922,903.484,1222.36
TM1_BASELINE,202412,202504,4038,5109,Hemvia,1186.503,1008.528,1364.479
TM1_BASELINE,202412,202505,4038,5109,Hemvia,995.518,846.19,1144.845
TM1_BASELINE,202412,202506,4038,5109,Hemvia,1152.166,979.341,1324.991
TM1_BASELINE,202412,202501,4038,5112,Xolarin,746.736,634.726,858.747
TM1_BASELINE,202412,202502,4038,5112,Xolarin,544.207,462.576,625.838
TM1_BASELINE,202412,202503,4038,5112,Xolarin,639.013,543.161,734.865
TM1_BASELINE,202412,202504,4038,5112,Xolarin,651.262,553.573,748.951
TM1_BASELINE,202412,202505,4038,5112,Xolarin,638.892,543.059,734.726
TM1_BASELINE,202412,202506,4038,5112,Xolarin,613.42,521.407,705.434
TM1_BASELINE,202412,202501,4038,5116,Perjenta,294.9,250.665,339.135
TM1_BASELINE,202412,202502,4038,5116,Perjenta,211.038,179.382,242.694
TM1_BASELINE,202412,202503,4038,5116,Perjenta,299.604,254.663,344.545
TM1_BASELINE,202412,202504,4038,5116,Perjenta,273.99,232.891,315.088
TM1_BASELINE,202412,202505,4038,5116,Perjenta,280.401,238.341,322.461
TM1_BASELINE,202412,202506,4038,5116,Perjenta,294.673,250.472,338.874
TM1_BASELINE,202412,202501,4038,5117,Phesgrox,289.429,246.015,332.843
TM1_BASELINE,202412,202502,4038,5117,Phesgrox,273.973,232.877,315.069
TM1_BASELINE,202412,202503,4038,5117,Phesgrox,284.535,241.855,327.215
TM1_BASELINE,202412,202504,4038,5117,Phesgrox,248.875,211.544,286.207
TM1_BASELINE,202412,202505,4038,5117,Phesgrox,314.839,267.613,362.065
TM1_BASELINE,202412,202506,4038,5117,Phesgrox,286.64,243.644,329.636
TM1_BASELINE,202412,202501,4038,5118,Kadcynex,151.724,128.965,174.482
TM1_BASELINE,202412,202502,4038,5118,Kadcynex,137.41,116.799,158.022
TM1_BASELINE,202412,202503,4038,5118,Kadcynex,145.405,123.594,167.215
TM1_BASELINE,202412,202504,4038,5118,Kadcynex,141.65,120.403,162.898
TM1_BASELINE,202412,202505,4038,5118,Kadcynex,130.211,110.679,149.742
TM1_BASELINE,202412,202506,4038,5118,Kadcynex,138.479,117.707,159.251
TM1_BASELINE,202412,202501,4039,5101,Retivue,201.233,171.048,231.418
TM1_BASELINE,202412,202502,4039,5101,Retivue,233.487,198.464,268.51
TM1_BASELINE,202412,202503,4039,5101,Retivue,210.598,179.009,242.188
TM1_BASELINE,202412,202504,4039,5101,Retivue,208.135,176.915,239.356
TM1_BASELINE,202412,202505,4039,5101,Retivue,280.829,238.705,322.954
TM1_BASELINE,202412,202506,4039,5101,Retivue,236.478,201.007,271.95
TM1_BASELINE,202412,202501,4039,5102,Vabyseal,358.833,305.008,412.658
TM1_BASELINE,202412,202502,4039,5102,Vabyseal,459.403,390.492,528.313
TM1_BASELINE,202412,202503,4039,5102,Vabyseal,487.169,414.093,560.244
TM1_BASELINE,202412,202504,4039,5102,Vabyseal,436.867,371.337,502.397
TM1_BASELINE,202412,202505,4039,5102,Vabyseal,426.076,362.164,489.987
TM1_BASELINE,202412,202506,4039,5102,Vabyseal,421.846,358.569,485.122
TM1_BASELINE,202412,202501,4039,5105,Ocretiva,529.884,450.401,609.366
TM1_BASELINE,202412,202502,4039,5105,Ocretiva,484.127,411.508,556.746
TM1_BASELINE,202412,202503,4039,5105,Ocretiva,542.216,460.884,623.549
TM1_BASELINE,202412,202504,4039,5105,Ocretiva,511.362,434.658,588.067
TM1_BASELINE,202412,202505,4039,5105,Ocretiva,500.795,425.676,575.915
TM1_BASELINE,202412,202506,4039,5105,Ocretiva,511.7,434.945,588.455
TM1_BASELINE,202412,202501,4039,5109,Hemvia,728.323,619.075,837.571
TM1_BASELINE,202412,202502,4039,5109,Hemvia,734.96,624.716,845.204
TM1_BASELINE,202412,202503,4039,5109,Hemvia,729.786,620.319,839.254
TM1_BASELINE,202412,202504,4039,5109,Hemvia,599.633,509.688,689.578
TM1_BASELINE,202412,202505,4039,5109,Hemvia,757.295,643.701,870.889
TM1_BASELINE,202412,202506,4039,5109,Hemvia,638.305,542.559,734.05
TM1_BASELINE,202412,202501,4039,5112,Xolarin,520.909,442.773,599.045
TM1_BASELINE,202412,202502,4039,5112,Xolarin,477.062,405.503,548.622
TM1_BASELINE,202412,202503,4039,5112,Xolarin,521.101,442.936,599.266
TM1_BASELINE,202412,202504,4039,5112,Xolarin,417.963,355.269,480.658
TM1_BASELINE,202412,202505,4039,5112,Xolarin,510.704,434.099,587.31
TM1_BASELINE,202412,202506,4039,5112,Xolarin,481.858,409.58,554.137
TM1_BASELINE,202412,202501,4039,5116,Perjenta,266.581,226.594,306.569
TM1_BASELINE,202412,202502,4039,5116,Perjenta,224.933,191.193,258.672
TM1_BASELINE,202412,202503,4039,5116,Perjenta,198.135,168.415,227.856
TM1_BASELINE,202412,202504,4039,5116,Perjenta,221.787,188.519,255.055
TM1_BASELINE,202412,202505,4039,5116,Perjenta,217.714,185.057,250.371
TM1_BASELINE,202412,202506,4039,5116,Perjenta,245.001,208.251,281.751
TM1_BASELINE,202412,202501,4039,5117,Phesgrox,269.394,228.985,309.803
TM1_BASELINE,202412,202502,4039,5117,Phesgrox,290.73,247.12,334.339
TM1_BASELINE,202412,202503,4039,5117,Phesgrox,241.69,205.436,277.943
TM1_BASELINE,202412,202504,4039,5117,Phesgrox,295.098,250.834,339.363
TM1_BASELINE,202412,202505,4039,5117,Phesgrox,243.009,206.558,279.46
TM1_BASELINE,202412,202506,4039,5117,Phesgrox,286.63,243.636,329.625
TM1_BASELINE,202412,202501,4039,5118,Kadcynex,171.21,145.528,196.891
TM1_BASELINE,202412,202502,4039,5118,Kadcynex,196.459,166.99,225.928
TM1_BASELINE,202412,202503,4039,5118,Kadcynex,168.792,143.474,194.111
TM1_BASELINE,202412,202504,4039,5118,Kadcynex,187.582,159.444,215.719
TM1_BASELINE,202412,202505,4039,5118,Kadcynex,174.748,148.536,200.96
TM1_BASELINE,202412,202506,4039,5118,Kadcynex,153.265,130.275,176.254
TM1_BASELINE,202412,202501,4040,5101,Retivue,252.631,214.737,290.526
TM1_BASELINE,202412,202502,4040,5101,Retivue,188.733,160.423,217.043
TM1_BASELINE,202412,202503,4040,5101,Retivue,237.645,201.998,273.292
TM1_BASELINE,202412,202504,4040,5101,Retivue,234.372,199.217,269.528
TM1_BASELINE,202412,202505,4040,5101,Retivue,201.468,171.248,231.688
TM1_BASELINE,202412,202506,4040,5101,Retivue,209.245,177.858,240.632
TM1_BASELINE,202412,202501,4040,5102,Vabyseal,132.647,112.75,152.544
TM1_BASELINE,202412,202502,4040,5102,Vabyseal,134.08,113.968,154.192
TM1_BASELINE,202412,202503,4040,5102,Vabyseal,140.222,119.189,161.256
TM1_BASELINE,202412,202504,4040,5102,Vabyseal,123.506,104.98,142.032
TM1_BASELINE,202412,202505,4040,5102,Vabyseal,130.047,110.54,149.555
TM1_BASELINE,202412,202506,4040,5102,Vabyseal,150.199,127.67,172.729
TM1_BASELINE,202412,202501,4040,5105,Ocretiva,102.103,86.788,117.418
TM1_BASELINE,202412,202502,4040,5105,Ocretiva,138.586,117.798,159.374
TM1_BASELINE,202412,202503,4040,5105,Ocretiva,130.762,111.148,150.376
TM1_BASELINE,202412,202504,4040,5105,Ocretiva,129.097,109.733,148.462
TM1_BASELINE,202412,202505,4040,5105,Ocretiva,135.554,115.221,155.887
TM1_BASELINE,202412,202506,4040,5105,Ocretiva,141.158,119.984,162.331
TM1_BASELINE,202412,202501,4040,5109,Hemvia,381.274,324.083,438.465
TM1_BASELINE,202412,202502,4040,5109,Hemvia,410.144,348.622,471.665
TM1_BASELINE,202412,202503,4040,5109,Hemvia,355.554,302.221,408.887
TM1_BASELINE,202412,202504,4040,5109,Hemvia,413.632,351.587,475.677
TM1_BASELINE,202412,202505,4040,5109,Hemvia,315.333,268.033,362.633
TM1_BASELINE,202412,202506,4040,5109,Hemvia,385.642,327.796,443.489
TM1_BASELINE,202412,202501,4040,5112,Xolarin,177.065,150.505,203.625
TM1_BASELINE,202412,202502,4040,5112,Xolarin,185.392,157.583,213.201
TM1_BASELINE,202412,202503,4040,5112,Xolarin,174.589,148.401,200.777
TM1_BASELINE,202412,202504,4040,5112,Xolarin,171.058,145.399,196.717
TM1_BASELINE,202412,202505,4040,5112,Xolarin,193.233,164.248,222.218
TM1_BASELINE,202412,202506,4040,5112,Xolarin,149.789,127.321,172.257
TM1_BASELINE,202412,202501,4040,5116,Perjenta,110.126,93.607,126.645
TM1_BASELINE,202412,202502,4040,5116,Perjenta,132.048,112.241,151.855
TM1_BASELINE,202412,202503,4040,5116,Perjenta,118.099,100.384,135.814
TM1_BASELINE,202412,202504,4040,5116,Perjenta,125.978,107.081,144.875
TM1_BASELINE,202412,202505,4040,5116,Perjenta,136.19,115.762,156.619
TM1_BASELINE,202412,202506,4040,5116,Perjenta,105.019,89.266,120.772
TM1_BASELINE,202412,202501,4040,5117,Phesgrox,115.483,98.161,132.806
TM1_BASELINE,202412,202502,4040,5117,Phesgrox,118.471,100.7,136.242
TM1_BASELINE,202412,202503,4040,5117,Phesgrox,101.054,85.896,116.213
TM1_BASELINE,202412,202504,4040,5117,Phesgrox,121.523,103.295,139.752
TM1_BASELINE,202412,202505,4040,5117,Phesgrox,130.817,111.194,150.44
TM1_BASELINE,202412,202506,4040,5117,Phesgrox,107.355,91.251,123.458
TM1_BASELINE,202412,202501,4040,5118,Kadcynex,42.111,35.795,48.428
TM1_BASELINE,202412,202502,4040,5118,Kadcynex,36.437,30.972,41.903
TM1_BASELINE,202412,202503,4040,5118,Kadcynex,39.747,33.785,45.709
TM1_BASELINE,202412,202504,4040,5118,Kadcynex,39.75,33.788,45.713
TM1_BASELINE,202412,202505,4040,5118,Kadcynex,46.168,39.243,53.094
TM1_BASELINE,202412,202506,4040,5118,Kadcynex,47.668,40.518,54.818
TM1_BASELINE,202412,202501,4041,5101,Retivue,257.021,218.468,295.574
TM1_BASELINE,202412,202502,4041,5101,Retivue,194.379,165.222,223.535
TM1_BASELINE,202412,202503,4041,5101,Retivue,248.927,211.588,286.266
TM1_BASELINE,202412,202504,4041,5101,Retivue,216.373,183.917,248.829
TM1_BASELINE,202412,202505,4041,5101,Retivue,230.171,195.646,264.697
TM1_BASELINE,202412,202506,4041,5101,Retivue,265.437,225.622,305.253
TM1_BASELINE,202412,202501,4041,5102,Vabyseal,204.059,173.451,234.668
TM1_BASELINE,202412,202502,4041,5102,Vabyseal,267.322,227.224,307.421
TM1_BASELINE,202412,202503,4041,5102,Vabyseal,212.399,180.539,244.259
TM1_BASELINE,202412,202504,4041,5102,Vabyseal,267.551,227.418,307.684
TM1_BASELINE,202412,202505,4041,5102,Vabyseal,266.554,226.571,306.537
TM1_BASELINE,202412,202506,4041,5102,Vabyseal,300.946,255.804,346.088
TM1_BASELINE,202412,202501,4041,5105,Ocretiva,219.066,186.206,251.926
TM1_BASELINE,202412,202502,4041,5105,Ocretiva,207.95,176.758,239.143
TM1_BASELINE,202412,202503,4041,5105,Ocretiva,249.97,212.475,287.466
TM1_BASELINE,202412,202504,4041,5105,Ocretiva,173.374,147.368,199.38
TM1_BASELINE,202412,202505,4041,5105,Ocretiva,223.954,190.361,257.547
TM1_BASELINE,202412,202506,4041,5105,Ocretiva,246.155,209.231,283.078
TM1_BASELINE,202412,202501,4041,5109,Hemvia,348.604,296.313,400.894
TM1_BASELINE,202412,202502,4041,5109,Hemvia,431.111,366.444,495.778
TM1_BASELINE,202412,202503,4041,5109,Hemvia,459.235,390.35,528.12
TM1_BASELINE,202412,202504,4041,5109,Hemvia,370.936,315.295,426.576
TM1_BASELINE,202412,202505,4041,5109,Hemvia,428.873,364.542,493.204
TM1_BASELINE,202412,202506,4041,5109,Hemvia,346.516,294.539,398.494
TM1_BASELINE,202412,202501,4041,5112,Xolarin,325.483,276.661,374.306
TM1_BASELINE,202412,202502,4041,5112,Xolarin,305.268,259.478,351.058
TM1_BASELINE,202412,202503,4041,5112,Xolarin,249.239,211.853,286.625
TM1_BASELINE,202412,202504,4041,5112,Xolarin,306.001,260.1,351.901
TM1_BASELINE,202412,202505,4041,5112,Xolarin,270.332,229.783,310.882
TM1_BASELINE,202412,202506,4041,5112,Xolarin,320.111,272.094,368.127
TM1_BASELINE,202412,202501,4041,5116,Perjenta,343.194,291.715,394.673
TM1_BASELINE,202412,202502,4041,5116,Perjenta,306.534,260.554,352.515
TM1_BASELINE,202412,202503,4041,5116,Perjenta,270.516,229.939,311.093
TM1_BASELINE,202412,202504,4041,5116,Perjenta,310.159,263.635,356.682
TM1_BASELINE,202412,202505,4041,5116,Perjenta,315.694,268.34,363.048
TM1_BASELINE,202412,202506,4041,5116,Perjenta,348.332,296.082,400.582
TM1_BASELINE,202412,202501,4041,5117,Phesgrox,141.778,120.511,163.045
TM1_BASELINE,202412,202502,4041,5117,Phesgrox,137.16,116.586,157.735
TM1_BASELINE,202412,202503,4041,5117,Phesgrox,135.603,115.263,155.944
TM1_BASELINE,202412,202504,4041,5117,Phesgrox,140.499,119.425,161.574
TM1_BASELINE,202412,202505,4041,5117,Phesgrox,141.62,120.377,162.863
TM1_BASELINE,202412,202506,4041,5117,Phesgrox,118.504,100.728,136.279
TM1_BASELINE,202412,202501,4041,5118,Kadcynex,99.57,84.635,114.506
TM1_BASELINE,202412,202502,4041,5118,Kadcynex,119.406,101.495,137.316
TM1_BASELINE,202412,202503,4041,5118,Kadcynex,106.349,90.397,122.302
TM1_BASELINE,202412,202504,4041,5118,Kadcynex,113.781,96.714,130.848
TM1_BASELINE,202412,202505,4041,5118,Kadcynex,105.278,89.486,121.069
TM1_BASELINE,202412,202506,4041,5118,Kadcynex,99.805,84.834,114.775
TM1_BASELINE,202412,202501,4042,5101,Retivue,639.674,543.723,735.625
TM1_BASELINE,202412,202502,4042,5101,Retivue,652.874,554.943,750.805
TM1_BASELINE,202412,202503,4042,5101,Retivue,709.513,603.086,815.94
TM1_BASELINE,202412,202504,4042,5101,Retivue,602.978,512.532,693.425
TM1_BASELINE,202412,202505,4042,5101,Retivue,680.384,578.326,782.441
TM1_BASELINE,202412,202506,4042,5101,Retivue,659.554,560.621,758.488
TM1_BASELINE,202412,202501,4042,5102,Vabyseal,568.152,482.929,653.374
TM1_BASELINE,202412,202502,4042,5102,Vabyseal,589.222,500.839,677.605
TM1_BASELINE,202412,202503,4042,5102,Vabyseal,593.059,504.1,682.018
TM1_BASELINE,202412,202504,4042,5102,Vabyseal,646.294,549.35,743.238
TM1_BASELINE,202412,202505,4042,5102,Vabyseal,625.986,532.088,719.883
TM1_BASELINE,202412,202506,4042,5102,Vabyseal,565.207,480.426,649.988
TM1_BASELINE,202412,202501,4042,5105,Ocretiva,1077.119,915.551,1238.687
TM1_BASELINE,202412,202502,4042,5105,Ocretiva,1080.806,918.685,1242.927
TM1_BASELINE,202412,202503,4042,5105,Ocretiva,1200.682,1020.579,1380.784
TM1_BASELINE,202412,202504,4042,5105,Ocretiva,870.969,740.324,1001.615
TM1_BASELINE,202412,202505,4042,5105,Ocretiva,1127.438,958.322,1296.553
TM1_BASELINE,202412,202506,4042,5105,Ocretiva,1130.859,961.23,1300.488
TM1_BASELINE,202412,202501,4042,5109,Hemvia,1646.082,1399.17,1892.995
TM1_BASELINE,202412,202502,4042,5109,Hemvia,1605.24,1364.454,1846.025
TM1_BASELINE,202412,202503,4042,5109,Hemvia,1672.549,1421.667,1923.432
TM1_BASELINE,202412,202504,4042,5109,Hemvia,1591.229,1352.545,1829.914
TM1_BASELINE,202412,202505,4042,5109,Hemvia,1526.048,1297.141,1754.955
TM1_BASELINE,202412,202506,4042,5109,Hemvia,1428.483,1214.21,1642.755
TM1_BASELINE,202412,202501,4042,5112,Xolarin,888.634,755.339,1021.929
TM1_BASELINE,202412,202502,4042,5112,Xolarin,906.45,770.483,1042.418
TM1_BASELINE,202412,202503,4042,5112,Xolarin,876.79,745.272,1008.309
TM1_BASELINE,202412,202504,4042,5112,Xolarin,979.882,832.9,1126.864
TM1_BASELINE,202412,202505,4042,5112,Xolarin,796.843,677.316,916.369
TM1_BASELINE,202412,202506,4042,5112,Xolarin,851.113,723.446,978.78
TM1_BASELINE,202412,202501,4042,5116,Perjenta,430.792,366.173,495.411
TM1_BASELINE,202412,202502,4042,5116,Perjenta,440.191,374.162,506.219
TM1_BASELINE,202412,202503,4042,5116,Perjenta,488.565,415.281,561.85
TM1_BASELINE,202412,202504,4042,5116,Perjenta,452.927,384.988,520.866
TM1_BASELINE,202412,202505,4042,5116,Perjenta,438.657,372.859,504.456
TM1_BASELINE,202412,202506,4042,5116,Perjenta,459.672,390.722,528.623
TM1_BASELINE,202412,202501,4042,5117,Phesgrox,362.264,307.924,416.604
TM1_BASELINE,202412,202502,4042,5117,Phesgrox,494.346,420.195,568.498
TM1_BASELINE,202412,202503,4042,5117,Phesgrox,462.455,393.087,531.823
TM1_BASELINE,202412,202504,4042,5117,Phesgrox,465.481,395.659,535.304
TM1_BASELINE,202412,202505,4042,5117,Phesgrox,452.623,384.729,520.516
TM1_BASELINE,202412,202506,4042,5117,Phesgrox,483.292,410.798,555.786
TM1_BASELINE,202412,202501,4042,5118,Kadcynex,194.77,165.554,223.985
TM1_BASELINE,202412,202502,4042,5118,Kadcynex,222.877,189.446,256.309
TM1_BASELINE,202412,202503,4042,5118,Kadcynex,176.747,150.235,203.259
TM1_BASELINE,202412,202504,4042,5118,Kadcynex,173.79,147.722,199.859
TM1_BASELINE,202412,202505,4042,5118,Kadcynex,185.014,157.262,212.766
TM1_BASELINE,202412,202506,4042,5118,Kadcynex,189.791,161.322,218.259
TM1_BASELINE,202412,202501,4043,5101,Retivue,147.519,125.391,169.647
TM1_BASELINE,202412,202502,4043,5101,Retivue,153.865,130.785,176.945
TM1_BASELINE,202412,202503,4043,5101,Retivue,123.548,105.016,142.08
TM1_BASELINE,202412,202504,4043,5101,Retivue,143.38,121.873,164.887
TM1_BASELINE,202412,202505,4043,5101,Retivue,151.588,128.85,174.327
TM1_BASELINE,202412,202506,4043,5101,Retivue,131.132,111.462,150.802
TM1_BASELINE,202412,202501,4043,5102,Vabyseal,122.728,104.319,141.137
TM1_BASELINE,202412,202502,4043,5102,Vabyseal,127.298,108.203,146.393
TM1_BASELINE,202412,202503,4043,5102,Vabyseal,130.556,110.973,150.139
TM1_BASELINE,202412,202504,4043,5102,Vabyseal,123.778,105.211,142.344
TM1_BASELINE,202412,202505,4043,5102,Vabyseal,119.808,101.837,137.779
TM1_BASELINE,202412,202506,4043,5102,Vabyseal,130.82,111.197,150.442
TM1_BASELINE,202412,202501,4043,5105,Ocretiva,165.97,141.074,190.865
TM1_BASELINE,202412,202502,4043,5105,Ocretiva,161.358,137.155,185.562
TM1_BASELINE,202412,202503,4043,5105,Ocretiva,145.046,123.289,166.803
TM1_BASELINE,202412,202504,4043,5105,Ocretiva,162.905,138.469,187.341
TM1_BASELINE,202412,202505,4043,5105,Ocretiva,136.893,116.359,157.427
TM1_BASELINE,202412,202506,4043,5105,Ocretiva,188.561,160.277,216.845
TM1_BASELINE,202412,202501,4043,5109,Hemvia,249.791,212.322,287.26
TM1_BASELINE,202412,202502,4043,5109,Hemvia,304.345,258.693,349.997
TM1_BASELINE,202412,202503,4043,5109,Hemvia,279.294,237.4,321.188
TM1_BASELINE,202412,202504,4043,5109,Hemvia,297.436,252.821,342.052
TM1_BASELINE,202412,202505,4043,5109,Hemvia,291.565,247.831,335.3
TM1_BASELINE,202412,202506,4043,5109,Hemvia,338.054,287.346,388.762
TM1_BASELINE,202412,202501,4043,5112,Xolarin,185.989,158.09,213.887
TM1_BASELINE,202412,202502,4043,5112,Xolarin,170.634,145.039,196.229
TM1_BASELINE,202412,202503,4043,5112,Xolarin,168.721,143.413,194.029
TM1_BASELINE,202412,202504,4043,5112,Xolarin,218.786,185.968,251.604
TM1_BASELINE,202412,202505,4043,5112,Xolarin,147.607,125.466,169.748
TM1_BASELINE,202412,202506,4043,5112,Xolarin,168.597,143.307,193.887
TM1_BASELINE,202412,202501,4043,5116,Perjenta,83.193,70.714,95.672
TM1_BASELINE,202412,202502,4043,5116,Perjenta,111.447,94.73,128.164
TM1_BASELINE,202412,202503,4043,5116,Perjenta,120.522,102.444,138.601
TM1_BASELINE,202412,202504,4043,5116,Perjenta,117.868,100.188,135.548
TM1_BASELINE,202412,202505,4043,5116,Perjenta,84.579,71.892,97.266
TM1_BASELINE,202412,202506,4043,5116,Perjenta,104.712,89.005,120.419
TM1_BASELINE,202412,202501,4043,5117,Phesgrox,41.237,35.051,47.423
TM1_BASELINE,202412,202502,4043,5117,Phesgrox,58.954,50.111,67.797
TM1_BASELINE,202412,202503,4043,5117,Phesgrox,60.097,51.082,69.112
TM1_BASELINE,202412,202504,4043,5117,Phesgrox,51.909,44.122,59.695
TM1_BASELINE,202412,202505,4043,5117,Phesgrox,52.11,44.294,59.927
TM1_BASELINE,202412,202506,4043,5117,Phesgrox,54.996,46.746,63.245
TM1_BASELINE,202412,202501,4043,5118,Kadcynex,45.919,39.032,52.807
TM1_BASELINE,202412,202502,4043,5118,Kadcynex,40.719,34.611,46.827
TM1_BASELINE,202412,202503,4043,5118,Kadcynex,41.676,35.425,47.928
TM1_BASELINE,202412,202504,4043,5118,Kadcynex,46.366,39.411,53.321
TM1_BASELINE,202412,202505,4043,5118,Kadcynex,51.358,43.655,59.062
TM1_BASELINE,202412,202506,4043,5118,Kadcynex,49.941,42.45,57.432
TM1_BASELINE,202412,202501,4044,5101,Retivue,485.214,412.432,557.996
TM1_BASELINE,202412,202502,4044,5101,Retivue,564.888,480.155,649.621
TM1_BASELINE,202412,202503,4044,5101,Retivue,562.127,477.808,646.446
TM1_BASELINE,202412,202504,4044,5101,Retivue,505.426,429.612,581.24
TM1_BASELINE,202412,202505,4044,5101,Retivue,536.449,455.981,616.916
TM1_BASELINE,202412,202506,4044,5101,Retivue,555.841,472.465,639.217
TM1_BASELINE,202412,202501,4044,5102,Vabyseal,372.201,316.371,428.031
TM1_BASELINE,202412,202502,4044,5102,Vabyseal,441.705,375.45,507.961
TM1_BASELINE,202412,202503,4044,5102,Vabyseal,428.114,363.897,492.331
TM1_BASELINE,202412,202504,4044,5102,Vabyseal,512.686,435.783,589.589
TM1_BASELINE,202412,202505,4044,5102,Vabyseal,409.576,348.139,471.012
TM1_BASELINE,202412,202506,4044,5102,Vabyseal,369.252,313.864,424.64
TM1_BASELINE,202412,202501,4044,5105,Ocretiva,668.843,568.516,769.169
TM1_BASELINE,202412,202502,4044,5105,Ocretiva,732.548,622.666,842.43
TM1_BASELINE,202412,202503,4044,5105,Ocretiva,564.178,479.551,648.805
TM1_BASELINE,202412,202504,4044,5105,Ocretiva,630.401,535.841,724.962
TM1_BASELINE,202412,202505,4044,5105,Ocretiva,703.451,597.933,808.968
TM1_BASELINE,202412,202506,4044,5105,Ocretiva,821.771,698.506,945.037
TM1_BASELINE,202412,202501,4044,5109,Hemvia,938.342,797.59,1079.093
TM1_BASELINE,202412,202502,4044,5109,Hemvia,845.609,718.767,972.45
TM1_BASELINE,202412,202503,4044,5109,Hemvia,1163.049,988.592,1337.507
TM1_BASELINE,202412,202504,4044,5109,Hemvia,1078.885,917.053,1240.718
TM1_BASELINE,202412,202505,4044,5109,Hemvia,975.69,829.336,1122.043
TM1_BASELINE,202412,202506,4044,5109,Hemvia,880.969,748.823,1013.114
TM1_BASELINE,202412,202501,4044,5112,Xolarin,952.761,809.847,1095.676
TM1_BASELINE,202412,202502,4044,5112,Xolarin,1026.522,872.543,1180.5
TM1_BASELINE,202412,202503,4044,5112,Xolarin,750.593,638.004,863.182
TM1_BASELINE,202412,202504,4044,5112,Xolarin,861.922,732.634,991.21
TM1_BASELINE,202412,202505,4044,5112,Xolarin,969.013,823.661,1114.365
TM1_BASELINE,202412,202506,4044,5112,Xolarin,1075.378,914.071,1236.685
TM1_BASELINE,202412,202501,4044,5116,Perjenta,417.258,354.67,479.847
TM1_BASELINE,202412,202502,4044,5116,Perjenta,439.673,373.722,505.624
TM1_BASELINE,202412,202503,4044,5116,Perjenta,405.311,344.514,466.108
TM1_BASELINE,202412,202504,4044,5116,Perjenta,422.174,358.848,485.5
TM1_BASELINE,202412,202505,4044,5116,Perjenta,420.256,357.217,483.294
TM1_BASELINE,202412,202506,4044,5116,Perjenta,456.914,388.377,525.451
TM1_BASELINE,202412,202501,4044,5117,Phesgrox,271.085,230.422,311.747
TM1_BASELINE,202412,202502,4044,5117,Phesgrox,335.443,285.127,385.76
TM1_BASELINE,202412,202503,4044,5117,Phesgrox,291.815,248.043,335.587
TM1_BASELINE,202412,202504,4044,5117,Phesgrox,339.818,288.845,390.79
TM1_BASELINE,202412,202505,4044,5117,Phesgrox,327.174,278.098,376.25
TM1_BASELINE,202412,202506,4044,5117,Phesgrox,360.334,306.284,414.384
TM1_BASELINE,202412,202501,4044,5118,Kadcynex,215.149,182.877,247.422
TM1_BASELINE,202412,202502,4044,5118,Kadcynex,177.911,151.224,204.597
TM1_BASELINE,202412,202503,4044,5118,Kadcynex,185.901,158.016,213.787
TM1_BASELINE,202412,202504,4044,5118,Kadcynex,201.482,171.26,231.704
TM1_BASELINE,202412,202505,4044,5118,Kadcynex,224.496,190.821,258.17
TM1_BASELINE,202412,202506,4044,5118,Kadcynex,259.161,220.287,298.036
TM1_BASELINE,202412,202501,4045,5101,Retivue,288.488,245.215,331.761
TM1_BASELINE,202412,202502,4045,5101,Retivue,292.074,248.263,335.885
TM1_BASELINE,202412,202503,4045,5101,Retivue,364.381,309.723,419.038
TM1_BASELINE,202412,202504,4045,5101,Retivue,361.845,307.568,416.122
TM1_BASELINE,202412,202505,4045,5101,Retivue,338.762,287.948,389.577
TM1_BASELINE,202412,202506,4045,5101,Retivue,351.523,298.794,404.251
TM1_BASELINE,202412,202501,4045,5102,Vabyseal,290.879,247.247,334.511
TM1_BASELINE,202412,202502,4045,5102,Vabyseal,307.417,261.305,353.53
TM1_BASELINE,202412,202503,4045,5102,Vabyseal,303.695,258.141,349.249
TM1_BASELINE,202412,202504,4045,5102,Vabyseal,379.01,322.158,435.861
TM1_BASELINE,202412,202505,4045,5102,Vabyseal,347.314,295.217,399.411
TM1_BASELINE,202412,202506,4045,5102,Vabyseal,326.731,277.721,375.74
TM1_BASELINE,202412,202501,4045,5105,Ocretiva,219.069,186.209,251.929
TM1_BASELINE,202412,202502,4045,5105,Ocretiva,268.537,228.256,308.817
TM1_BASELINE,202412,202503,4045,5105,Ocretiva,296.763,252.248,341.277
TM1_BASELINE,202412,202504,4045,5105,Ocretiva,265.961,226.067,305.855
TM1_BASELINE,202412,202505,4045,5105,Ocretiva,289.306,245.91,332.702
TM1_BASELINE,202412,202506,4045,5105,Ocretiva,251.593,213.854,289.332
TM1_BASELINE,202412,202501,4045,5109,Hemvia,842.492,716.118,968.866
TM1_BASELINE,202412,202502,4045,5109,Hemvia,671.426,570.712,772.14
TM1_BASELINE,202412,202503,4045,5109,Hemvia,658.997,560.148,757.847
TM1_BASELINE,202412,202504,4045,5109,Hemvia,575.628,489.284,661.973
TM1_BASELINE,202412,202505,4045,5109,Hemvia,783.703,666.147,901.258
TM1_BASELINE,202412,202506,4045,5109,Hemvia,687.887,584.704,791.07
TM1_BASELINE,202412,202501,4045,5112,Xolarin,431.602,366.861,496.342
TM1_BASELINE,202412,202502,4045,5112,Xolarin,448.405,381.144,515.665
TM1_BASELINE,202412,202503,4045,5112,Xolarin,377.121,320.553,433.689
TM1_BASELINE,202412,202504,4045,5112,Xolarin,482.919,410.481,555.357
TM1_BASELINE,202412,202505,4045,5112,Xolarin,476.247,404.81,547.684
TM1_BASELINE,202412,202506,4045,5112,Xolarin,525.171,446.395,603.947
TM1_BASELINE,202412,202501,4045,5116,Perjenta,320.422,272.358,368.485
TM1_BASELINE,202412,202502,4045,5116,Perjenta,363.895,309.311,418.479
TM1_BASELINE,202412,202503,4045,5116,Perjenta,379.649,322.702,436.597
TM1_BASELINE,202412,202504,4045,5116,Perjenta,387.599,329.459,445.739
TM1_BASELINE,202412,202505,4045,5116,Perjenta,291.926,248.137,335.715
TM1_BASELINE,202412,202506,4045,5116,Perjenta,483.952,411.359,556.545
TM1_BASELINE,202412,202501,4045,5117,Phesgrox,381.651,324.404,438.899
TM1_BASELINE,202412,202502,4045,5117,Phesgrox,360.703,306.598,414.809
TM1_BASELINE,202412,202503,4045,5117,Phesgrox,374.293,318.149,430.437
TM1_BASELINE,202412,202504,4045,5117,Phesgrox,307.316,261.219,353.414
TM1_BASELINE,202412,202505,4045,5117,Phesgrox,374.021,317.918,430.124
TM1_BASELINE,202412,202506,4045,5117,Phesgrox,305.524,259.695,351.353
TM1_BASELINE,202412,202501,4045,5118,Kadcynex,161.209,137.028,185.391
TM1_BASELINE,202412,202502,4045,5118,Kadcynex,152.746,129.834,175.658
TM1_BASELINE,202412,202503,4045,5118,Kadcynex,173.502,147.476,199.527
TM1_BASELINE,202412,202504,4045,5118,Kadcynex,163.218,138.735,187.701
TM1_BASELINE,202412,202505,4045,5118,Kadcynex,185.904,158.018,213.789
TM1_BASELINE,202412,202506,4045,5118,Kadcynex,183.802,156.232,211.372
TM1_BASELINE,202412,202501,4046,5101,Retivue,470.214,399.682,540.746
TM1_BASELINE,202412,202502,4046,5101,Retivue,558.511,474.734,642.287
TM1_BASELINE,202412,202503,4046,5101,Retivue,548.522,466.244,630.8
TM1_BASELINE,202412,202504,4046,5101,Retivue,518.325,440.576,596.074
TM1_BASELINE,202412,202505,4046,5101,Retivue,563.536,479.006,648.067
TM1_BASELINE,202412,202506,4046,5101,Retivue,526.303,447.357,605.248
TM1_BASELINE,202412,202501,4046,5102,Vabyseal,642.694,546.289,739.098
TM1_BASELINE,202412,202502,4046,5102,Vabyseal,705.963,600.068,811.857
TM1_BASELINE,202412,202503,4046,5102,Vabyseal,683.352,580.849,785.855
TM1_BASELINE,202412,202504,4046,5102,Vabyseal,800.499,680.424,920.574
TM1_BASELINE,202412,202505,4046,5102,Vabyseal,647.138,550.067,744.208
TM1_BASELINE,202412,202506,4046,5102,Vabyseal,620.216,527.184,713.249
TM1_BASELINE,202412,202501,4046,5105,Ocretiva,500.471,425.4,575.542
TM1_BASELINE,202412,202502,4046,5105,Ocretiva,551.591,468.852,634.33
TM1_BASELINE,202412,202503,4046,5105,Ocretiva,658.925,560.086,757.764
TM1_BASELINE,202412,202504,4046,5105,Ocretiva,648.402,551.142,745.662
TM1_BASELINE,202412,202505,4046,5105,Ocretiva,630.825,536.201,725.448
TM1_BASELINE,202412,202506,4046,5105,Ocretiva,496.208,421.777,570.64
TM1_BASELINE,202412,202501,4046,5109,Hemvia,1201.386,1021.178,1381.594
TM1_BASELINE,202412,202502,4046,5109,Hemvia,1241.504,1055.278,1427.729
TM1_BASELINE,202412,202503,4046,5109,Hemvia,1222.071,1038.76,1405.382
TM1_BASELINE,202412,202504,4046,5109,Hemvia,1068.999,908.649,1229.349
TM1_BASELINE,202412,202505,4046,5109,Hemvia,1147.53,975.401,1319.66
TM1_BASELINE,202412,202506,4046,5109,Hemvia,1286.188,1093.26,1479.116
TM1_BASELINE,202412,202501,4046,5112,Xolarin,938.089,797.375,1078.802
TM1_BASELINE,202412,202502,4046,5112,Xolarin,1005.048,854.291,1155.805
TM1_BASELINE,202412,202503,4046,5112,Xolarin,883.765,751.2,1016.33
TM1_BASELINE,202412,202504,4046,5112,Xolarin,881.112,748.945,1013.278
TM1_BASELINE,202412,202505,4046,5112,Xolarin,954.828,811.604,1098.052
TM1_BASELINE,202412,202506,4046,5112,Xolarin,950.164,807.64,1092.689
TM1_BASELINE,202412,202501,4046,5116,Perjenta,532.65,452.753,612.548
TM1_BASELINE,202412,202502,4046,5116,Perjenta,414.131,352.011,476.25
TM1_BASELINE,202412,202503,4046,5116,Perjenta,444.272,377.631,510.913
TM1_BASELINE,202412,202504,4046,5116,Perjenta,589.0,500.65,677.349
TM1_BASELINE,202412,202505,4046,5116,Perjenta,506.652,430.654,582.649
TM1_BASELINE,202412,202506,4046,5116,Perjenta,481.568,409.332,553.803
TM1_BASELINE,202412,202501,4046,5117,Phesgrox,290.831,247.207,334.456
TM1_BASELINE,202412,202502,4046,5117,Phesgrox,313.788,266.72,360.856
TM1_BASELINE,202412,202503,4046,5117,Phesgrox,318.071,270.36,365.781
TM1_BASELINE,202412,202504,4046,5117,Phesgrox,397.547,337.915,457.179
TM1_BASELINE,202412,202505,4046,5117,Phesgrox,338.216,287.484,388.948
TM1_BASELINE,202412,202506,4046,5117,Phesgrox,372.798,316.878,428.718
TM1_BASELINE,202412,202501,4046,5118,Kadcynex,290.643,247.047,334.24
TM1_BASELINE,202412,202502,4046,5118,Kadcynex,368.508,313.232,423.784
TM1_BASELINE,202412,202503,4046,5118,Kadcynex,376.459,319.99,432.928
TM1_BASELINE,202412,202504,4046,5118,Kadcynex,365.373,310.567,420.179
TM1_BASELINE,202412,202505,4046,5118,Kadcynex,313.856,266.777,360.934
TM1_BASELINE,202412,202506,4046,5118,Kadcynex,370.256,314.717,425.794
TM1_BASELINE,202412,202501,4047,5101,Retivue,637.487,541.864,733.11
TM1_BASELINE,202412,202502,4047,5101,Retivue,709.429,603.015,815.843
TM1_BASELINE,202412,202503,4047,5101,Retivue,538.263,457.524,619.002
TM1_BASELINE,202412,202504,4047,5101,Retivue,611.228,519.544,702.913
TM1_BASELINE,202412,202505,4047,5101,Retivue,532.829,452.905,612.754
TM1_BASELINE,202412,202506,4047,5101,Retivue,551.295,468.6,633.989
TM1_BASELINE,202412,202501,4047,5102,Vabyseal,669.877,569.395,770.358
TM1_BASELINE,202412,202502,4047,5102,Vabyseal,601.077,510.916,691.239
TM1_BASELINE,202412,202503,4047,5102,Vabyseal,771.757,655.993,887.52
TM1_BASELINE,202412,202504,4047,5102,Vabyseal,780.895,663.76,898.029
TM1_BASELINE,202412,202505,4047,5102,Vabyseal,595.561,506.227,684.895
TM1_BASELINE,202412,202506,4047,5102,Vabyseal,622.484,529.111,715.857
TM1_BASELINE,202412,202501,4047,5105,Ocretiva,765.285,650.492,880.078
TM1_BASELINE,202412,202502,4047,5105,Ocretiva,1041.38,885.173,1197.587
TM1_BASELINE,202412,202503,4047,5105,Ocretiva,796.227,676.793,915.662
TM1_BASELINE,202412,202504,4047,5105,Ocretiva,932.271,792.43,1072.112
TM1_BASELINE,202412,202505,4047,5105,Ocretiva,868.683,738.381,998.986
TM1_BASELINE,202412,202506,4047,5105,Ocretiva,1075.283,913.99,1236.575
TM1_BASELINE,202412,202501,4047,5109,Hemvia,1455.166,1236.891,1673.441
TM1_BASELINE,202412,202502,4047,5109,Hemvia,1178.007,1001.306,1354.708
TM1_BASELINE,202412,202503,4047,5109,Hemvia,1416.729,1204.22,1629.238
TM1_BASELINE,202412,202504,4047,5109,Hemvia,1384.075,1176.464,1591.686
TM1_BASELINE,202412,202505,4047,5109,Hemvia,1224.496,1040.822,1408.171
TM1_BASELINE,202412,202506,4047,5109,Hemvia,1404.199,1193.569,1614.829
TM1_BASELINE,202412,202501,4047,5112,Xolarin,1402.442,1192.076,1612.809
TM1_BASELINE,202412,202502,4047,5112,Xolarin,1748.584,1486.296,2010.871
TM1_BASELINE,202412,202503,4047,5112,Xolarin,1420.852,1207.725,1633.98
TM1_BASELINE,202412,202504,4047,5112,Xolarin,1594.412,1355.25,1833.573
TM1_BASELINE,202412,202505,4047,5112,Xolarin,1551.576,1318.84,1784.313
TM1_BASELINE,202412,202506,4047,5112,Xolarin,1273.44,1082.424,1464.456
TM1_BASELINE,202412,202501,4047,5116,Perjenta,398.297,338.552,458.041
TM1_BASELINE,202412,202502,4047,5116,Perjenta,385.856,327.977,443.734
TM1_BASELINE,202412,202503,4047,5116,Perjenta,388.436,330.171,446.701
TM1_BASELINE,202412,202504,4047,5116,Perjenta,419.507,356.581,482.433
TM1_BASELINE,202412,202505,4047,5116,Perjenta,368.812,313.49,424.134
TM1_BASELINE,202412,202506,4047,5116,Perjenta,434.766,369.551,499.98
TM1_BASELINE,202412,202501,4047,5117,Phesgrox,515.045,437.789,592.302
TM1_BASELINE,202412,202502,4047,5117,Phesgrox,580.61,493.519,667.702
TM1_BASELINE,202412,202503,4047,5117,Phesgrox,474.58,403.393,545.767
TM1_BASELINE,202412,202504,4047,5117,Phesgrox,474.779,403.562,545.996
TM1_BASELINE,202412,202505,4047,5117,Phesgrox,509.6,433.16,586.04
TM1_BASELINE,202412,202506,4047,5117,Phesgrox,502.022,426.718,577.325
TM1_BASELINE,202412,202501,4047,5118,Kadcynex,402.743,342.331,463.154
TM1_BASELINE,202412,202502,4047,5118,Kadcynex,414.626,352.432,476.82
TM1_BASELINE,202412,202503,4047,5118,Kadcynex,381.378,324.172,438.585
TM1_BASELINE,202412,202504,4047,5118,Kadcynex,410.931,349.292,472.571
TM1_BASELINE,202412,202505,4047,5118,Kadcynex,391.461,332.742,450.18
TM1_BASELINE,202412,202506,4047,5118,Kadcynex,319.861,271.882,367.84
TM1_BASELINE,202412,202501,4048,5101,Retivue,239.022,203.169,274.875
TM1_BASELINE,202412,202502,4048,5101,Retivue,296.06,251.651,340.469
TM1_BASELINE,202412,202503,4048,5101,Retivue,228.597,194.308,262.887
TM1_BASELINE,202412,202504,4048,5101,Retivue,249.601,212.161,287.042
TM1_BASELINE,202412,202505,4048,5101,Retivue,262.951,223.508,302.393
TM1_BASELINE,202412,202506,4048,5101,Retivue,299.195,254.316,344.074
TM1_BASELINE,202412,202501,4048,5102,Vabyseal,245.008,208.257,281.759
TM1_BASELINE,202412,202502,4048,5102,Vabyseal,265.309,225.512,305.105
TM1_BASELINE,202412,202503,4048,5102,Vabyseal,262.926,223.487,302.365
TM1_BASELINE,202412,202504,4048,5102,Vabyseal,267.883,227.701,308.066
TM1_BASELINE,202412,202505,4048,5102,Vabyseal,272.081,231.269,312.893
TM1_BASELINE,202412,202506,4048,5102,Vabyseal,271.619,230.876,312.361
TM1_BASELINE,202412,202501,4048,5105,Ocretiva,282.066,239.756,324.376
TM1_BASELINE,202412,202502,4048,5105,Ocretiva,267.796,227.626,307.965
TM1_BASELINE,202412,202503,4048,5105,Ocretiva,259.033,220.178,297.888
TM1_BASELINE,202412,202504,4048,5105,Ocretiva,300.486,255.413,345.559
TM1_BASELINE,202412,202505,4048,5105,Ocretiva,291.739,247.978,335.5
TM1_BASELINE,202412,202506,4048,5105,Ocretiva,254.583,216.395,292.77
TM1_BASELINE,202412,202501,4048,5109,Hemvia,481.073,408.912,553.234
TM1_BASELINE,202412,202502,4048,5109,Hemvia,630.801,536.181,725.421
TM1_BASELINE,202412,202503,4048,5109,Hemvia,645.538,548.707,742.369
TM1_BASELINE,202412,202504,4048,5109,Hemvia,587.611,499.47,675.753
TM1_BASELINE,202412,202505,4048,5109,Hemvia,682.714,580.307,785.121
TM1_BASELINE,202412,202506,4048,5109,Hemvia,578.817,491.995,665.64
TM1_BASELINE,202412,202501,4048,5112,Xolarin,604.706,514.0,695.411
TM1_BASELINE,202412,202502,4048,5112,Xolarin,702.724,597.315,808.132
TM1_BASELINE,202412,202503,4048,5112,Xolarin,675.511,574.185,776.838
TM1_BASELINE,202412,202504,4048,5112,Xolarin,743.108,631.642,854.575
TM1_BASELINE,202412,202505,4048,5112,Xolarin,582.441,495.074,669.807
TM1_BASELINE,202412,202506,4048,5112,Xolarin,589.513,501.086,677.94
TM1_BASELINE,202412,202501,4048,5116,Perjenta,248.372,211.116,285.628
TM1_BASELINE,202412,202502,4048,5116,Perjenta,270.909,230.273,311.546
TM1_BASELINE,202412,202503,4048,5116,Perjenta,245.772,208.906,282.638
TM1_BASELINE,202412,202504,4048,5116,Perjenta,268.15,227.928,308.373
TM1_BASELINE,202412,202505,4048,5116,Perjenta,294.813,250.591,339.035
TM1_BASELINE,202412,202506,4048,5116,Perjenta,221.793,188.524,255.061
TM1_BASELINE,202412,202501,4048,5117,Phesgrox,227.515,193.388,261.643
TM1_BASELINE,202412,202502,4048,5117,Phesgrox,264.399,224.739,304.059
TM1_BASELINE,202412,202503,4048,5117,Phesgrox,229.497,195.072,263.921
TM1_BASELINE,202412,202504,4048,5117,Phesgrox,218.366,185.611,251.121
TM1_BASELINE,202412,202505,4048,5117,Phesgrox,247.713,210.556,284.87
TM1_BASELINE,202412,202506,4048,5117,Phesgrox,203.201,172.721,233.681
TM1_BASELINE,202412,202501,4048,5118,Kadcynex,98.508,83.732,113.285
TM1_BASELINE,202412,202502,4048,5118,Kadcynex,80.827,68.703,92.951
TM1_BASELINE,202412,202503,4048,5118,Kadcynex,96.974,82.428,111.52
TM1_BASELINE,202412,202504,4048,5118,Kadcynex,94.119,80.001,108.237
TM1_BASELINE,202412,202505,4048,5118,Kadcynex,94.126,80.007,108.245
TM1_BASELINE,202412,202506,4048,5118,Kadcynex,82.951,70.508,95.394
TM1_BASELINE,202412,202501,4049,5101,Retivue,206.3,175.355,237.245
TM1_BASELINE,202412,202502,4049,5101,Retivue,271.537,230.807,312.268
TM1_BASELINE,202412,202503,4049,5101,Retivue,237.787,202.119,273.455
TM1_BASELINE,202412,202504,4049,5101,Retivue,244.975,208.229,281.721
TM1_BASELINE,202412,202505,4049,5101,Retivue,259.059,220.2,297.918
TM1_BASELINE,202412,202506,4049,5101,Retivue,244.512,207.835,281.189
TM1_BASELINE,202412,202501,4049,5102,Vabyseal,301.123,255.955,346.292
TM1_BASELINE,202412,202502,4049,5102,Vabyseal,333.067,283.107,383.027
TM1_BASELINE,202412,202503,4049,5102,Vabyseal,388.136,329.916,446.357
TM1_BASELINE,202412,202504,4049,5102,Vabyseal,377.122,320.554,433.691
TM1_BASELINE,202412,202505,4049,5102,Vabyseal,401.18,341.003,461.358
TM1_BASELINE,202412,202506,4049,5102,Vabyseal,425.767,361.902,489.632
TM1_BASELINE,202412,202501,4049,5105,Ocretiva,374.872,318.641,431.102
TM1_BASELINE,202412,202502,4049,5105,Ocretiva,362.893,308.459,417.327
TM1_BASELINE,202412,202503,4049,5105,Ocretiva,422.657,359.258,486.055
TM1_BASELINE,202412,202504,4049,5105,Ocretiva,420.987,357.839,484.135
TM1_BASELINE,202412,202505,4049,5105,Ocretiva,405.884,345.002,466.767
TM1_BASELINE,202412,202506,4049,5105,Ocretiva,353.827,300.753,406.901
TM1_BASELINE,202412,202501,4049,5109,Hemvia,508.902,432.566,585.237
TM1_BASELINE,202412,202502,4049,5109,Hemvia,571.419,485.706,657.132
TM1_BASELINE,202412,202503,4049,5109,Hemvia,560.268,476.227,644.308
TM1_BASELINE,202412,202504,4049,5109,Hemvia,543.05,461.592,624.507
TM1_BASELINE,202412,202505,4049,5109,Hemvia,628.285,534.042,722.528
TM1_BASELINE,202412,202506,4049,5109,Hemvia,526.138,447.218,605.059
TM1_BASELINE,202412,202501,4049,5112,Xolarin,495.024,420.77,569.277
TM1_BASELINE,202412,202502,4049,5112,Xolarin,541.882,460.6,623.164
TM1_BASELINE,202412,202503,4049,5112,Xolarin,467.279,397.187,537.371
TM1_BASELINE,202412,202504,4049,5112,Xolarin,538.745,457.934,619.557
TM1_BASELINE,202412,202505,4049,5112,Xolarin,518.337,440.586,596.087
TM1_BASELINE,202412,202506,4049,5112,Xolarin,420.137,357.117,483.158
TM1_BASELINE,202412,202501,4049,5116,Perjenta,191.218,162.536,219.901
TM1_BASELINE,202412,202502,4049,5116,Perjenta,183.333,155.833,210.833
TM1_BASELINE,202412,202503,4049,5116,Perjenta,195.55,166.217,224.882
TM1_BASELINE,202412,202504,4049,5116,Perjenta,206.256,175.318,237.194
TM1_BASELINE,202412,202505,4049,5116,Perjenta,174.778,148.561,200.995
TM1_BASELINE,202412,202506,4049,5116,Perjenta,234.579,199.392,269.766
TM1_BASELINE,202412,202501,4049,5117,Phesgrox,220.85,187.723,253.978
TM1_BASELINE,202412,202502,4049,5117,Phesgrox,193.846,164.769,222.923
TM1_BASELINE,202412,202503,4049,5117,Phesgrox,277.724,236.065,319.383
TM1_BASELINE,202412,202504,4049,5117,Phesgrox,250.509,212.932,288.085
TM1_BASELINE,202412,202505,4049,5117,Phesgrox,262.004,222.703,301.305
TM1_BASELINE,202412,202506,4049,5117,Phesgrox,259.115,220.247,297.982
TM1_BASELINE,202412,202501,4049,5118,Kadcynex,79.823,67.85,91.797
TM1_BASELINE,202412,202502,4049,5118,Kadcynex,86.873,73.842,99.904
TM1_BASELINE,202412,202503,4049,5118,Kadcynex,74.305,63.159,85.451
TM1_BASELINE,202412,202504,4049,5118,Kadcynex,65.904,56.018,75.79
TM1_BASELINE,202412,202505,4049,5118,Kadcynex,74.854,63.626,86.082
TM1_BASELINE,202412,202506,4049,5118,Kadcynex,70.333,59.783,80.883
TM1_BASELINE,202412,202501,4050,5101,Retivue,175.935,149.545,202.326
TM1_BASELINE,202412,202502,4050,5101,Retivue,186.226,158.292,214.16
TM1_BASELINE,202412,202503,4050,5101,Retivue,181.569,154.334,208.805
TM1_BASELINE,202412,202504,4050,5101,Retivue,170.955,145.312,196.599
TM1_BASELINE,202412,202505,4050,5101,Retivue,152.389,129.531,175.248
TM1_BASELINE,202412,202506,4050,5101,Retivue,170.91,145.274,196.547
TM1_BASELINE,202412,202501,4050,5102,Vabyseal,121.257,103.069,139.446
TM1_BASELINE,202412,202502,4050,5102,Vabyseal,154.541,131.36,177.723
TM1_BASELINE,202412,202503,4050,5102,Vabyseal,138.884,118.051,159.717
TM1_BASELINE,202412,202504,4050,5102,Vabyseal,139.935,118.945,160.926
TM1_BASELINE,202412,202505,4050,5102,Vabyseal,157.502,133.877,181.127
TM1_BASELINE,202412,202506,4050,5102,Vabyseal,150.955,128.312,173.598
TM1_BASELINE,202412,202501,4050,5105,Ocretiva,188.282,160.04,216.524
TM1_BASELINE,202412,202502,4050,5105,Ocretiva,171.244,145.557,196.93
TM1_BASELINE,202412,202503,4050,5105,Ocretiva,195.422,166.109,224.736
TM1_BASELINE,202412,202504,4050,5105,Ocretiva,189.265,160.875,217.654
TM1_BASELINE,202412,202505,4050,5105,Ocretiva,180.691,153.587,207.794
TM1_BASELINE,202412,202506,4050,5105,Ocretiva,195.767,166.402,225.131
TM1_BASELINE,202412,202501,4050,5109,Hemvia,405.575,344.739,466.411
TM1_BASELINE,202412,202502,4050,5109,Hemvia,439.185,373.307,505.063
TM1_BASELINE,202412,202503,4050,5109,Hemvia,382.155,324.832,439.478
TM1_BASELINE,202412,202504,4050,5109,Hemvia,353.395,300.385,406.404
TM1_BASELINE,202412,202505,4050,5109,Hemvia,375.751,319.388,432.113
TM1_BASELINE,202412,202506,4050,5109,Hemvia,358.285,304.542,412.027
TM1_BASELINE,202412,202501,4050,5112,Xolarin,446.959,379.915,514.003
TM1_BASELINE,202412,202502,4050,5112,Xolarin,441.442,375.225,507.658
TM1_BASELINE,202412,202503,4050,5112,Xolarin,517.197,439.617,594.776
TM1_BASELINE,202412,202504,4050,5112,Xolarin,444.156,377.533,510.78
TM1_BASELINE,202412,202505,4050,5112,Xolarin,451.902,384.117,519.688
TM1_BASELINE,202412,202506,4050,5112,Xolarin,376.268,319.828,432.709
TM1_BASELINE,202412,202501,4050,5116,Perjenta,232.04,197.234,266.846
TM1_BASELINE,202412,202502,4050,5116,Perjenta,203.947,173.355,234.539
TM1_BASELINE,202412,202503,4050,5116,Perjenta,196.621,167.128,226.114
TM1_BASELINE,202412,202504,4050,5116,Perjenta,257.106,218.54,295.672
TM1_BASELINE,202412,202505,4050,5116,Perjenta,213.298,181.304,245.293
TM1_BASELINE,202412,202506,4050,5116,Perjenta,179.51,152.584,206.437
TM1_BASELINE,202412,202501,4050,5117,Phesgrox,132.2,112.37,152.031
TM1_BASELINE,202412,202502,4050,5117,Phesgrox,129.305,109.909,148.701
TM1_BASELINE,202412,202503,4050,5117,Phesgrox,121.741,103.48,140.003
TM1_BASELINE,202412,202504,4050,5117,Phesgrox,126.33,107.381,145.28
TM1_BASELINE,202412,202505,4050,5117,Phesgrox,136.058,115.649,156.466
TM1_BASELINE,202412,202506,4050,5117,Phesgrox,129.03,109.675,148.384
TM1_BASELINE,202412,202501,4050,5118,Kadcynex,91.147,77.475,104.819
TM1_BASELINE,202412,202502,4050,5118,Kadcynex,103.505,87.979,119.031
TM1_BASELINE,202412,202503,4050,5118,Kadcynex,92.295,78.451,106.14
TM1_BASELINE,202412,202504,4050,5118,Kadcynex,90.369,76.814,103.925
TM1_BASELINE,202412,202505,4050,5118,Kadcynex,84.749,72.037,97.461
TM1_BASELINE,202412,202506,4050,5118,Kadcynex,99.876,84.895,114.858
TM1_BASELINE,202412,202501,4051,5101,Retivue,585.956,498.062,673.849
TM1_BASELINE,202412,202502,4051,5101,Retivue,691.389,587.681,795.098
TM1_BASELINE,202412,202503,4051,5101,Retivue,747.146,635.074,859.217
TM1_BASELINE,202412,202504,4051,5101,Retivue,619.373,526.467,712.279
TM1_BASELINE,202412,202505,4051,5101,Retivue,731.74,621.979,841.501
TM1_BASELINE,202412,202506,4051,5101,Retivue,803.098,682.633,923.562
TM1_BASELINE,202412,202501,4051,5102,Vabyseal,661.403,562.193,760.614
TM1_BASELINE,202412,202502,4051,5102,Vabyseal,667.915,567.727,768.102
TM1_BASELINE,202412,202503,4051,5102,Vabyseal,651.676,553.925,749.427
TM1_BASELINE,202412,202504,4051,5102,Vabyseal,553.468,470.448,636.489
TM1_BASELINE,202412,202505,4051,5102,Vabyseal,617.222,524.639,709.805
TM1_BASELINE,202412,202506,4051,5102,Vabyseal,576.144,489.723,662.566
TM1_BASELINE,202412,202501,4051,5105,Ocretiva,434.567,369.382,499.752
TM1_BASELINE,202412,202502,4051,5105,Ocretiva,404.043,343.437,464.65
TM1_BASELINE,202412,202503,4051,5105,Ocretiva,437.154,371.581,502.727
TM1_BASELINE,202412,202504,4051,5105,Ocretiva,470.438,399.872,541.003
TM1_BASELINE,202412,202505,4051,5105,Ocretiva,394.861,335.632,454.09
TM1_BASELINE,202412,202506,4051,5105,Ocretiva,373.059,317.1,429.018
TM1_BASELINE,202412,202501,4051,5109,Hemvia,991.505,842.779,1140.231
TM1_BASELINE,202412,202502,4051,5109,Hemvia,992.98,844.033,1141.926
TM1_BASELINE,202412,202503,4051,5109,Hemvia,836.223,710.789,961.656
TM1_BASELINE,202412,202504,4051,5109,Hemvia,1130.429,960.865,1299.994
TM1_BASELINE,202412,202505,4051,5109,Hemvia,1009.866,858.386,1161.346
TM1_BASELINE,202412,202506,4051,5109,Hemvia,1038.497,882.722,1194.271
TM1_BASELINE,202412,202501,4051,5112,Xolarin,846.943,719.901,973.984
TM1_BASELINE,202412,202502,4051,5112,Xolarin,795.129,675.86,914.398
TM1_BASELINE,202412,202503,4051,5112,Xolarin,765.021,650.268,879.774
TM1_BASELINE,202412,202504,4051,5112,Xolarin,826.519,702.541,950.497
TM1_BASELINE,202412,202505,4051,5112,Xolarin,628.11,533.893,722.326
TM1_BASELINE,202412,202506,4051,5112,Xolarin,800.73,680.621,920.84
TM1_BASELINE,202412,202501,4051,5116,Perjenta,448.725,381.416,516.034
TM1_BASELINE,202412,202502,4051,5116,Perjenta,412.927,350.988,474.866
TM1_BASELINE,202412,202503,4051,5116,Perjenta,440.194,374.165,506.224
TM1_BASELINE,202412,202504,4051,5116,Perjenta,372.455,316.587,428.323
TM1_BASELINE,202412,202505,4051,5116,Perjenta,408.791,347.473,470.11
TM1_BASELINE,202412,202506,4051,5116,Perjenta,399.003,339.152,458.853
TM1_BASELINE,202412,202501,4051,5117,Phesgrox,362.16,307.836,416.485
TM1_BASELINE,202412,202502,4051,5117,Phesgrox,375.522,319.194,431.85
TM1_BASELINE,202412,202503,4051,5117,Phesgrox,431.051,366.393,495.708
TM1_BASELINE,202412,202504,4051,5117,Phesgrox,408.477,347.205,469.749
TM1_BASELINE,202412,202505,4051,5117,Phesgrox,452.767,384.852,520.682
TM1_BASELINE,202412,202506,4051,5117,Phesgrox,422.254,358.916,485.592
TM1_BASELINE,202412,202501,4051,5118,Kadcynex,195.905,166.519,225.29
TM1_BASELINE,202412,202502,4051,5118,Kadcynex,180.128,153.109,207.148
TM1_BASELINE,202412,202503,4051,5118,Kadcynex,194.941,165.7,224.183
TM1_BASELINE,202412,202504,4051,5118,Kadcynex,196.901,167.366,226.436
TM1_BASELINE,202412,202505,4051,5118,Kadcynex,239.717,203.76,275.675
TM1_BASELINE,202412,202506,4051,5118,Kadcynex,183.92,156.332,211.508
TM1_BASELINE,202412,202501,4052,5101,Retivue,595.181,505.903,684.458
TM1_BASELINE,202412,202502,4052,5101,Retivue,556.854,473.326,640.382
TM1_BASELINE,202412,202503,4052,5101,Retivue,578.94,492.099,665.781
TM1_BASELINE,202412,202504,4052,5101,Retivue,507.635,431.49,583.78
TM1_BASELINE,202412,202505,4052,5101,Retivue,541.356,460.153,622.56
TM1_BASELINE,202412,202506,4052,5101,Retivue,597.025,507.471,686.579
TM1_BASELINE,202412,202501,4052,5102,Vabyseal,493.261,419.272,567.25
TM1_BASELINE,202412,202502,4052,5102,Vabyseal,563.689,479.136,648.243
TM1_BASELINE,202412,202503,4052,5102,Vabyseal,550.322,467.774,632.871
TM1_BASELINE,202412,202504,4052,5102,Vabyseal,525.716,446.859,604.573
TM1_BASELINE,202412,202505,4052,5102,Vabyseal,484.539,411.858,557.22
TM1_BASELINE,202412,202506,4052,5102,Vabyseal,454.967,386.722,523.212
TM1_BASELINE,202412,202501,4052,5105,Ocretiva,730.851,621.223,840.478
TM1_BASELINE,202412,202502,4052,5105,Ocretiva,608.685,517.382,699.987
TM1_BASELINE,202412,202503,4052,5105,Ocretiva,691.886,588.103,795.669
TM1_BASELINE,202412,202504,4052,5105,Ocretiva,568.21,482.978,653.441
TM1_BASELINE,202412,202505,4052,5105,Ocretiva,617.349,524.746,709.951
TM1_BASELINE,202412,202506,4052,5105,Ocretiva,601.853,511.575,692.131
TM1_BASELINE,202412,202501,4052,5109,Hemvia,933.961,793.867,1074.055
TM1_BASELINE,202412,202502,4052,5109,Hemvia,856.513,728.036,984.99
TM1_BASELINE,202412,202503,4052,5109,Hemvia,888.382,755.125,1021.639
TM1_BASELINE,202412,202504,4052,5109,Hemvia,1000.181,850.154,1150.208
TM1_BASELINE,202412,202505,4052,5109,Hemvia,882.61,750.219,1015.002
TM1_BASELINE,202412,202506,4052,5109,Hemvia,1020.324,867.275,1173.372
TM1_BASELINE,202412,202501,4052,5112,Xolarin,1190.228,1011.694,1368.762
TM1_BASELINE,202412,202502,4052,5112,Xolarin,1231.34,1046.639,1416.041
TM1_BASELINE,202412,202503,4052,5112,Xolarin,1146.638,974.643,1318.634
TM1_BASELINE,202412,202504,4052,5112,Xolarin,996.098,846.683,1145.512
TM1_BASELINE,202412,202505,4052,5112,Xolarin,1237.121,1051.553,1422.69
TM1_BASELINE,202412,202506,4052,5112,Xolarin,1056.904,898.369,1215.44
TM1_BASELINE,202412,202501,4052,5116,Perjenta,574.921,488.683,661.16
TM1_BASELINE,202412,202502,4052,5116,Perjenta,422.979,359.532,486.426
TM1_BASELINE,202412,202503,4052,5116,Perjenta,493.426,419.412,567.44
TM1_BASELINE,202412,202504,4052,5116,Perjenta,549.35,466.948,631.753
TM1_BASELINE,202412,202505,4052,5116,Perjenta,438.771,372.955,504.586
TM1_BASELINE,202412,202506,4052,5116,Perjenta,441.647,375.4,507.894
TM1_BASELINE,202412,202501,4052,5117,Phesgrox,393.507,334.481,452.533
TM1_BASELINE,202412,202502,4052,5117,Phesgrox,364.733,310.023,419.443
TM1_BASELINE,202412,202503,4052,5117,Phesgrox,430.763,366.148,495.377
TM1_BASELINE,202412,202504,4052,5117,Phesgrox,334.541,284.36,384.723
TM1_BASELINE,202412,202505,4052,5117,Phesgrox,431.663,366.913,496.412
TM1_BASELINE,202412,202506,4052,5117,Phesgrox,361.579,307.342,415.816
TM1_BASELINE,202412,202501,4052,5118,Kadcynex,240.892,204.759,277.026
TM1_BASELINE,202412,202502,4052,5118,Kadcynex,245.538,208.707,282.369
TM1_BASELINE,202412,202503,4052,5118,Kadcynex,285.926,243.037,328.815
TM1_BASELINE,202412,202504,4052,5118,Kadcynex,265.905,226.019,305.79
TM1_BASELINE,202412,202505,4052,5118,Kadcynex,299.368,254.463,344.273
TM1_BASELINE,202412,202506,4052,5118,Kadcynex,261.674,222.423,300.925
TM1_BASELINE,202412,202501,4053,5101,Retivue,140.958,119.815,162.102
TM1_BASELINE,202412,202502,4053,5101,Retivue,164.412,139.75,189.073
TM1_BASELINE,202412,202503,4053,5101,Retivue,162.246,137.909,186.583
TM1_BASELINE,202412,202504,4053,5101,Retivue,140.148,119.126,161.17
TM1_BASELINE,202412,202505,4053,5101,Retivue,182.881,155.449,210.314
TM1_BASELINE,202412,202506,4053,5101,Retivue,164.688,139.985,189.392
TM1_BASELINE,202412,202501,4053,5102,Vabyseal,135.912,115.525,156.299
TM1_BASELINE,202412,202502,4053,5102,Vabyseal,119.303,101.408,137.199
TM1_BASELINE,202412,202503,4053,5102,Vabyseal,107.934,91.744,124.124
TM1_BASELINE,202412,202504,4053,5102,Vabyseal,132.006,112.205,151.807
TM1_BASELINE,202412,202505,4053,5102,Vabyseal,130.033,110.528,149.538
TM1_BASELINE,202412,202506,4053,5102,Vabyseal,114.712,97.505,131.918
TM1_BASELINE,202412,202501,4053,5105,Ocretiva,161.328,137.129,185.527
TM1_BASELINE,202412,202502,4053,5105,Ocretiva,190.078,161.567,218.59
TM1_BASELINE,202412,202503,4053,5105,Ocretiva,251.741,213.98,289.502
TM1_BASELINE,202412,202504,4053,5105,Ocretiva,192.097,163.282,220.911
TM1_BASELINE,202412,202505,4053,5105,Ocretiva,179.481,152.559,206.403
TM1_BASELINE,202412,202506,4053,5105,Ocretiva,176.653,150.155,203.151
TM1_BASELINE,202412,202501,4053,5109,Hemvia,202.009,171.707,232.31
TM1_BASELINE,202412,202502,4053,5109,Hemvia,198.437,168.672,228.203
TM1_BASELINE,202412,202503,4053,5109,Hemvia,238.999,203.149,274.849
TM1_BASELINE,202412,202504,4053,5109,Hemvia,216.826,184.302,249.35
TM1_BASELINE,202412,202505,4053,5109,Hemvia,224.842,191.116,258.568
TM1_BASELINE,202412,202506,4053,5109,Hemvia,241.953,205.66,278.246
TM1_BASELINE,202412,202501,4053,5112,Xolarin,129.59,110.151,149.028
TM1_BASELINE,202412,202502,4053,5112,Xolarin,150.557,127.974,173.141
TM1_BASELINE,202412,202503,4053,5112,Xolarin,143.315,121.817,164.812
TM1_BASELINE,202412,202504,4053,5112,Xolarin,153.627,130.583,176.671
TM1_BASELINE,202412,202505,4053,5112,Xolarin,175.157,148.884,201.431
TM1_BASELINE,202412,202506,4053,5112,Xolarin,153.334,130.334,176.334
TM1_BASELINE,202412,202501,4053,5116,Perjenta,129.297,109.902,148.691
TM1_BASELINE,202412,202502,4053,5116,Perjenta,102.283,86.941,117.626
TM1_BASELINE,202412,202503,4053,5116,Perjenta,123.045,104.588,141.502
TM1_BASELINE,202412,202504,4053,5116,Perjenta,143.793,122.224,165.362
TM1_BASELINE,202412,202505,4053,5116,Perjenta,117.831,100.156,135.505
TM1_BASELINE,202412,202506,4053,5116,Perjenta,122.273,103.932,140.614
TM1_BASELINE,202412,202501,4053,5117,Phesgrox,66.723,56.715,76.732
TM1_BASELINE,202412,202502,4053,5117,Phesgrox,67.11,57.043,77.176
TM1_BASELINE,202412,202503,4053,5117,Phesgrox,69.401,58.991,79.811
TM1_BASELINE,202412,202504,4053,5117,Phesgrox,73.587,62.549,84.625
TM1_BASELINE,202412,202505,4053,5117,Phesgrox,63.717,54.16,73.275
TM1_BASELINE,202412,202506,4053,5117,Phesgrox,55.727,47.368,64.086
TM1_BASELINE,202412,202501,4053,5118,Kadcynex,40.643,34.547,46.739
TM1_BASELINE,202412,202502,4053,5118,Kadcynex,29.972,25.476,34.468
TM1_BASELINE,202412,202503,4053,5118,Kadcynex,33.489,28.465,38.512
TM1_BASELINE,202412,202504,4053,5118,Kadcynex,34.526,29.347,39.705
TM1_BASELINE,202412,202505,4053,5118,Kadcynex,40.321,34.273,46.369
TM1_BASELINE,202412,202506,4053,5118,Kadcynex,32.107,27.291,36.923
TM1_BASELINE,202412,202501,4054,5101,Retivue,197.838,168.162,227.513
TM1_BASELINE,202412,202502,4054,5101,Retivue,224.345,190.693,257.996
TM1_BASELINE,202412,202503,4054,5101,Retivue,196.344,166.892,225.796
TM1_BASELINE,202412,202504,4054,5101,Retivue,166.473,141.502,191.444
TM1_BASELINE,202412,202505,4054,5101,Retivue,208.966,177.621,240.31
TM1_BASELINE,202412,202506,4054,5101,Retivue,181.241,154.055,208.427
TM1_BASELINE,202412,202501,4054,5102,Vabyseal,236.414,200.952,271.876
TM1_BASELINE,202412,202502,4054,5102,Vabyseal,178.71,151.904,205.517
TM1_BASELINE,202412,202503,4054,5102,Vabyseal,232.746,197.834,267.658
TM1_BASELINE,202412,202504,4054,5102,Vabyseal,194.752,165.539,223.965
TM1_BASELINE,202412,202505,4054,5102,Vabyseal,155.925,132.536,179.314
TM1_BASELINE,202412,202506,4054,5102,Vabyseal,196.031,166.626,225.436
TM1_BASELINE,202412,202501,4054,5105,Ocretiva,175.246,148.959,201.533
TM1_BASELINE,202412,202502,4054,5105,Ocretiva,144.071,122.46,165.681
TM1_BASELINE,202412,202503,4054,5105,Ocretiva,164.15,139.527,188.772
TM1_BASELINE,202412,202504,4054,5105,Ocretiva,169.757,144.294,195.221
TM1_BASELINE,202412,202505,4054,5105,Ocretiva,166.959,141.915,192.003
TM1_BASELINE,202412,202506,4054,5105,Ocretiva,184.524,156.845,212.202
TM1_BASELINE,202412,202501,4054,5109,Hemvia,200.85,170.722,230.977
TM1_BASELINE,202412,202502,4054,5109,Hemvia,283.037,240.581,325.492
TM1_BASELINE,202412,202503,4054,5109,Hemvia,234.174,199.048,269.3
TM1_BASELINE,202412,202504,4054,5109,Hemvia,206.506,175.53,237.482
TM1_BASELINE,202412,202505,4054,5109,Hemvia,275.852,234.474,317.23
TM1_BASELINE,202412,202506,4054,5109,Hemvia,273.688,232.635,314.741
TM1_BASELINE,202412,202501,4054,5112,Xolarin,219.921,186.933,252.909
TM1_BASELINE,202412,202502,4054,5112,Xolarin,245.072,208.311,281.832
TM1_BASELINE,202412,202503,4054,5112,Xolarin,239.21,203.328,275.091
TM1_BASELINE,202412,202504,4054,5112,Xolarin,228.252,194.014,262.49
TM1_BASELINE,202412,202505,4054,5112,Xolarin,236.627,201.133,272.121
TM1_BASELINE,202412,202506,4054,5112,Xolarin,201.983,171.686,232.281
TM1_BASELINE,202412,202501,4054,5116,Perjenta,149.287,126.894,171.68
TM1_BASELINE,202412,202502,4054,5116,Perjenta,141.068,119.907,162.228
TM1_BASELINE,202412,202503,4054,5116,Perjenta,150.684,128.081,173.286
TM1_BASELINE,202412,202504,4054,5116,Perjenta,179.555,152.622,206.489
TM1_BASELINE,202412,202505,4054,5116,Perjenta,152.359,129.505,175.213
TM1_BASELINE,202412,202506,4054,5116,Perjenta,139.432,118.518,160.347
TM1_BASELINE,202412,202501,4054,5117,Phesgrox,91.263,77.573,104.952
TM1_BASELINE,202412,202502,4054,5117,Phesgrox,91.751,77.988,105.514
TM1_BASELINE,202412,202503,4054,5117,Phesgrox,83.151,70.678,95.624
TM1_BASELINE,202412,202504,4054,5117,Phesgrox,90.062,76.553,103.571
TM1_BASELINE,202412,202505,4054,5117,Phesgrox,104.275,88.634,119.916
TM1_BASELINE,202412,202506,4054,5117,Phesgrox,90.719,77.112,104.327
TM1_BASELINE,202412,202501,4054,5118,Kadcynex,66.754,56.741,76.767
TM1_BASELINE,202412,202502,4054,5118,Kadcynex,54.544,46.362,62.726
TM1_BASELINE,202412,202503,4054,5118,Kadcynex,56.978,48.432,65.525
TM1_BASELINE,202412,202504,4054,5118,Kadcynex,63.643,54.096,73.189
TM1_BASELINE,202412,202505,4054,5118,Kadcynex,62.133,52.813,71.453
TM1_BASELINE,202412,202506,4054,5118,Kadcynex,66.915,56.878,76.953
TM1_BASELINE,202412,202501,4055,5101,Retivue,1022.729,869.32,1176.139
TM1_BASELINE,202412,202502,4055,5101,Retivue,1012.085,860.272,1163.898
TM1_BASELINE,202412,202503,4055,5101,Retivue,907.004,770.953,1043.054
TM1_BASELINE,202412,202504,4055,5101,Retivue,1073.533,912.503,1234.562
TM1_BASELINE,202412,202505,4055,5101,Retivue,994.571,845.386,1143.757
TM1_BASELINE,202412,202506,4055,5101,Retivue,1064.221,904.588,1223.855
TM1_BASELINE,202412,202501,4055,5102,Vabyseal,775.221,658.938,891.504
TM1_BASELINE,202412,202502,4055,5102,Vabyseal,704.382,598.725,810.04
TM1_BASELINE,202412,202503,4055,5102,Vabyseal,851.65,723.902,979.397
TM1_BASELINE,202412,202504,4055,5102,Vabyseal,795.354,676.051,914.657
TM1_BASELINE,202412,202505,4055,5102,Vabyseal,678.704,576.899,780.51
TM1_BASELINE,202412,202506,4055,5102,Vabyseal,649.616,552.174,747.058
TM1_BASELINE,202412,202501,4055,5105,Ocretiva,979.726,832.767,1126.685
TM1_BASELINE,202412,202502,4055,5105,Ocretiva,1048.319,891.071,1205.567
TM1_BASELINE,202412,202503,4055,5105,Ocretiva,1230.664,1046.065,1415.264
TM1_BASELINE,202412,202504,4055,5105,Ocretiva,1174.938,998.697,1351.178
TM1_BASELINE,202412,202505,4055,5105,Ocretiva,1154.681,981.479,1327.883
TM1_BASELINE,202412,202506,4055,5105,Ocretiva,961.18,817.003,1105.358
TM1_BASELINE,202412,202501,4055,5109,Hemvia,1771.822,1506.049,2037.596
TM1_BASELINE,202412,202502,4055,5109,Hemvia,1908.567,1622.282,2194.853
TM1_BASELINE,202412,202503,4055,5109,Hemvia,1431.244,1216.557,1645.93
TM1_BASELINE,202412,202504,4055,5109,Hemvia,1643.558,1397.024,1890.091
TM1_BASELINE,202412,202505,4055,5109,Hemvia,1977.212,1680.63,2273.794
TM1_BASELINE,202412,202506,4055,5109,Hemvia,1807.282,1536.19,2078.375
TM1_BASELINE,202412,202501,4055,5112,Xolarin,1428.419,1214.156,1642.682
TM1_BASELINE,202412,202502,4055,5112,Xolarin,1821.842,1548.566,2095.118
TM1_BASELINE,202412,202503,4055,5112,Xolarin,1581.955,1344.662,1819.249
TM1_BASELINE,202412,202504,4055,5112,Xolarin,1729.904,1470.419,1989.39
TM1_BASELINE,202412,202505,4055,5112,Xolarin,1616.019,1373.616,1858.422
TM1_BASELINE,202412,202506,4055,5112,Xolarin,1626.631,1382.636,1870.626
TM1_BASELINE,202412,202501,4055,5116,Perjenta,907.983,771.786,1044.18
TM1_BASELINE,202412,202502,4055,5116,Perjenta,931.848,792.071,1071.625
TM1_BASELINE,202412,202503,4055,5116,Perjenta,775.821,659.448,892.194
TM1_BASELINE,202412,202504,4055,5116,Perjenta,889.917,756.43,1023.405
TM1_BASELINE,202412,202505,4055,5116,Perjenta,1004.12,853.502,1154.738
TM1_BASELINE,202412,202506,4055,5116,Perjenta,791.035,672.379,909.69
TM1_BASELINE,202412,202501,4055,5117,Phesgrox,646.016,549.114,742.918
TM1_BASELINE,202412,202502,4055,5117,Phesgrox,700.467,595.397,805.537
TM1_BASELINE,202412,202503,4055,5117,Phesgrox,656.494,558.02,754.969
TM1_BASELINE,202412,202504,4055,5117,Phesgrox,691.312,587.615,795.008
TM1_BASELINE,202412,202505,4055,5117,Phesgrox,741.576,630.339,852.812
TM1_BASELINE,202412,202506,4055,5117,Phesgrox,743.711,632.154,855.267
TM1_BASELINE,202412,202501,4055,5118,Kadcynex,461.118,391.95,530.286
TM1_BASELINE,202412,202502,4055,5118,Kadcynex,464.652,394.954,534.35
TM1_BASELINE,202412,202503,4055,5118,Kadcynex,375.115,318.848,431.382
TM1_BASELINE,202412,202504,4055,5118,Kadcynex,529.506,450.08,608.932
TM1_BASELINE,202412,202505,4055,5118,Kadcynex,443.484,376.961,510.006
TM1_BASELINE,202412,202506,4055,5118,Kadcynex,447.125,380.056,514.194
TM1_BASELINE,202412,202501,4056,5101,Retivue,92.348,78.496,106.201
TM1_BASELINE,202412,202502,4056,5101,Retivue,123.065,104.606,141.525
TM1_BASELINE,202412,202503,4056,5101,Retivue,109.745,93.283,126.207
TM1_BASELINE,202412,202504,4056,5101,Retivue,106.719,90.711,122.727
TM1_BASELINE,202412,202505,4056,5101,Retivue,133.631,113.586,153.675
TM1_BASELINE,202412,202506,4056,5101,Retivue,136.755,116.242,157.268
TM1_BASELINE,202412,202501,4056,5102,Vabyseal,135.021,114.768,155.275
TM1_BASELINE,202412,202502,4056,5102,Vabyseal,145.497,123.673,167.322
TM1_BASELINE,202412,202503,4056,5102,Vabyseal,145.916,124.029,167.804
TM1_BASELINE,202412,202504,4056,5102,Vabyseal,151.299,128.604,173.994
TM1_BASELINE,202412,202505,4056,5102,Vabyseal,148.801,126.481,171.121
TM1_BASELINE,202412,202506,4056,5102,Vabyseal,150.905,128.27,173.541
TM1_BASELINE,202412,202501,4056,5105,Ocretiva,75.61,64.269,86.952
TM1_BASELINE,202412,202502,4056,5105,Ocretiva,75.845,64.468,87.222
TM1_BASELINE,202412,202503,4056,5105,Ocretiva,90.239,76.703,103.775
TM1_BASELINE,202412,202504,4056,5105,Ocretiva,88.67,75.37,101.971
TM1_BASELINE,202412,202505,4056,5105,Ocretiva,86.948,73.906,99.991
TM1_BASELINE,202412,202506,4056,5105,Ocretiva,84.483,71.81,97.155
TM1_BASELINE,202412,202501,4056,5109,Hemvia,248.187,210.959,285.416
TM1_BASELINE,202412,202502,4056,5109,Hemvia,264.377,224.72,304.033
TM1_BASELINE,202412,202503,4056,5109,Hemvia,285.028,242.274,327.783
TM1_BASELINE,202412,202504,4056,5109,Hemvia,272.873,231.942,313.804
TM1_BASELINE,202412,202505,4056,5109,Hemvia,287.044,243.987,330.1
TM1_BASELINE,202412,202506,4056,5109,Hemvia,295.521,251.192,339.849
TM1_BASELINE,202412,202501,4056,5112,Xolarin,234.842,199.616,270.068
TM1_BASELINE,202412,202502,4056,5112,Xolarin,237.91,202.224,273.597
TM1_BASELINE,202412,202503,4056,5112,Xolarin,227.883,193.7,262.065
TM1_BASELINE,202412,202504,4056,5112,Xolarin,301.518,256.291,346.746
TM1_BASELINE,202412,202505,4056,5112,Xolarin,275.869,234.489,317.25
TM1_BASELINE,202412,202506,4056,5112,Xolarin,252.874,214.943,290.806
TM1_BASELINE,202412,202501,4056,5116,Perjenta,146.758,124.745,168.772
TM1_BASELINE,202412,202502,4056,5116,Perjenta,116.544,99.062,134.025
TM1_BASELINE,202412,202503,4056,5116,Perjenta,140.114,119.097,161.131
TM1_BASELINE,202412,202504,4056,5116,Perjenta,168.835,143.509,194.16
TM1_BASELINE,202412,202505,4056,5116,Perjenta,124.331,105.681,142.981
TM1_BASELINE,202412,202506,4056,5116,Perjenta,146.521,124.543,168.499
TM1_BASELINE,202412,202501,4056,5117,Phesgrox,90.877,77.246,104.509
TM1_BASELINE,202412,202502,4056,5117,Phesgrox,78.612,66.82,90.404
TM1_BASELINE,202412,202503,4056,5117,Phesgrox,69.205,58.824,79.586
TM1_BASELINE,202412,202504,4056,5117,Phesgrox,90.617,77.024,104.209
TM1_BASELINE,202412,202505,4056,5117,Phesgrox,76.794,65.275,88.313
TM1_BASELINE,202412,202506,4056,5117,Phesgrox,90.923,77.285,104.562
TM1_BASELINE,202412,202501,4056,5118,Kadcynex,42.907,36.471,49.343
TM1_BASELINE,202412,202502,4056,5118,Kadcynex,50.552,42.969,58.135
TM1_BASELINE,202412,202503,4056,5118,Kadcynex,49.64,42.194,57.086
TM1_BASELINE,202412,202504,4056,5118,Kadcynex,39.501,33.576,45.426
TM1_BASELINE,202412,202505,4056,5118,Kadcynex,45.442,38.626,52.258
TM1_BASELINE,202412,202506,4056,5118,Kadcynex,47.1,40.035,54.165
TM1_BASELINE,202412,202501,4057,5101,Retivue,90.233,76.698,103.768
TM1_BASELINE,202412,202502,4057,5101,Retivue,82.902,70.467,95.337
TM1_BASELINE,202412,202503,4057,5101,Retivue,61.9,52.615,71.185
TM1_BASELINE,202412,202504,4057,5101,Retivue,80.788,68.67,92.906
TM1_BASELINE,202412,202505,4057,5101,Retivue,78.001,66.301,89.701
TM1_BASELINE,202412,202506,4057,5101,Retivue,82.459,70.09,94.828
TM1_BASELINE,202412,202501,4057,5102,Vabyseal,43.781,37.214,50.348
TM1_BASELINE,202412,202502,4057,5102,Vabyseal,45.816,38.943,52.688
TM1_BASELINE,202412,202503,4057,5102,Vabyseal,44.102,37.487,50.718
TM1_BASELINE,202412,202504,4057,5102,Vabyseal,44.787,38.069,51.505
TM1_BASELINE,202412,202505,4057,5102,Vabyseal,48.3,41.055,55.545
TM1_BASELINE,202412,202506,4057,5102,Vabyseal,47.718,40.561,54.876
TM1_BASELINE,202412,202501,4057,5105,Ocretiva,66.864,56.834,76.893
TM1_BASELINE,202412,202502,4057,5105,Ocretiva,49.813,42.341,57.285
TM1_BASELINE,202412,202503,4057,5105,Ocretiva,73.288,62.295,84.282
TM1_BASELINE,202412,202504,4057,5105,Ocretiva,52.798,44.878,60.718
TM1_BASELINE,202412,202505,4057,5105,Ocretiva,45.008,38.257,51.76
TM1_BASELINE,202412,202506,4057,5105,Ocretiva,67.737,57.576,77.897
TM1_BASELINE,202412,202501,4057,5109,Hemvia,87.736,74.575,100.896
TM1_BASELINE,202412,202502,4057,5109,Hemvia,78.107,66.391,89.823
TM1_BASELINE,202412,202503,4057,5109,Hemvia,79.955,67.962,91.949
TM1_BASELINE,202412,202504,4057,5109,Hemvia,92.144,78.322,105.965
TM1_BASELINE,202412,202505,4057,5109,Hemvia,83.686,71.133,96.239
TM1_BASELINE,202412,202506,4057,5109,Hemvia,80.589,68.501,92.677
TM1_BASELINE,202412,202501,4057,5112,Xolarin,77.655,66.006,89.303
TM1_BASELINE,202412,202502,4057,5112,Xolarin,88.701,75.396,102.007
TM1_BASELINE,202412,202503,4057,5112,Xolarin,88.515,75.238,101.792
TM1_BASELINE,202412,202504,4057,5112,Xolarin,98.639,83.843,113.435
TM1_BASELINE,202412,202505,4057,5112,Xolarin,81.171,68.995,93.346
TM1_BASELINE,202412,202506,4057,5112,Xolarin,94.878,80.647,109.11
TM1_BASELINE,202412,202501,4057,5116,Perjenta,56.153,47.73,64.576
TM1_BASELINE,202412,202502,4057,5116,Perjenta,62.498,53.123,71.873
TM1_BASELINE,202412,202503,4057,5116,Perjenta,51.293,43.599,58.987
TM1_BASELINE,202412,202504,4057,5116,Perjenta,55.343,47.042,63.645
TM1_BASELINE,202412,202505,4057,5116,Perjenta,59.01,50.158,67.861
TM1_BASELINE,202412,202506,4057,5116,Perjenta,60.291,51.248,69.335
TM1_BASELINE,202412,202501,4057,5117,Phesgrox,30.682,26.08,35.284
TM1_BASELINE,202412,202502,4057,5117,Phesgrox,36.273,30.832,41.714
TM1_BASELINE,202412,202503,4057,5117,Phesgrox,32.675,27.774,37.576
TM1_BASELINE,202412,202504,4057,5117,Phesgrox,23.811,20.239,27.382
TM1_BASELINE,202412,202505,4057,5117,Phesgrox,39.221,33.338,45.104
TM1_BASELINE,202412,202506,4057,5117,Phesgrox,32.28,27.438,37.122
TM1_BASELINE,202412,202501,4057,5118,Kadcynex,26.191,22.262,30.12
TM1_BASELINE,202412,202502,4057,5118,Kadcynex,28.025,23.821,32.228
TM1_BASELINE,202412,202503,4057,5118,Kadcynex,28.5,24.225,32.775
TM1_BASELINE,202412,202504,4057,5118,Kadcynex,32.672,27.772,37.573
TM1_BASELINE,202412,202505,4057,5118,Kadcynex,30.059,25.551,34.568
TM1_BASELINE,202412,202506,4057,5118,Kadcynex,29.128,24.759,33.498
TM1_BASELINE,202412,202501,4058,5101,Retivue,171.672,145.922,197.423
TM1_BASELINE,202412,202502,4058,5101,Retivue,141.487,120.264,162.71
TM1_BASELINE,202412,202503,4058,5101,Retivue,160.142,136.121,184.163
TM1_BASELINE,202412,202504,4058,5101,Retivue,160.25,136.213,184.288
TM1_BASELINE,202412,202505,4058,5101,Retivue,153.769,130.704,176.835
TM1_BASELINE,202412,202506,4058,5101,Retivue,126.555,107.572,145.539
TM1_BASELINE,202412,202501,4058,5102,Vabyseal,218.806,185.986,251.627
TM1_BASELINE,202412,202502,4058,5102,Vabyseal,210.036,178.531,241.542
TM1_BASELINE,202412,202503,4058,5102,Vabyseal,161.093,136.929,185.257
TM1_BASELINE,202412,202504,4058,5102,Vabyseal,209.008,177.657,240.36
TM1_BASELINE,202412,202505,4058,5102,Vabyseal,204.407,173.746,235.068
TM1_BASELINE,202412,202506,4058,5102,Vabyseal,168.659,143.36,193.958
TM1_BASELINE,202412,202501,4058,5105,Ocretiva,151.029,128.374,173.683
TM1_BASELINE,202412,202502,4058,5105,Ocretiva,192.066,163.256,220.876
TM1_BASELINE,202412,202503,4058,5105,Ocretiva,146.508,124.531,168.484
TM1_BASELINE,202412,202504,4058,5105,Ocretiva,143.965,122.37,165.559
TM1_BASELINE,202412,202505,4058,5105,Ocretiva,166.884,141.851,191.916
TM1_BASELINE,202412,202506,4058,5105,Ocretiva,180.466,153.396,207.536
TM1_BASELINE,202412,202501,4058,5109,Hemvia,305.106,259.34,350.872
TM1_BASELINE,202412,202502,4058,5109,Hemvia,315.33,268.03,362.629
TM1_BASELINE,202412,202503,4058,5109,Hemvia,366.756,311.743,421.77
TM1_BASELINE,202412,202504,4058,5109,Hemvia,374.787,318.569,431.005
TM1_BASELINE,202412,202505,4058,5109,Hemvia,320.802,272.681,368.922
TM1_BASELINE,202412,202506,4058,5109,Hemvia,294.638,250.443,338.834
TM1_BASELINE,202412,202501,4058,5112,Xolarin,221.309,188.112,254.505
TM1_BASELINE,202412,202502,4058,5112,Xolarin,186.383,158.425,214.34
TM1_BASELINE,202412,202503,4058,5112,Xolarin,252.278,214.436,290.119
TM1_BASELINE,202412,202504,4058,5112,Xolarin,231.109,196.443,265.776
TM1_BASELINE,202412,202505,4058,5112,Xolarin,208.314,177.067,239.561
TM1_BASELINE,202412,202506,4058,5112,Xolarin,227.33,193.23,261.429
TM1_BASELINE,202412,202501,4058,5116,Perjenta,120.727,102.618,138.837
TM1_BASELINE,202412,202502,4058,5116,Perjenta,130.913,111.276,150.55
TM1_BASELINE,202412,202503,4058,5116,Perjenta,147.432,125.317,169.547
TM1_BASELINE,202412,202504,4058,5116,Perjenta,147.466,125.346,169.586
TM1_BASELINE,202412,202505,4058,5116,Perjenta,146.068,124.158,167.979
TM1_BASELINE,202412,202506,4058,5116,Perjenta,121.227,103.043,139.411
TM1_BASELINE,202412,202501,4058,5117,Phesgrox,87.754,74.591,100.917
TM1_BASELINE,202412,202502,4058,5117,Phesgrox,123.049,104.592,141.506
TM1_BASELINE,202412,202503,4058,5117,Phesgrox,114.388,97.23,131.546
TM1_BASELINE,202412,202504,4058,5117,Phesgrox,105.917,90.03,121.805
TM1_BASELINE,202412,202505,4058,5117,Phesgrox,83.596,71.057,96.135
TM1_BASELINE,202412,202506,4058,5117,Phesgrox,126.814,107.792,145.836
TM1_BASELINE,202412,202501,4058,5118,Kadcynex,64.514,54.836,74.191
TM1_BASELINE,202412,202502,4058,5118,Kadcynex,66.667,56.667,76.667
TM1_BASELINE,202412,202503,4058,5118,Kadcynex,56.852,48.324,65.38
TM1_BASELINE,202412,202504,4058,5118,Kadcynex,59.801,50.831,68.772
TM1_BASELINE,202412,202505,4058,5118,Kadcynex,54.764,46.549,62.978
TM1_BASELINE,202412,202506,4058,5118,Kadcynex,56.434,47.969,64.899
TM1_BASELINE,202412,202501,4059,5101,Retivue,457.904,389.218,526.589
TM1_BASELINE,202412,202502,4059,5101,Retivue,423.291,359.798,486.785
TM1_BASELINE,202412,202503,4059,5101,Retivue,391.786,333.018,450.554
TM1_BASELINE,202412,202504,4059,5101,Retivue,393.235,334.25,452.22
TM1_BASELINE,202412,202505,4059,5101,Retivue,382.49,325.116,439.863
TM1_BASELINE,202412,202506,4059,5101,Retivue,449.612,382.17,517.054
TM1_BASELINE,202412,202501,4059,5102,Vabyseal,337.23,286.645,387.814
TM1_BASELINE,202412,202502,4059,5102,Vabyseal,330.594,281.005,380.183
TM1_BASELINE,202412,202503,4059,5102,Vabyseal,370.265,314.725,425.804
TM1_BASELINE,202412,202504,4059,5102,Vabyseal,301.654,256.406,346.902
TM1_BASELINE,202412,202505,4059,5102,Vabyseal,375.583,319.246,431.921
TM1_BASELINE,202412,202506,4059,5102,Vabyseal,225.454,191.636,259.272
TM1_BASELINE,202412,202501,4059,5105,Ocretiva,460.74,391.629,529.851
TM1_BASELINE,202412,202502,4059,5105,Ocretiva,482.897,410.462,555.331
TM1_BASELINE,202412,202503,4059,5105,Ocretiva,499.521,424.593,574.449
TM1_BASELINE,202412,202504,4059,5105,Ocretiva,522.312,443.965,600.659
TM1_BASELINE,202412,202505,4059,5105,Ocretiva,515.518,438.19,592.846
TM1_BASELINE,202412,202506,4059,5105,Ocretiva,426.677,362.675,490.679
TM1_BASELINE,202412,202501,4059,5109,Hemvia,763.995,649.395,878.594
TM1_BASELINE,202412,202502,4059,5109,Hemvia,733.471,623.45,843.492
TM1_BASELINE,202412,202503,4059,5109,Hemvia,769.745,654.284,885.207
TM1_BASELINE,202412,202504,4059,5109,Hemvia,680.754,578.641,782.868
TM1_BASELINE,202412,202505,4059,5109,Hemvia,767.652,652.504,882.8
TM1_BASELINE,202412,202506,4059,5109,Hemvia,788.266,670.026,906.506
TM1_BASELINE,202412,202501,4059,5112,Xolarin,678.59,576.801,780.378
TM1_BASELINE,202412,202502,4059,5112,Xolarin,608.39,517.131,699.648
TM1_BASELINE,202412,202503,4059,5112,Xolarin,516.601,439.111,594.091
TM1_BASELINE,202412,202504,4059,5112,Xolarin,668.97,568.624,769.315
TM1_BASELINE,202412,202505,4059,5112,Xolarin,582.26,494.921,669.599
TM1_BASELINE,202412,202506,4059,5112,Xolarin,611.675,519.924,703.427
TM1_BASELINE,202412,202501,4059,5116,Perjenta,200.086,170.073,230.099
TM1_BASELINE,202412,202502,4059,5116,Perjenta,232.71,197.804,267.617
TM1_BASELINE,202412,202503,4059,5116,Perjenta,160.416,136.354,184.479
TM1_BASELINE,202412,202504,4059,5116,Perjenta,253.016,215.064,290.969
TM1_BASELINE,202412,202505,4059,5116,Perjenta,265.432,225.617,305.246
TM1_BASELINE,202412,202506,4059,5116,Perjenta,254.512,216.335,292.689
TM1_BASELINE,202412,202501,4059,5117,Phesgrox,307.7,261.545,353.855
TM1_BASELINE,202412,202502,4059,5117,Phesgrox,246.946,209.904,283.988
TM1_BASELINE,202412,202503,4059,5117,Phesgrox,297.6,252.96,342.24
TM1_BASELINE,202412,202504,4059,5117,Phesgrox,264.161,224.537,303.785
TM1_BASELINE,202412,202505,4059,5117,Phesgrox,252.318,214.47,290.165
TM1_BASELINE,202412,202506,4059,5117,Phesgrox,298.231,253.497,342.966
TM1_BASELINE,202412,202501,4059,5118,Kadcynex,161.199,137.019,185.379
TM1_BASELINE,202412,202502,4059,5118,Kadcynex,198.814,168.992,228.636
TM1_BASELINE,202412,202503,4059,5118,Kadcynex,162.83,138.406,187.255
TM1_BASELINE,202412,202504,4059,5118,Kadcynex,177.507,150.881,204.133
TM1_BASELINE,202412,202505,4059,5118,Kadcynex,205.178,174.401,235.955
TM1_BASELINE,202412,202506,4059,5118,Kadcynex,199.643,169.696,229.589
TM1_BASELINE,202412,202501,4060,5101,Retivue,193.454,164.436,222.472
TM1_BASELINE,202412,202502,4060,5101,Retivue,208.234,176.999,239.47
TM1_BASELINE,202412,202503,4060,5101,Retivue,221.43,188.216,254.645
TM1_BASELINE,202412,202504,4060,5101,Retivue,193.605,164.564,222.645
TM1_BASELINE,202412,202505,4060,5101,Retivue,179.247,152.36,206.134
TM1_BASELINE,202412,202506,4060,5101,Retivue,158.731,134.921,182.541
TM1_BASELINE,202412,202501,4060,5102,Vabyseal,245.45,208.632,282.267
TM1_BASELINE,202412,202502,4060,5102,Vabyseal,249.657,212.209,287.106
TM1_BASELINE,202412,202503,4060,5102,Vabyseal,243.402,206.892,279.913
TM1_BASELINE,202412,202504,4060,5102,Vabyseal,234.7,199.495,269.905
TM1_BASELINE,202412,202505,4060,5102,Vabyseal,193.995,164.895,223.094
TM1_BASELINE,202412,202506,4060,5102,Vabyseal,201.023,170.87,231.177
TM1_BASELINE,202412,202501,4060,5105,Ocretiva,200.621,170.528,230.714
TM1_BASELINE,202412,202502,4060,5105,Ocretiva,179.898,152.914,206.883
TM1_BASELINE,202412,202503,4060,5105,Ocretiva,238.422,202.658,274.185
TM1_BASELINE,202412,202504,4060,5105,Ocretiva,214.362,182.207,246.516
TM1_BASELINE,202412,202505,4060,5105,Ocretiva,252.289,214.446,290.132
TM1_BASELINE,202412,202506,4060,5105,Ocretiva,240.781,204.664,276.899
TM1_BASELINE,202412,202501,4060,5109,Hemvia,448.431,381.166,515.696
TM1_BASELINE,202412,202502,4060,5109,Hemvia,468.149,397.927,538.372
TM1_BASELINE,202412,202503,4060,5109,Hemvia,389.631,331.186,448.076
TM1_BASELINE,202412,202504,4060,5109,Hemvia,493.328,419.329,567.327
TM1_BASELINE,202412,202505,4060,5109,Hemvia,486.773,413.757,559.789
TM1_BASELINE,202412,202506,4060,5109,Hemvia,452.591,384.703,520.48
TM1_BASELINE,202412,202501,4060,5112,Xolarin,334.643,284.447,384.84
TM1_BASELINE,202412,202502,4060,5112,Xolarin,330.777,281.161,380.394
TM1_BASELINE,202412,202503,4060,5112,Xolarin,256.391,217.933,294.85
TM1_BASELINE,202412,202504,4060,5112,Xolarin,320.024,272.02,368.028
TM1_BASELINE,202412,202505,4060,5112,Xolarin,256.824,218.3,295.347
TM1_BASELINE,202412,202506,4060,5112,Xolarin,264.531,224.852,304.211
TM1_BASELINE,202412,202501,4060,5116,Perjenta,213.591,181.552,245.63
TM1_BASELINE,202412,202502,4060,5116,Perjenta,193.748,164.686,222.811
TM1_BASELINE,202412,202503,4060,5116,Perjenta,196.983,167.436,226.531
TM1_BASELINE,202412,202504,4060,5116,Perjenta,201.037,170.882,231.193
TM1_BASELINE,202412,202505,4060,5116,Perjenta,176.711,150.205,203.218
TM1_BASELINE,202412,202506,4060,5116,Perjenta,213.47,181.449,245.49
TM1_BASELINE,202412,202501,4060,5117,Phesgrox,131.264,111.574,150.953
TM1_BASELINE,202412,202502,4060,5117,Phesgrox,148.486,126.213,170.759
TM1_BASELINE,202412,202503,4060,5117,Phesgrox,150.631,128.036,173.226
TM1_BASELINE,202412,202504,4060,5117,Phesgrox,135.864,115.485,156.244
TM1_BASELINE,202412,202505,4060,5117,Phesgrox,137.222,116.639,157.805
TM1_BASELINE,202412,202506,4060,5117,Phesgrox,130.205,110.675,149.736
TM1_BASELINE,202412,202501,4060,5118,Kadcynex,72.691,61.787,83.594
TM1_BASELINE,202412,202502,4060,5118,Kadcynex,60.65,51.553,69.748
TM1_BASELINE,202412,202503,4060,5118,Kadcynex,59.173,50.297,68.049
TM1_BASELINE,202412,202504,4060,5118,Kadcynex,80.671,68.571,92.772
TM1_BASELINE,202412,202505,4060,5118,Kadcynex,76.023,64.62,87.427
TM1_BASELINE,202412,202506,4060,5118,Kadcynex,61.419,52.206,70.631
TM1_BASELINE,202412,202501,4061,5101,Retivue,449.244,381.857,516.631
TM1_BASELINE,202412,202502,4061,5101,Retivue,373.572,317.537,429.608
TM1_BASELINE,202412,202503,4061,5101,Retivue,379.272,322.381,436.163
TM1_BASELINE,202412,202504,4061,5101,Retivue,426.248,362.31,490.185
TM1_BASELINE,202412,202505,4061,5101,Retivue,370.51,314.933,426.086
TM1_BASELINE,202412,202506,4061,5101,Retivue,429.426,365.012,493.839
TM1_BASELINE,202412,202501,4061,5102,Vabyseal,385.722,327.864,443.58
TM1_BASELINE,202412,202502,4061,5102,Vabyseal,316.565,269.08,364.05
TM1_BASELINE,202412,202503,4061,5102,Vabyseal,394.067,334.957,453.177
TM1_BASELINE,202412,202504,4061,5102,Vabyseal,390.494,331.92,449.068
TM1_BASELINE,202412,202505,4061,5102,Vabyseal,317.249,269.661,364.836
TM1_BASELINE,202412,202506,4061,5102,Vabyseal,258.481,219.709,297.253
TM1_BASELINE,202412,202501,4061,5105,Ocretiva,263.042,223.585,302.498
TM1_BASELINE,202412,202502,4061,5105,Ocretiva,248.236,211.001,285.472
TM1_BASELINE,202412,202503,4061,5105,Ocretiva,233.961,198.867,269.056
TM1_BASELINE,202412,202504,4061,5105,Ocretiva,256.175,217.749,294.601
TM1_BASELINE,202412,202505,4061,5105,Ocretiva,263.271,223.78,302.761
TM1_BASELINE,202412,202506,4061,5105,Ocretiva,318.475,270.704,366.246
TM1_BASELINE,202412,202501,4061,5109,Hemvia,729.852,620.374,839.33
TM1_BASELINE,202412,202502,4061,5109,Hemvia,824.079,700.467,947.691
TM1_BASELINE,202412,202503,4061,5109,Hemvia,863.885,734.302,993.468
TM1_BASELINE,202412,202504,4061,5109,Hemvia,856.658,728.159,985.156
TM1_BASELINE,202412,202505,4061,5109,Hemvia,729.087,619.724,838.45
TM1_BASELINE,202412,202506,4061,5109,Hemvia,804.871,684.14,925.601
TM1_BASELINE,202412,202501,4061,5112,Xolarin,396.494,337.02,455.968
TM1_BASELINE,202412,202502,4061,5112,Xolarin,434.872,369.641,500.103
TM1_BASELINE,202412,202503,4061,5112,Xolarin,423.871,360.29,487.451
TM1_BASELINE,202412,202504,4061,5112,Xolarin,415.532,353.202,477.862
TM1_BASELINE,202412,202505,4061,5112,Xolarin,389.386,330.978,447.794
TM1_BASELINE,202412,202506,4061,5112,Xolarin,419.642,356.696,482.589
TM1_BASELINE,202412,202501,4061,5116,Perjenta,242.736,206.326,279.147
TM1_BASELINE,202412,202502,4061,5116,Perjenta,218.615,185.823,251.407
TM1_BASELINE,202412,202503,4061,5116,Perjenta,275.065,233.805,316.325
TM1_BASELINE,202412,202504,4061,5116,Perjenta,214.422,182.259,246.585
TM1_BASELINE,202412,202505,4061,5116,Perjenta,246.013,209.111,282.915
TM1_BASELINE,202412,202506,4061,5116,Perjenta,222.27,188.929,255.61
TM1_BASELINE,202412,202501,4061,5117,Phesgrox,127.412,108.3,146.524
TM1_BASELINE,202412,202502,4061,5117,Phesgrox,148.272,126.031,170.513
TM1_BASELINE,202412,202503,4061,5117,Phesgrox,151.407,128.696,174.118
TM1_BASELINE,202412,202504,4061,5117,Phesgrox,131.617,111.874,151.36
TM1_BASELINE,202412,202505,4061,5117,Phesgrox,170.662,145.063,196.262
TM1_BASELINE,202412,202506,4061,5117,Phesgrox,160.133,136.113,184.152
TM1_BASELINE,202412,202501,4061,5118,Kadcynex,140.535,119.455,161.615
TM1_BASELINE,202412,202502,4061,5118,Kadcynex,140.334,119.284,161.384
TM1_BASELINE,202412,202503,4061,5118,Kadcynex,140.785,119.667,161.903
TM1_BASELINE,202412,202504,4061,5118,Kadcynex,135.703,115.348,156.059
TM1_BASELINE,202412,202505,4061,5118,Kadcynex,109.033,92.678,125.388
TM1_BASELINE,202412,202506,4061,5118,Kadcynex,134.574,114.388,154.76
TM1_BASELINE,202412,202501,4062,5101,Retivue,158.523,134.744,182.301
TM1_BASELINE,202412,202502,4062,5101,Retivue,172.821,146.898,198.744
TM1_BASELINE,202412,202503,4062,5101,Retivue,148.555,126.272,170.839
TM1_BASELINE,202412,202504,4062,5101,Retivue,156.717,133.209,180.224
TM1_BASELINE,202412,202505,4062,5101,Retivue,171.037,145.381,196.692
TM1_BASELINE,202412,202506,4062,5101,Retivue,157.233,133.648,180.818
TM1_BASELINE,202412,202501,4062,5102,Vabyseal,86.12,73.202,99.038
TM1_BASELINE,202412,202502,4062,5102,Vabyseal,86.423,73.46,99.387
TM1_BASELINE,202412,202503,4062,5102,Vabyseal,103.405,87.894,118.915
TM1_BASELINE,202412,202504,4062,5102,Vabyseal,104.253,88.615,119.891
TM1_BASELINE,202412,202505,4062,5102,Vabyseal,85.591,72.752,98.43
TM1_BASELINE,202412,202506,4062,5102,Vabyseal,101.975,86.679,117.271
TM1_BASELINE,202412,202501,4062,5105,Ocretiva,209.927,178.438,241.416
TM1_BASELINE,202412,202502,4062,5105,Ocretiva,164.371,139.715,189.027
TM1_BASELINE,202412,202503,4062,5105,Ocretiva,202.329,171.98,232.678
TM1_BASELINE,202412,202504,4062,5105,Ocretiva,178.729,151.92,205.539
TM1_BASELINE,202412,202505,4062,5105,Ocretiva,191.577,162.84,220.314
TM1_BASELINE,202412,202506,4062,5105,Ocretiva,198.031,168.326,227.735
TM1_BASELINE,202412,202501,4062,5109,Hemvia,262.992,223.544,302.441
TM1_BASELINE,202412,202502,4062,5109,Hemvia,237.672,202.021,273.323
TM1_BASELINE,202412,202503,4062,5109,Hemvia,286.304,243.359,329.25
TM1_BASELINE,202412,202504,4062,5109,Hemvia,284.724,242.016,327.433
TM1_BASELINE,202412,202505,4062,5109,Hemvia,262.96,223.516,302.404
TM1_BASELINE,202412,202506,4062,5109,Hemvia,255.398,217.088,293.707
TM1_BASELINE,202412,202501,4062,5112,Xolarin,246.175,209.249,283.102
TM1_BASELINE,202412,202502,4062,5112,Xolarin,246.516,209.539,283.493
TM1_BASELINE,202412,202503,4062,5112,Xolarin,184.865,157.135,212.595
TM1_BASELINE,202412,202504,4062,5112,Xolarin,249.42,212.007,286.833
TM1_BASELINE,202412,202505,4062,5112,Xolarin,224.121,190.503,257.739
TM1_BASELINE,202412,202506,4062,5112,Xolarin,272.038,231.233,312.844
TM1_BASELINE,202412,202501,4062,5116,Perjenta,155.558,132.224,178.892
TM1_BASELINE,202412,202502,4062,5116,Perjenta,166.804,141.784,191.825
TM1_BASELINE,202412,202503,4062,5116,Perjenta,162.081,137.769,186.393
TM1_BASELINE,202412,202504,4062,5116,Perjenta,170.72,145.112,196.328
TM1_BASELINE,202412,202505,4062,5116,Perjenta,151.01,128.359,173.662
TM1_BASELINE,202412,202506,4062,5116,Perjenta,170.482,144.91,196.054
TM1_BASELINE,202412,202501,4062,5117,Phesgrox,70.265,59.725,80.805
TM1_BASELINE,202412,202502,4062,5117,Phesgrox,73.292,62.298,84.286
TM1_BASELINE,202412,202503,4062,5117,Phesgrox,81.582,69.345,93.819
TM1_BASELINE,202412,202504,4062,5117,Phesgrox,87.743,74.582,100.905
TM1_BASELINE,202412,202505,4062,5117,Phesgrox,91.211,77.53,104.893
TM1_BASELINE,202412,202506,4062,5117,Phesgrox,87.921,74.733,101.11
TM1_BASELINE,202412,202501,4062,5118,Kadcynex,62.023,52.72,71.326
TM1_BASELINE,202412,202502,4062,5118,Kadcynex,63.71,54.154,73.267
TM1_BASELINE,202412,202503,4062,5118,Kadcynex,69.718,59.26,80.175
TM1_BASELINE,202412,202504,4062,5118,Kadcynex,71.704,60.948,82.46
TM1_BASELINE,202412,202505,4062,5118,Kadcynex,75.682,64.33,87.034
TM1_BASELINE,202412,202506,4062,5118,Kadcynex,73.197,62.218,84.177
TM1_BASELINE,202412,202501,4063,5101,Retivue,275.227,233.943,316.511
TM1_BASELINE,202412,202502,4063,5101,Retivue,328.775,279.459,378.091
TM1_BASELINE,202412,202503,4063,5101,Retivue,359.762,305.797,413.726
TM1_BASELINE,202412,202504,4063,5101,Retivue,376.426,319.962,432.89
TM1_BASELINE,202412,202505,4063,5101,Retivue,377.053,320.495,433.61
TM1_BASELINE,202412,202506,4063,5101,Retivue,386.488,328.515,444.462
TM1_BASELINE,202412,202501,4063,5102,Vabyseal,164.797,140.077,189.516
TM1_BASELINE,202412,202502,4063,5102,Vabyseal,147.349,125.247,169.451
TM1_BASELINE,202412,202503,4063,5102,Vabyseal,176.029,149.625,202.434
TM1_BASELINE,202412,202504,4063,5102,Vabyseal,194.786,165.568,224.004
TM1_BASELINE,202412,202505,4063,5102,Vabyseal,174.851,148.623,201.078
TM1_BASELINE,202412,202506,4063,5102,Vabyseal,180.959,153.815,208.103
TM1_BASELINE,202412,202501,4063,5105,Ocretiva,269.342,228.941,309.744
TM1_BASELINE,202412,202502,4063,5105,Ocretiva,214.98,182.733,247.227
TM1_BASELINE,202412,202503,4063,5105,Ocretiva,273.149,232.177,314.122
TM1_BASELINE,202412,202504,4063,5105,Ocretiva,258.418,219.655,297.18
TM1_BASELINE,202412,202505,4063,5105,Ocretiva,295.027,250.773,339.281
TM1_BASELINE,202412,202506,4063,5105,Ocretiva,229.201,194.821,263.581
TM1_BASELINE,202412,202501,4063,5109,Hemvia,539.844,458.868,620.821
TM1_BASELINE,202412,202502,4063,5109,Hemvia,402.851,342.423,463.279
TM1_BASELINE,202412,202503,4063,5109,Hemvia,578.961,492.117,665.805
TM1_BASELINE,202412,202504,4063,5109,Hemvia,491.416,417.704,565.129
TM1_BASELINE,202412,202505,4063,5109,Hemvia,547.999,465.799,630.199
TM1_BASELINE,202412,202506,4063,5109,Hemvia,463.278,393.787,532.77
TM1_BASELINE,202412,202501,4063,5112,Xolarin,469.514,399.086,539.941
TM1_BASELINE,202412,202502,4063,5112,Xolarin,408.967,347.622,470.312
TM1_BASELINE,202412,202503,4063,5112,Xolarin,476.435,404.97,547.9
TM1_BASELINE,202412,202504,4063,5112,Xolarin,511.593,434.854,588.332
TM1_BASELINE,202412,202505,4063,5112,Xolarin,482.991,410.542,555.439
TM1_BASELINE,202412,202506,4063,5112,Xolarin,518.744,440.932,596.555
TM1_BASELINE,202412,202501,4063,5116,Perjenta,263.162,223.688,302.637
TM1_BASELINE,202412,202502,4063,5116,Perjenta,197.499,167.874,227.124
TM1_BASELINE,202412,202503,4063,5116,Perjenta,238.018,202.315,273.721
TM1_BASELINE,202412,202504,4063,5116,Perjenta,235.382,200.075,270.69
TM1_BASELINE,202412,202505,4063,5116,Perjenta,266.691,226.687,306.695
TM1_BASELINE,202412,202506,4063,5116,Perjenta,231.506,196.78,266.232
TM1_BASELINE,202412,202501,4063,5117,Phesgrox,178.628,151.834,205.423
TM1_BASELINE,202412,202502,4063,5117,Phesgrox,194.919,165.681,224.157
TM1_BASELINE,202412,202503,4063,5117,Phesgrox,159.475,135.554,183.396
TM1_BASELINE,202412,202504,4063,5117,Phesgrox,149.662,127.213,172.111
TM1_BASELINE,202412,202505,4063,5117,Phesgrox,169.52,144.092,194.948
TM1_BASELINE,202412,202506,4063,5117,Phesgrox,186.632,158.637,214.627
TM1_BASELINE,202412,202501,4063,5118,Kadcynex,116.095,98.681,133.51
TM1_BASELINE,202412,202502,4063,5118,Kadcynex,111.819,95.046,128.592
TM1_BASELINE,202412,202503,4063,5118,Kadcynex,101.219,86.036,116.401
TM1_BASELINE,202412,202504,4063,5118,Kadcynex,121.164,102.989,139.338
TM1_BASELINE,202412,202505,4063,5118,Kadcynex,118.032,100.327,135.737
TM1_BASELINE,202412,202506,4063,5118,Kadcynex,128.94,109.599,148.281
TM1_BASELINE,202412,202501,4064,5101,Retivue,185.21,157.429,212.992
TM1_BASELINE,202412,202502,4064,5101,Retivue,158.612,134.82,182.404
TM1_BASELINE,202412,202503,4064,5101,Retivue,161.281,137.089,185.473
TM1_BASELINE,202412,202504,4064,5101,Retivue,163.433,138.918,187.948
TM1_BASELINE,202412,202505,4064,5101,Retivue,164.333,139.683,188.983
TM1_BASELINE,202412,202506,4064,5101,Retivue,180.408,153.347,207.469
TM1_BASELINE,202412,202501,4064,5102,Vabyseal,129.783,110.315,149.25
TM1_BASELINE,202412,202502,4064,5102,Vabyseal,128.338,109.088,147.589
TM1_BASELINE,202412,202503,4064,5102,Vabyseal,131.431,111.717,151.146
TM1_BASELINE,202412,202504,4064,5102,Vabyseal,139.565,118.631,160.5
TM1_BASELINE,202412,202505,4064,5102,Vabyseal,120.008,102.007,138.009
TM1_BASELINE,202412,202506,4064,5102,Vabyseal,147.215,125.133,169.297
TM1_BASELINE,202412,202501,4064,5105,Ocretiva,232.242,197.406,267.078
TM1_BASELINE,202412,202502,4064,5105,Ocretiva,186.351,158.398,214.303
TM1_BASELINE,202412,202503,4064,5105,Ocretiva,237.051,201.493,272.609
TM1_BASELINE,202412,202504,4064,5105,Ocretiva,204.907,174.171,235.643
TM1_BASELINE,202412,202505,4064,5105,Ocretiva,205.722,174.864,236.58
TM1_BASELINE,202412,202506,4064,5105,Ocretiva,269.724,229.266,310.183
TM1_BASELINE,202412,202501,4064,5109,Hemvia,361.942,307.651,416.233
TM1_BASELINE,202412,202502,4064,5109,Hemvia,411.925,350.137,473.714
TM1_BASELINE,202412,202503,4064,5109,Hemvia,306.452,260.484,352.419
TM1_BASELINE,202412,202504,4064,5109,Hemvia,317.597,269.957,365.237
TM1_BASELINE,202412,202505,4064,5109,Hemvia,356.279,302.837,409.721
TM1_BASELINE,202412,202506,4064,5109,Hemvia,441.656,375.408,507.905
TM1_BASELINE,202412,202501,4064,5112,Xolarin,344.594,292.905,396.284
TM1_BASELINE,202412,202502,4064,5112,Xolarin,343.97,292.375,395.566
TM1_BASELINE,202412,202503,4064,5112,Xolarin,305.611,259.769,351.452
TM1_BASELINE,202412,202504,4064,5112,Xolarin,373.459,317.44,429.478
TM1_BASELINE,202412,202505,4064,5112,Xolarin,363.397,308.888,417.907
TM1_BASELINE,202412,202506,4064,5112,Xolarin,341.539,290.308,392.769
TM1_BASELINE,202412,202501,4064,5116,Perjenta,257.681,219.029,296.334
TM1_BASELINE,202412,202502,4064,5116,Perjenta,235.094,199.83,270.358
TM1_BASELINE,202412,202503,4064,5116,Perjenta,208.078,176.866,239.289
TM1_BASELINE,202412,202504,4064,5116,Perjenta,245.791,208.923,282.66
TM1_BASELINE,202412,202505,4064,5116,Perjenta,242.776,206.36,279.193
TM1_BASELINE,202412,202506,4064,5116,Perjenta,218.727,185.918,251.536
TM1_BASELINE,202412,202501,4064,5117,Phesgrox,116.449,98.982,133.916
TM1_BASELINE,202412,202502,4064,5117,Phesgrox,163.956,139.363,188.549
TM1_BASELINE,202412,202503,4064,5117,Phesgrox,146.48,124.508,168.452
TM1_BASELINE,202412,202504,4064,5117,Phesgrox,155.665,132.316,179.015
TM1_BASELINE,202412,202505,4064,5117,Phesgrox,153.366,130.361,176.371
TM1_BASELINE,202412,202506,4064,5117,Phesgrox,130.641,111.045,150.237
TM1_BASELINE,202412,202501,4064,5118,Kadcynex,44.679,37.977,51.381
TM1_BASELINE,202412,202502,4064,5118,Kadcynex,47.256,40.168,54.345
TM1_BASELINE,202412,202503,4064,5118,Kadcynex,47.9,40.715,55.085
TM1_BASELINE,202412,202504,4064,5118,Kadcynex,41.142,34.971,47.313
TM1_BASELINE,202412,202505,4064,5118,Kadcynex,43.139,36.668,49.609
TM1_BASELINE,202412,202506,4064,5118,Kadcynex,42.371,36.015,48.727
TM1_BASELINE,202412,202501,4065,5101,Retivue,189.17,160.795,217.546
TM1_BASELINE,202412,202502,4065,5101,Retivue,171.912,146.125,197.698
TM1_BASELINE,202412,202503,4065,5101,Retivue,169.966,144.472,195.461
TM1_BASELINE,202412,202504,4065,5101,Retivue,148.237,126.001,170.472
TM1_BASELINE,202412,202505,4065,5101,Retivue,143.961,122.367,165.556
TM1_BASELINE,202412,202506,4065,5101,Retivue,165.165,140.391,189.94
TM1_BASELINE,202412,202501,4065,5102,Vabyseal,77.824,66.15,89.498
TM1_BASELINE,202412,202502,4065,5102,Vabyseal,72.746,61.834,83.658
TM1_BASELINE,202412,202503,4065,5102,Vabyseal,63.5,53.975,73.025
TM1_BASELINE,202412,202504,4065,5102,Vabyseal,84.321,71.673,96.97
TM1_BASELINE,202412,202505,4065,5102,Vabyseal,71.625,60.881,82.369
TM1_BASELINE,202412,202506,4065,5102,Vabyseal,78.459,66.69,90.228
TM1_BASELINE,202412,202501,4065,5105,Ocretiva,66.589,56.601,76.578
TM1_BASELINE,202412,202502,4065,5105,Ocretiva,67.966,57.771,78.161
TM1_BASELINE,202412,202503,4065,5105,Ocretiva,55.996,47.597,64.396
TM1_BASELINE,202412,202504,4065,5105,Ocretiva,58.64,49.844,67.435
TM1_BASELINE,202412,202505,4065,5105,Ocretiva,65.206,55.425,74.987
TM1_BASELINE,202412,202506,4065,5105,Ocretiva,60.189,51.161,69.218
TM1_BASELINE,202412,202501,4065,5109,Hemvia,187.674,159.523,215.825
TM1_BASELINE,202412,202502,4065,5109,Hemvia,233.742,198.681,268.803
TM1_BASELINE,202412,202503,4065,5109,Hemvia,210.537,178.957,242.118
TM1_BASELINE,202412,202504,4065,5109,Hemvia,166.427,141.463,191.391
TM1_BASELINE,202412,202505,4065,5109,Hemvia,174.297,148.153,200.442
TM1_BASELINE,202412,202506,4065,5109,Hemvia,207.051,175.993,238.109
TM1_BASELINE,202412,202501,4065,5112,Xolarin,188.721,160.413,217.029
TM1_BASELINE,202412,202502,4065,5112,Xolarin,193.747,164.685,222.809
TM1_BASELINE,202412,202503,4065,5112,Xolarin,133.715,113.658,153.772
TM1_BASELINE,202412,202504,4065,5112,Xolarin,178.477,151.705,205.249
TM1_BASELINE,202412,202505,4065,5112,Xolarin,183.303,155.808,210.799
TM1_BASELINE,202412,202506,4065,5112,Xolarin,157.007,133.456,180.558
TM1_BASELINE,202412,202501,4065,5116,Perjenta,98.154,83.431,112.877
TM1_BASELINE,202412,202502,4065,5116,Perjenta,114.946,97.704,132.188
TM1_BASELINE,202412,202503,4065,5116,Perjenta,98.806,83.985,113.627
TM1_BASELINE,202412,202504,4065,5116,Perjenta,100.327,85.278,115.377
TM1_BASELINE,202412,202505,4065,5116,Perjenta,108.662,92.362,124.961
TM1_BASELINE,202412,202506,4065,5116,Perjenta,76.182,64.755,87.61
TM1_BASELINE,202412,202501,4065,5117,Phesgrox,74.423,63.259,85.586
TM1_BASELINE,202412,202502,4065,5117,Phesgrox,112.755,95.842,129.668
TM1_BASELINE,202412,202503,4065,5117,Phesgrox,85.882,73.0,98.764
TM1_BASELINE,202412,202504,4065,5117,Phesgrox,98.236,83.5,112.971
TM1_BASELINE,202412,202505,4065,5117,Phesgrox,84.222,71.589,96.856
TM1_BASELINE,202412,202506,4065,5117,Phesgrox,86.938,73.897,99.978
TM1_BASELINE,202412,202501,4065,5118,Kadcynex,34.775,29.559,39.991
TM1_BASELINE,202412,202502,4065,5118,Kadcynex,32.573,27.687,37.46
TM1_BASELINE,202412,202503,4065,5118,Kadcynex,33.361,28.357,38.365
TM1_BASELINE,202412,202504,4065,5118,Kadcynex,31.272,26.581,35.963
TM1_BASELINE,202412,202505,4065,5118,Kadcynex,42.473,36.102,48.844
TM1_BASELINE,202412,202506,4065,5118,Kadcynex,32.644,27.747,37.541
TM1_BASELINE,202412,202501,4066,5101,Retivue,176.577,150.091,203.064
TM1_BASELINE,202412,202502,4066,5101,Retivue,188.263,160.023,216.502
TM1_BASELINE,202412,202503,4066,5101,Retivue,169.996,144.497,195.495
TM1_BASELINE,202412,202504,4066,5101,Retivue,177.597,150.957,204.236
TM1_BASELINE,202412,202505,4066,5101,Retivue,166.951,141.909,191.994
TM1_BASELINE,202412,202506,4066,5101,Retivue,186.252,158.314,214.19
TM1_BASELINE,202412,202501,4066,5102,Vabyseal,154.255,131.116,177.393
TM1_BASELINE,202412,202502,4066,5102,Vabyseal,138.835,118.01,159.66
TM1_BASELINE,202412,202503,4066,5102,Vabyseal,171.72,145.962,197.478
TM1_BASELINE,202412,202504,4066,5102,Vabyseal,158.741,134.93,182.552
TM1_BASELINE,202412,202505,4066,5102,Vabyseal,189.249,160.862,217.636
TM1_BASELINE,202412,202506,4066,5102,Vabyseal,174.306,148.16,200.452
TM1_BASELINE,202412,202501,4066,5105,Ocretiva,132.829,112.905,152.754
TM1_BASELINE,202412,202502,4066,5105,Ocretiva,125.698,106.843,144.553
TM1_BASELINE,202412,202503,4066,5105,Ocretiva,163.089,138.626,187.553
TM1_BASELINE,202412,202504,4066,5105,Ocretiva,154.428,131.264,177.592
TM1_BASELINE,202412,202505,4066,5105,Ocretiva,133.327,113.328,153.326
TM1_BASELINE,202412,202506,4066,5105,Ocretiva,133.611,113.569,153.653
TM1_BASELINE,202412,202501,4066,5109,Hemvia,276.451,234.983,317.918
TM1_BASELINE,202412,202502,4066,5109,Hemvia,278.543,236.761,320.324
TM1_BASELINE,202412,202503,4066,5109,Hemvia,292.46,248.591,336.329
TM1_BASELINE,202412,202504,4066,5109,Hemvia,282.208,239.876,324.539
TM1_BASELINE,202412,202505,4066,5109,Hemvia,327.107,278.041,376.173
TM1_BASELINE,202412,202506,4066,5109,Hemvia,318.731,270.922,366.541
TM1_BASELINE,202412,202501,4066,5112,Xolarin,159.336,135.435,183.236
TM1_BASELINE,202412,202502,4066,5112,Xolarin,213.984,181.887,246.082
TM1_BASELINE,202412,202503,4066,5112,Xolarin,155.463,132.144,178.783
TM1_BASELINE,202412,202504,4066,5112,Xolarin,184.274,156.633,211.915
TM1_BASELINE,202412,202505,4066,5112,Xolarin,217.72,185.062,250.378
TM1_BASELINE,202412,202506,4066,5112,Xolarin,184.651,156.953,212.349
TM1_BASELINE,202412,202501,4066,5116,Perjenta,186.075,158.164,213.987
TM1_BASELINE,202412,202502,4066,5116,Perjenta,204.616,173.924,235.309
TM1_BASELINE,202412,202503,4066,5116,Perjenta,189.517,161.09,217.945
TM1_BASELINE,202412,202504,4066,5116,Perjenta,167.398,142.288,192.508
TM1_BASELINE,202412,202505,4066,5116,Perjenta,147.956,125.762,170.149
TM1_BASELINE,202412,202506,4066,5116,Perjenta,188.276,160.034,216.517
TM1_BASELINE,202412,202501,4066,5117,Phesgrox,179.94,152.949,206.931
TM1_BASELINE,202412,202502,4066,5117,Phesgrox,185.068,157.308,212.828
TM1_BASELINE,202412,202503,4066,5117,Phesgrox,148.158,125.935,170.382
TM1_BASELINE,202412,202504,4066,5117,Phesgrox,152.903,129.968,175.839
TM1_BASELINE,202412,202505,4066,5117,Phesgrox,191.467,162.747,220.187
TM1_BASELINE,202412,202506,4066,5117,Phesgrox,168.92,143.582,194.258
TM1_BASELINE,202412,202501,4066,5118,Kadcynex,83.85,71.272,96.427
TM1_BASELINE,202412,202502,4066,5118,Kadcynex,92.731,78.821,106.64
TM1_BASELINE,202412,202503,4066,5118,Kadcynex,105.787,89.919,121.655
TM1_BASELINE,202412,202504,4066,5118,Kadcynex,109.871,93.39,126.352
TM1_BASELINE,202412,202505,4066,5118,Kadcynex,117.895,100.21,135.579
TM1_BASELINE,202412,202506,4066,5118,Kadcynex,103.488,87.965,119.011
TM1_BASELINE,202412,202501,4067,5101,Retivue,302.754,257.341,348.167
TM1_BASELINE,202412,202502,4067,5101,Retivue,260.568,221.483,299.654
TM1_BASELINE,202412,202503,4067,5101,Retivue,327.799,278.629,376.969
TM1_BASELINE,202412,202504,4067,5101,Retivue,312.526,265.647,359.404
TM1_BASELINE,202412,202505,4067,5101,Retivue,295.224,250.94,339.507
TM1_BASELINE,202412,202506,4067,5101,Retivue,328.634,279.339,377.929
TM1_BASELINE,202412,202501,4067,5102,Vabyseal,280.37,238.314,322.425
TM1_BASELINE,202412,202502,4067,5102,Vabyseal,291.865,248.085,335.645
TM1_BASELINE,202412,202503,4067,5102,Vabyseal,296.881,252.349,341.413
TM1_BASELINE,202412,202504,4067,5102,Vabyseal,304.754,259.041,350.467
TM1_BASELINE,202412,202505,4067,5102,Vabyseal,305.868,259.988,351.748
TM1_BASELINE,202412,202506,4067,5102,Vabyseal,247.736,210.575,284.896
TM1_BASELINE,202412,202501,4067,5105,Ocretiva,426.441,362.475,490.408
TM1_BASELINE,202412,202502,4067,5105,Ocretiva,320.877,272.745,369.008
TM1_BASELINE,202412,202503,4067,5105,Ocretiva,313.221,266.238,360.204
TM1_BASELINE,202412,202504,4067,5105,Ocretiva,335.62,285.277,385.963
TM1_BASELINE,202412,202505,4067,5105,Ocretiva,309.647,263.2,356.095
TM1_BASELINE,202412,202506,4067,5105,Ocretiva,330.045,280.538,379.552
TM1_BASELINE,202412,202501,4067,5109,Hemvia,598.271,508.53,688.012
TM1_BASELINE,202412,202502,4067,5109,Hemvia,467.433,397.318,537.548
TM1_BASELINE,202412,202503,4067,5109,Hemvia,544.09,462.476,625.703
TM1_BASELINE,202412,202504,4067,5109,Hemvia,556.9,473.365,640.435
TM1_BASELINE,202412,202505,4067,5109,Hemvia,501.889,426.606,577.173
TM1_BASELINE,202412,202506,4067,5109,Hemvia,656.225,557.791,754.659
TM1_BASELINE,202412,202501,4067,5112,Xolarin,364.054,309.446,418.662
TM1_BASELINE,202412,202502,4067,5112,Xolarin,445.906,379.02,512.792
TM1_BASELINE,202412,202503,4067,5112,Xolarin,327.838,278.663,377.014
TM1_BASELINE,202412,202504,4067,5112,Xolarin,391.02,332.367,449.673
TM1_BASELINE,202412,202505,4067,5112,Xolarin,402.383,342.026,462.741
TM1_BASELINE,202412,202506,4067,5112,Xolarin,388.012,329.81,446.214
TM1_BASELINE,202412,202501,4067,5116,Perjenta,257.625,218.981,296.269
TM1_BASELINE,202412,202502,4067,5116,Perjenta,302.212,256.88,347.544
TM1_BASELINE,202412,202503,4067,5116,Perjenta,251.701,213.946,289.457
TM1_BASELINE,202412,202504,4067,5116,Perjenta,273.06,232.101,314.019
TM1_BASELINE,202412,202505,4067,5116,Perjenta,297.914,253.227,342.601
TM1_BASELINE,202412,202506,4067,5116,Perjenta,359.612,305.67,413.553
TM1_BASELINE,202412,202501,4067,5117,Phesgrox,200.959,170.815,231.102
TM1_BASELINE,202412,202502,4067,5117,Phesgrox,205.804,174.933,236.674
TM1_BASELINE,202412,202503,4067,5117,Phesgrox,212.985,181.037,244.932
TM1_BASELINE,202412,202504,4067,5117,Phesgrox,213.822,181.749,245.895
TM1_BASELINE,202412,202505,4067,5117,Phesgrox,220.331,187.281,253.381
TM1_BASELINE,202412,202506,4067,5117,Phesgrox,200.837,170.712,230.963
TM1_BASELINE,202412,202501,4067,5118,Kadcynex,96.579,82.092,111.066
TM1_BASELINE,202412,202502,4067,5118,Kadcynex,102.547,87.165,117.929
TM1_BASELINE,202412,202503,4067,5118,Kadcynex,101.069,85.909,116.229
TM1_BASELINE,202412,202504,4067,5118,Kadcynex,100.291,85.247,115.334
TM1_BASELINE,202412,202505,4067,5118,Kadcynex,102.727,87.318,118.136
TM1_BASELINE,202412,202506,4067,5118,Kadcynex,105.118,89.35,120.885
TM1_BASELINE,202412,202501,4068,5101,Retivue,215.173,182.897,247.449
TM1_BASELINE,202412,202502,4068,5101,Retivue,225.237,191.452,259.023
TM1_BASELINE,202412,202503,4068,5101,Retivue,265.87,225.99,305.751
TM1_BASELINE,202412,202504,4068,5101,Retivue,248.138,210.918,285.359
TM1_BASELINE,202412,202505,4068,5101,Retivue,266.751,226.738,306.764
TM1_BASELINE,202412,202506,4068,5101,Retivue,243.694,207.14,280.248
TM1_BASELINE,202412,202501,4068,5102,Vabyseal,180.13,153.11,207.149
TM1_BASELINE,202412,202502,4068,5102,Vabyseal,183.941,156.349,211.532
TM1_BASELINE,202412,202503,4068,5102,Vabyseal,168.418,143.155,193.681
TM1_BASELINE,202412,202504,4068,5102,Vabyseal,184.823,157.099,212.546
TM1_BASELINE,202412,202505,4068,5102,Vabyseal,234.2,199.07,269.33
TM1_BASELINE,202412,202506,4068,5102,Vabyseal,201.769,171.504,232.034
TM1_BASELINE,202412,202501,4068,5105,Ocretiva,173.944,147.853,200.036
TM1_BASELINE,202412,202502,4068,5105,Ocretiva,190.303,161.757,218.848
TM1_BASELINE,202412,202503,4068,5105,Ocretiva,161.498,137.273,185.722
TM1_BASELINE,202412,202504,4068,5105,Ocretiva,192.434,163.569,221.299
TM1_BASELINE,202412,202505,4068,5105,Ocretiva,194.024,164.921,223.128
TM1_BASELINE,202412,202506,4068,5105,Ocretiva,193.638,164.593,222.684
TM1_BASELINE,202412,202501,4068,5109,Hemvia,259.221,220.338,298.104
TM1_BASELINE,202412,202502,4068,5109,Hemvia,196.4,166.94,225.861
TM1_BASELINE,202412,202503,4068,5109,Hemvia,218.71,185.903,251.516
TM1_BASELINE,202412,202504,4068,5109,Hemvia,239.071,203.21,274.931
TM1_BASELINE,202412,202505,4068,5109,Hemvia,232.933,197.993,267.873
TM1_BASELINE,202412,202506,4068,5109,Hemvia,276.159,234.735,317.583
TM1_BASELINE,202412,202501,4068,5112,Xolarin,194.445,165.278,223.612
TM1_BASELINE,202412,202502,4068,5112,Xolarin,206.059,175.15,236.968
TM1_BASELINE,202412,202503,4068,5112,Xolarin,240.946,204.804,277.088
TM1_BASELINE,202412,202504,4068,5112,Xolarin,224.169,190.544,257.794
TM1_BASELINE,202412,202505,4068,5112,Xolarin,241.236,205.05,277.421
TM1_BASELINE,202412,202506,4068,5112,Xolarin,233.723,198.664,268.781
TM1_BASELINE,202412,202501,4068,5116,Perjenta,175.158,148.885,201.432
TM1_BASELINE,202412,202502,4068,5116,Perjenta,182.044,154.738,209.351
TM1_BASELINE,202412,202503,4068,5116,Perjenta,175.251,148.963,201.538
TM1_BASELINE,202412,202504,4068,5116,Perjenta,179.142,152.271,206.013
TM1_BASELINE,202412,202505,4068,5116,Perjenta,133.874,113.793,153.955
TM1_BASELINE,202412,202506,4068,5116,Perjenta,165.274,140.483,190.065
TM1_BASELINE,202412,202501,4068,5117,Phesgrox,105.529,89.7,121.359
TM1_BASELINE,202412,202502,4068,5117,Phesgrox,109.417,93.005,125.83
TM1_BASELINE,202412,202503,4068,5117,Phesgrox,108.753,92.44,125.066
TM1_BASELINE,202412,202504,4068,5117,Phesgrox,130.818,111.195,150.44
TM1_BASELINE,202412,202505,4068,5117,Phesgrox,105.264,89.475,121.054
TM1_BASELINE,202412,202506,4068,5117,Phesgrox,125.017,106.264,143.769
TM1_BASELINE,202412,202501,4068,5118,Kadcynex,58.37,49.614,67.125
TM1_BASELINE,202412,202502,4068,5118,Kadcynex,57.953,49.26,66.646
TM1_BASELINE,202412,202503,4068,5118,Kadcynex,49.604,42.163,57.045
TM1_BASELINE,202412,202504,4068,5118,Kadcynex,61.987,52.689,71.285
TM1_BASELINE,202412,202505,4068,5118,Kadcynex,62.481,53.109,71.853
TM1_BASELINE,202412,202506,4068,5118,Kadcynex,55.959,47.565,64.353
TM1_BASELINE,202412,202501,4069,5101,Retivue,145.781,123.914,167.648
TM1_BASELINE,202412,202502,4069,5101,Retivue,126.178,107.252,145.105
TM1_BASELINE,202412,202503,4069,5101,Retivue,118.32,100.572,136.068
TM1_BASELINE,202412,202504,4069,5101,Retivue,133.851,113.774,153.929
TM1_BASELINE,202412,202505,4069,5101,Retivue,132.143,112.321,151.964
TM1_BASELINE,202412,202506,4069,5101,Retivue,128.572,109.286,147.858
TM1_BASELINE,202412,202501,4069,5102,Vabyseal,177.437,150.822,204.053
TM1_BASELINE,202412,202502,4069,5102,Vabyseal,181.879,154.597,209.161
TM1_BASELINE,202412,202503,4069,5102,Vabyseal,176.679,150.177,203.18
TM1_BASELINE,202412,202504,4069,5102,Vabyseal,199.985,169.987,229.983
TM1_BASELINE,202412,202505,4069,5102,Vabyseal,208.607,177.316,239.899
TM1_BASELINE,202412,202506,4069,5102,Vabyseal,206.514,175.537,237.491
TM1_BASELINE,202412,202501,4069,5105,Ocretiva,163.787,139.219,188.355
TM1_BASELINE,202412,202502,4069,5105,Ocretiva,197.507,167.881,227.133
TM1_BASELINE,202412,202503,4069,5105,Ocretiva,165.245,140.458,190.032
TM1_BASELINE,202412,202504,4069,5105,Ocretiva,171.836,146.061,197.611
TM1_BASELINE,202412,202505,4069,5105,Ocretiva,190.463,161.893,219.032
TM1_BASELINE,202412,202506,4069,5105,Ocretiva,192.969,164.023,221.914
TM1_BASELINE,202412,202501,4069,5109,Hemvia,249.139,211.768,286.51
TM1_BASELINE,202412,202502,4069,5109,Hemvia,236.411,200.949,271.872
TM1_BASELINE,202412,202503,4069,5109,Hemvia,224.235,190.599,257.87
TM1_BASELINE,202412,202504,4069,5109,Hemvia,246.061,209.152,282.97
TM1_BASELINE,202412,202505,4069,5109,Hemvia,209.996,178.496,241.495
TM1_BASELINE,202412,202506,4069,5109,Hemvia,256.877,218.346,295.409
TM1_BASELINE,202412,202501,4069,5112,Xolarin,296.382,251.925,340.839
TM1_BASELINE,202412,202502,4069,5112,Xolarin,315.09,267.826,362.353
TM1_BASELINE,202412,202503,4069,5112,Xolarin,279.7,237.745,321.655
TM1_BASELINE,202412,202504,4069,5112,Xolarin,326.309,277.363,375.256
TM1_BASELINE,202412,202505,4069,5112,Xolarin,293.718,249.66,337.775
TM1_BASELINE,202412,202506,4069,5112,Xolarin,239.028,203.174,274.882
TM1_BASELINE,202412,202501,4069,5116,Perjenta,100.66,85.561,115.759
TM1_BASELINE,202412,202502,4069,5116,Perjenta,129.838,110.362,149.314
TM1_BASELINE,202412,202503,4069,5116,Perjenta,130.401,110.841,149.961
TM1_BASELINE,202412,202504,4069,5116,Perjenta,130.828,111.204,150.453
TM1_BASELINE,202412,202505,4069,5116,Perjenta,140.625,119.531,161.718
TM1_BASELINE,202412,202506,4069,5116,Perjenta,141.723,120.465,162.982
TM1_BASELINE,202412,202501,4069,5117,Phesgrox,125.967,107.072,144.862
TM1_BASELINE,202412,202502,4069,5117,Phesgrox,133.706,113.65,153.762
TM1_BASELINE,202412,202503,4069,5117,Phesgrox,115.05,97.793,132.308
TM1_BASELINE,202412,202504,4069,5117,Phesgrox,133.55,113.518,153.583
TM1_BASELINE,202412,202505,4069,5117,Phesgrox,121.962,103.668,140.256
TM1_BASELINE,202412,202506,4069,5117,Phesgrox,111.623,94.879,128.366
TM1_BASELINE,202412,202501,4069,5118,Kadcynex,88.338,75.087,101.589
TM1_BASELINE,202412,202502,4069,5118,Kadcynex,78.702,66.897,90.508
TM1_BASELINE,202412,202503,4069,5118,Kadcynex,75.924,64.535,87.312
TM1_BASELINE,202412,202504,4069,5118,Kadcynex,82.216,69.884,94.549
TM1_BASELINE,202412,202505,4069,5118,Kadcynex,83.624,71.08,96.167
TM1_BASELINE,202412,202506,4069,5118,Kadcynex,74.029,62.925,85.134
TM1_BASELINE,202412,202501,4070,5101,Retivue,322.528,274.149,370.907
TM1_BASELINE,202412,202502,4070,5101,Retivue,288.159,244.935,331.383
TM1_BASELINE,202412,202503,4070,5101,Retivue,292.572,248.686,336.457
TM1_BASELINE,202412,202504,4070,5101,Retivue,265.496,225.672,305.321
TM1_BASELINE,202412,202505,4070,5101,Retivue,320.429,272.364,368.493
TM1_BASELINE,202412,202506,4070,5101,Retivue,316.709,269.203,364.215
TM1_BASELINE,202412,202501,4070,5102,Vabyseal,309.122,262.754,355.49
TM1_BASELINE,202412,202502,4070,5102,Vabyseal,297.788,253.12,342.457
TM1_BASELINE,202412,202503,4070,5102,Vabyseal,308.676,262.375,354.978
TM1_BASELINE,202412,202504,4070,5102,Vabyseal,346.236,294.301,398.172
TM1_BASELINE,202412,202505,4070,5102,Vabyseal,260.573,221.487,299.659
TM1_BASELINE,202412,202506,4070,5102,Vabyseal,328.334,279.084,377.584
TM1_BASELINE,202412,202501,4070,5105,Ocretiva,253.197,215.218,291.177
TM1_BASELINE,202412,202502,4070,5105,Ocretiva,307.64,261.494,353.786
TM1_BASELINE,202412,202503,4070,5105,Ocretiva,300.58,255.493,345.667
TM1_BASELINE,202412,202504,4070,5105,Ocretiva,245.591,208.752,282.43
TM1_BASELINE,202412,202505,4070,5105,Ocretiva,274.333,233.183,315.483
TM1_BASELINE,202412,202506,4070,5105,Ocretiva,282.126,239.807,324.445
TM1_BASELINE,202412,202501,4070,5109,Hemvia,540.816,459.693,621.938
TM1_BASELINE,202412,202502,4070,5109,Hemvia,709.835,603.36,816.31
TM1_BASELINE,202412,202503,4070,5109,Hemvia,640.592,544.503,736.681
TM1_BASELINE,202412,202504,4070,5109,Hemvia,598.74,508.929,688.551
TM1_BASELINE,202412,202505,4070,5109,Hemvia,638.982,543.134,734.829
TM1_BASELINE,202412,202506,4070,5109,Hemvia,801.405,681.194,921.616
TM1_BASELINE,202412,202501,4070,5112,Xolarin,575.789,489.421,662.158
TM1_BASELINE,202412,202502,4070,5112,Xolarin,560.602,476.512,644.693
TM1_BASELINE,202412,202503,4070,5112,Xolarin,555.386,472.078,638.694
TM1_BASELINE,202412,202504,4070,5112,Xolarin,659.555,560.622,758.488
TM1_BASELINE,202412,202505,4070,5112,Xolarin,599.783,509.815,689.75
TM1_BASELINE,202412,202506,4070,5112,Xolarin,510.272,433.731,586.813
TM1_BASELINE,202412,202501,4070,5116,Perjenta,396.519,337.041,455.996
TM1_BASELINE,202412,202502,4070,5116,Perjenta,414.962,352.718,477.206
TM1_BASELINE,202412,202503,4070,5116,Perjenta,407.075,346.014,468.136
TM1_BASELINE,202412,202504,4070,5116,Perjenta,448.612,381.321,515.904
TM1_BASELINE,202412,202505,4070,5116,Perjenta,344.802,293.082,396.523
TM1_BASELINE,202412,202506,4070,5116,Perjenta,381.737,324.477,438.998
TM1_BASELINE,202412,202501,4070,5117,Phesgrox,228.018,193.815,262.221
TM1_BASELINE,202412,202502,4070,5117,Phesgrox,239.305,203.409,275.201
TM1_BASELINE,202412,202503,4070,5117,Phesgrox,248.385,211.128,285.643
TM1_BASELINE,202412,202504,4070,5117,Phesgrox,231.976,197.18,266.773
TM1_BASELINE,202412,202505,4070,5117,Phesgrox,275.997,234.597,317.396
TM1_BASELINE,202412,202506,4070,5117,Phesgrox,223.319,189.821,256.817
TM1_BASELINE,202412,202501,4070,5118,Kadcynex,146.709,124.702,168.715
TM1_BASELINE,202412,202502,4070,5118,Kadcynex,142.102,120.787,163.417
TM1_BASELINE,202412,202503,4070,5118,Kadcynex,120.151,102.128,138.173
TM1_BASELINE,202412,202504,4070,5118,Kadcynex,171.394,145.685,197.103
TM1_BASELINE,202412,202505,4070,5118,Kadcynex,124.598,105.908,143.287
TM1_BASELINE,202412,202506,4070,5118,Kadcynex,138.29,117.547,159.034
TM1_BASELINE,202412,202501,4071,5101,Retivue,131.949,112.157,151.741
TM1_BASELINE,202412,202502,4071,5101,Retivue,128.524,109.245,147.803
TM1_BASELINE,202412,202503,4071,5101,Retivue,136.14,115.719,156.561
TM1_BASELINE,202412,202504,4071,5101,Retivue,139.435,118.52,160.351
TM1_BASELINE,202412,202505,4071,5101,Retivue,149.183,126.806,171.561
TM1_BASELINE,202412,202506,4071,5101,Retivue,117.747,100.085,135.409
TM1_BASELINE,202412,202501,4071,5102,Vabyseal,74.075,62.964,85.186
TM1_BASELINE,202412,202502,4071,5102,Vabyseal,70.857,60.228,81.485
TM1_BASELINE,202412,202503,4071,5102,Vabyseal,72.014,61.212,82.816
TM1_BASELINE,202412,202504,4071,5102,Vabyseal,69.192,58.813,79.571
TM1_BASELINE,202412,202505,4071,5102,Vabyseal,66.288,56.345,76.231
TM1_BASELINE,202412,202506,4071,5102,Vabyseal,66.219,56.286,76.152
TM1_BASELINE,202412,202501,4071,5105,Ocretiva,74.157,63.034,85.281
TM1_BASELINE,202412,202502,4071,5105,Ocretiva,81.739,69.478,94.0
TM1_BASELINE,202412,202503,4071,5105,Ocretiva,72.963,62.019,83.908
TM1_BASELINE,202412,202504,4071,5105,Ocretiva,75.109,63.842,86.375
TM1_BASELINE,202412,202505,4071,5105,Ocretiva,70.436,59.87,81.001
TM1_BASELINE,202412,202506,4071,5105,Ocretiva,78.487,66.714,90.26
TM1_BASELINE,202412,202501,4071,5109,Hemvia,191.201,162.521,219.881
TM1_BASELINE,202412,202502,4071,5109,Hemvia,179.124,152.255,205.992
TM1_BASELINE,202412,202503,4071,5109,Hemvia,171.506,145.78,197.232
TM1_BASELINE,202412,202504,4071,5109,Hemvia,190.741,162.13,219.352
TM1_BASELINE,202412,202505,4071,5109,Hemvia,172.507,146.631,198.383
TM1_BASELINE,202412,202506,4071,5109,Hemvia,153.913,130.826,177.0
TM1_BASELINE,202412,202501,4071,5112,Xolarin,162.805,138.384,187.225
TM1_BASELINE,202412,202502,4071,5112,Xolarin,161.772,137.506,186.037
TM1_BASELINE,202412,202503,4071,5112,Xolarin,187.442,159.326,215.558
TM1_BASELINE,202412,202504,4071,5112,Xolarin,168.477,143.205,193.749
TM1_BASELINE,202412,202505,4071,5112,Xolarin,188.739,160.429,217.05
TM1_BASELINE,202412,202506,4071,5112,Xolarin,177.773,151.107,204.438
TM1_BASELINE,202412,202501,4071,5116,Perjenta,84.727,72.018,97.437
TM1_BASELINE,202412,202502,4071,5116,Perjenta,81.15,68.977,93.322
TM1_BASELINE,202412,202503,4071,5116,Perjenta,84.188,71.56,96.817
TM1_BASELINE,202412,202504,4071,5116,Perjenta,91.371,77.666,105.077
TM1_BASELINE,202412,202505,4071,5116,Perjenta,75.328,64.029,86.627
TM1_BASELINE,202412,202506,4071,5116,Perjenta,79.67,67.719,91.62
TM1_BASELINE,202412,202501,4071,5117,Phesgrox,58.302,49.557,67.047
TM1_BASELINE,202412,202502,4071,5117,Phesgrox,58.537,49.757,67.318
TM1_BASELINE,202412,202503,4071,5117,Phesgrox,60.937,51.797,70.078
TM1_BASELINE,202412,202504,4071,5117,Phesgrox,62.277,52.935,71.619
TM1_BASELINE,202412,202505,4071,5117,Phesgrox,63.157,53.683,72.63
TM1_BASELINE,202412,202506,4071,5117,Phesgrox,66.771,56.755,76.786
TM1_BASELINE,202412,202501,4071,5118,Kadcynex,48.904,41.569,56.24
TM1_BASELINE,202412,202502,4071,5118,Kadcynex,57.223,48.64,65.807
TM1_BASELINE,202412,202503,4071,5118,Kadcynex,63.772,54.206,73.338
TM1_BASELINE,202412,202504,4071,5118,Kadcynex,51.676,43.925,59.428
TM1_BASELINE,202412,202505,4071,5118,Kadcynex,58.293,49.549,67.037
TM1_BASELINE,202412,202506,4071,5118,Kadcynex,54.403,46.242,62.563
TM1_BASELINE,202412,202501,4072,5101,Retivue,278.942,237.101,320.784
TM1_BASELINE,202412,202502,4072,5101,Retivue,276.778,235.262,318.295
TM1_BASELINE,202412,202503,4072,5101,Retivue,258.501,219.726,297.276
TM1_BASELINE,202412,202504,4072,5101,Retivue,247.698,210.543,284.852
TM1_BASELINE,202412,202505,4072,5101,Retivue,276.499,235.024,317.974
TM1_BASELINE,202412,202506,4072,5101,Retivue,236.707,201.201,272.213
TM1_BASELINE,202412,202501,4072,5102,Vabyseal,225.341,191.54,259.143
TM1_BASELINE,202412,202502,4072,5102,Vabyseal,223.561,190.027,257.095
TM1_BASELINE,202412,202503,4072,5102,Vabyseal,190.898,162.263,219.532
TM1_BASELINE,202412,202504,4072,5102,Vabyseal,207.553,176.42,238.686
TM1_BASELINE,202412,202505,4072,5102,Vabyseal,216.176,183.749,248.602
TM1_BASELINE,202412,202506,4072,5102,Vabyseal,182.782,155.365,210.2
TM1_BASELINE,202412,202501,4072,5105,Ocretiva,296.798,252.278,341.317
TM1_BASELINE,202412,202502,4072,5105,Ocretiva,275.598,234.258,316.938
TM1_BASELINE,202412,202503,4072,5105,Ocretiva,254.426,216.262,292.59
TM1_BASELINE,202412,202504,4072,5105,Ocretiva,286.775,243.758,329.791
TM1_BASELINE,202412,202505,4072,5105,Ocretiva,239.041,203.185,274.897
TM1_BASELINE,202412,202506,4072,5105,Ocretiva,267.436,227.321,307.552
TM1_BASELINE,202412,202501,4072,5109,Hemvia,600.101,510.086,690.117
TM1_BASELINE,202412,202502,4072,5109,Hemvia,626.521,532.543,720.499
TM1_BASELINE,202412,202503,4072,5109,Hemvia,532.838,452.913,612.764
TM1_BASELINE,202412,202504,4072,5109,Hemvia,591.802,503.032,680.573
TM1_BASELINE,202412,202505,4072,5109,Hemvia,624.803,531.082,718.523
TM1_BASELINE,202412,202506,4072,5109,Hemvia,568.944,483.602,654.286
TM1_BASELINE,202412,202501,4072,5112,Xolarin,386.522,328.544,444.5
TM1_BASELINE,202412,202502,4072,5112,Xolarin,450.488,382.915,518.061
TM1_BASELINE,202412,202503,4072,5112,Xolarin,389.68,331.228,448.132
TM1_BASELINE,202412,202504,4072,5112,Xolarin,416.577,354.091,479.064
TM1_BASELINE,202412,202505,4072,5112,Xolarin,477.06,405.501,548.618
TM1_BASELINE,202412,202506,4072,5112,Xolarin,460.291,391.247,529.334
TM1_BASELINE,202412,202501,4072,5116,Perjenta,133.439,113.423,153.455
TM1_BASELINE,202412,202502,4072,5116,Perjenta,147.604,125.463,169.744
TM1_BASELINE,202412,202503,4072,5116,Perjenta,132.002,112.202,151.803
TM1_BASELINE,202412,202504,4072,5116,Perjenta,136.92,116.382,157.458
TM1_BASELINE,202412,202505,4072,5116,Perjenta,130.226,110.692,149.76
TM1_BASELINE,202412,202506,4072,5116,Perjenta,150.363,127.808,172.917
TM1_BASELINE,202412,202501,4072,5117,Phesgrox,134.177,114.05,154.303
TM1_BASELINE,202412,202502,4072,5117,Phesgrox,156.17,132.745,179.596
TM1_BASELINE,202412,202503,4072,5117,Phesgrox,151.984,129.187,174.782
TM1_BASELINE,202412,202504,4072,5117,Phesgrox,151.254,128.566,173.942
TM1_BASELINE,202412,202505,4072,5117,Phesgrox,142.318,120.97,163.665
TM1_BASELINE,202412,202506,4072,5117,Phesgrox,137.627,116.983,158.271
TM1_BASELINE,202412,202501,4072,5118,Kadcynex,60.406,51.345,69.467
TM1_BASELINE,202412,202502,4072,5118,Kadcynex,59.929,50.939,68.918
TM1_BASELINE,202412,202503,4072,5118,Kadcynex,60.297,51.253,69.342
TM1_BASELINE,202412,202504,4072,5118,Kadcynex,59.147,50.275,68.019
TM1_BASELINE,202412,202505,4072,5118,Kadcynex,68.115,57.898,78.332
TM1_BASELINE,202412,202506,4072,5118,Kadcynex,54.346,46.194,62.498
TM1_BASELINE,202412,202501,4073,5101,Retivue,302.723,257.314,348.131
TM1_BASELINE,202412,202502,4073,5101,Retivue,361.318,307.12,415.516
TM1_BASELINE,202412,202503,4073,5101,Retivue,372.14,316.319,427.961
TM1_BASELINE,202412,202504,4073,5101,Retivue,243.166,206.691,279.641
TM1_BASELINE,202412,202505,4073,5101,Retivue,437.436,371.821,503.052
TM1_BASELINE,202412,202506,4073,5101,Retivue,318.122,270.404,365.841
TM1_BASELINE,202412,202501,4073,5102,Vabyseal,275.42,234.107,316.733
TM1_BASELINE,202412,202502,4073,5102,Vabyseal,338.826,288.002,389.65
TM1_BASELINE,202412,202503,4073,5102,Vabyseal,270.591,230.002,311.179
TM1_BASELINE,202412,202504,4073,5102,Vabyseal,331.101,281.436,380.766
TM1_BASELINE,202412,202505,4073,5102,Vabyseal,332.492,282.618,382.366
TM1_BASELINE,202412,202506,4073,5102,Vabyseal,298.679,253.878,343.481
TM1_BASELINE,202412,202501,4073,5105,Ocretiva,401.786,341.518,462.054
TM1_BASELINE,202412,202502,4073,5105,Ocretiva,376.968,320.423,433.514
TM1_BASELINE,202412,202503,4073,5105,Ocretiva,361.679,307.427,415.931
TM1_BASELINE,202412,202504,4073,5105,Ocretiva,328.652,279.354,377.949
TM1_BASELINE,202412,202505,4073,5105,Ocretiva,404.643,343.946,465.339
TM1_BASELINE,202412,202506,4073,5105,Ocretiva,321.191,273.012,369.369
TM1_BASELINE,202412,202501,4073,5109,Hemvia,496.26,421.821,570.699
TM1_BASELINE,202412,202502,4073,5109,Hemvia,450.786,383.168,518.404
TM1_BASELINE,202412,202503,4073,5109,Hemvia,394.373,335.217,453.529
TM1_BASELINE,202412,202504,4073,5109,Hemvia,527.33,448.231,606.43
TM1_BASELINE,202412,202505,4073,5109,Hemvia,492.699,418.794,566.604
TM1_BASELINE,202412,202506,4073,5109,Hemvia,576.805,490.284,663.325
TM1_BASELINE,202412,202501,4073,5112,Xolarin,399.767,339.802,459.731
TM1_BASELINE,202412,202502,4073,5112,Xolarin,461.102,391.937,530.267
TM1_BASELINE,202412,202503,4073,5112,Xolarin,344.359,292.705,396.013
TM1_BASELINE,202412,202504,4073,5112,Xolarin,433.629,368.585,498.674
TM1_BASELINE,202412,202505,4073,5112,Xolarin,492.934,418.994,566.874
TM1_BASELINE,202412,202506,4073,5112,Xolarin,428.852,364.524,493.18
TM1_BASELINE,202412,202501,4073,5116,Perjenta,321.197,273.017,369.376
TM1_BASELINE,202412,202502,4073,5116,Perjenta,369.016,313.663,424.368
TM1_BASELINE,202412,202503,4073,5116,Perjenta,377.988,321.29,434.686
TM1_BASELINE,202412,202504,4073,5116,Perjenta,385.875,327.993,443.756
TM1_BASELINE,202412,202505,4073,5116,Perjenta,382.285,324.943,439.628
TM1_BASELINE,202412,202506,4073,5116,Perjenta,348.933,296.593,401.273
TM1_BASELINE,202412,202501,4073,5117,Phesgrox,245.481,208.659,282.303
TM1_BASELINE,202412,202502,4073,5117,Phesgrox,227.411,193.3,261.523
TM1_BASELINE,202412,202503,4073,5117,Phesgrox,200.305,170.26,230.351
TM1_BASELINE,202412,202504,4073,5117,Phesgrox,255.867,217.487,294.247
TM1_BASELINE,202412,202505,4073,5117,Phesgrox,258.096,219.382,296.81
TM1_BASELINE,202412,202506,4073,5117,Phesgrox,243.824,207.25,280.397
TM1_BASELINE,202412,202501,4073,5118,Kadcynex,144.146,122.524,165.768
TM1_BASELINE,202412,202502,4073,5118,Kadcynex,111.878,95.096,128.66
TM1_BASELINE,202412,202503,4073,5118,Kadcynex,115.229,97.945,132.513
TM1_BASELINE,202412,202504,4073,5118,Kadcynex,125.781,106.913,144.648
TM1_BASELINE,202412,202505,4073,5118,Kadcynex,135.447,115.13,155.764
TM1_BASELINE,202412,202506,4073,5118,Kadcynex,124.287,105.644,142.93
TM1_BASELINE,202412,202501,4074,5101,Retivue,197.392,167.783,227.001
TM1_BASELINE,202412,202502,4074,5101,Retivue,172.262,146.422,198.101
TM1_BASELINE,202412,202503,4074,5101,Retivue,184.141,156.52,211.762
TM1_BASELINE,202412,202504,4074,5101,Retivue,186.024,158.121,213.928
TM1_BASELINE,202412,202505,4074,5101,Retivue,190.477,161.906,219.049
TM1_BASELINE,202412,202506,4074,5101,Retivue,203.864,173.285,234.444
TM1_BASELINE,202412,202501,4074,5102,Vabyseal,245.168,208.393,281.944
TM1_BASELINE,202412,202502,4074,5102,Vabyseal,240.715,204.608,276.822
TM1_BASELINE,202412,202503,4074,5102,Vabyseal,240.869,204.739,276.999
TM1_BASELINE,202412,202504,4074,5102,Vabyseal,199.381,169.474,229.288
TM1_BASELINE,202412,202505,4074,5102,Vabyseal,258.197,219.468,296.927
TM1_BASELINE,202412,202506,4074,5102,Vabyseal,208.356,177.102,239.609
TM1_BASELINE,202412,202501,4074,5105,Ocretiva,296.753,252.24,341.266
TM1_BASELINE,202412,202502,4074,5105,Ocretiva,256.908,218.371,295.444
TM1_BASELINE,202412,202503,4074,5105,Ocretiva,247.376,210.27,284.482
TM1_BASELINE,202412,202504,4074,5105,Ocretiva,245.841,208.965,282.717
TM1_BASELINE,202412,202505,4074,5105,Ocretiva,291.09,247.426,334.753
TM1_BASELINE,202412,202506,4074,5105,Ocretiva,291.05,247.392,334.707
TM1_BASELINE,202412,202501,4074,5109,Hemvia,640.639,544.543,736.735
TM1_BASELINE,202412,202502,4074,5109,Hemvia,525.918,447.03,604.805
TM1_BASELINE,202412,202503,4074,5109,Hemvia,547.978,465.782,630.175
TM1_BASELINE,202412,202504,4074,5109,Hemvia,600.071,510.061,690.082
TM1_BASELINE,202412,202505,4074,5109,Hemvia,574.933,488.693,661.173
TM1_BASELINE,202412,202506,4074,5109,Hemvia,685.298,582.503,788.092
TM1_BASELINE,202412,202501,4074,5112,Xolarin,360.099,306.084,414.114
TM1_BASELINE,202412,202502,4074,5112,Xolarin,417.721,355.063,480.379
TM1_BASELINE,202412,202503,4074,5112,Xolarin,322.216,273.884,370.549
TM1_BASELINE,202412,202504,4074,5112,Xolarin,337.024,286.47,387.578
TM1_BASELINE,202412,202505,4074,5112,Xolarin,404.942,344.2,465.683
TM1_BASELINE,202412,202506,4074,5112,Xolarin,413.392,351.384,475.401
TM1_BASELINE,202412,202501,4074,5116,Perjenta,147.854,125.676,170.032
TM1_BASELINE,202412,202502,4074,5116,Perjenta,141.964,120.67,163.259
TM1_BASELINE,202412,202503,4074,5116,Perjenta,157.651,134.004,181.299
TM1_BASELINE,202412,202504,4074,5116,Perjenta,143.793,122.224,165.362
TM1_BASELINE,202412,202505,4074,5116,Perjenta,147.307,125.211,169.402
TM1_BASELINE,202412,202506,4074,5116,Perjenta,151.029,128.375,173.683
TM1_BASELINE,202412,202501,4074,5117,Phesgrox,149.587,127.149,172.025
TM1_BASELINE,202412,202502,4074,5117,Phesgrox,139.882,118.9,160.865
TM1_BASELINE,202412,202503,4074,5117,Phesgrox,130.601,111.011,150.192
TM1_BASELINE,202412,202504,4074,5117,Phesgrox,152.094,129.28,174.908
TM1_BASELINE,202412,202505,4074,5117,Phesgrox,143.852,122.274,165.43
TM1_BASELINE,202412,202506,4074,5117,Phesgrox,138.698,117.893,159.502
TM1_BASELINE,202412,202501,4074,5118,Kadcynex,108.966,92.621,125.311
TM1_BASELINE,202412,202502,4074,5118,Kadcynex,156.388,132.93,179.846
TM1_BASELINE,202412,202503,4074,5118,Kadcynex,117.231,99.647,134.816
TM1_BASELINE,202412,202504,4074,5118,Kadcynex,135.203,114.923,155.484
TM1_BASELINE,202412,202505,4074,5118,Kadcynex,135.864,115.484,156.244
TM1_BASELINE,202412,202506,4074,5118,Kadcynex,134.965,114.72,155.209
TM1_BASELINE,202412,202501,4075,5101,Retivue,198.928,169.089,228.767
TM1_BASELINE,202412,202502,4075,5101,Retivue,211.193,179.514,242.872
TM1_BASELINE,202412,202503,4075,5101,Retivue,235.791,200.422,271.16
TM1_BASELINE,202412,202504,4075,5101,Retivue,223.466,189.946,256.985
TM1_BASELINE,202412,202505,4075,5101,Retivue,194.379,165.222,223.535
TM1_BASELINE,202412,202506,4075,5101,Retivue,218.39,185.632,251.149
TM1_BASELINE,202412,202501,4075,5102,Vabyseal,207.41,176.299,238.522
TM1_BASELINE,202412,202502,4075,5102,Vabyseal,249.296,211.901,286.69
TM1_BASELINE,202412,202503,4075,5102,Vabyseal,219.679,186.727,252.631
TM1_BASELINE,202412,202504,4075,5102,Vabyseal,217.836,185.16,250.511
TM1_BASELINE,202412,202505,4075,5102,Vabyseal,232.186,197.358,267.014
TM1_BASELINE,202412,202506,4075,5102,Vabyseal,193.119,164.151,222.087
TM1_BASELINE,202412,202501,4075,5105,Ocretiva,171.783,146.015,197.55
TM1_BASELINE,202412,202502,4075,5105,Ocretiva,163.512,138.985,188.039
TM1_BASELINE,202412,202503,4075,5105,Ocretiva,166.143,141.222,191.065
TM1_BASELINE,202412,202504,4075,5105,Ocretiva,147.75,125.588,169.913
TM1_BASELINE,202412,202505,4075,5105,Ocretiva,156.3,132.855,179.745
TM1_BASELINE,202412,202506,4075,5105,Ocretiva,146.281,124.339,168.223
TM1_BASELINE,202412,202501,4075,5109,Hemvia,222.808,189.387,256.229
TM1_BASELINE,202412,202502,4075,5109,Hemvia,269.464,229.044,309.884
TM1_BASELINE,202412,202503,4075,5109,Hemvia,255.863,217.484,294.243
TM1_BASELINE,202412,202504,4075,5109,Hemvia,257.608,218.967,296.249
TM1_BASELINE,202412,202505,4075,5109,Hemvia,221.067,187.907,254.227
TM1_BASELINE,202412,202506,4075,5109,Hemvia,281.93,239.64,324.219
TM1_BASELINE,202412,202501,4075,5112,Xolarin,257.891,219.207,296.574
TM1_BASELINE,202412,202502,4075,5112,Xolarin,193.007,164.056,221.958
TM1_BASELINE,202412,202503,4075,5112,Xolarin,213.526,181.497,245.555
TM1_BASELINE,202412,202504,4075,5112,Xolarin,190.498,161.923,219.073
TM1_BASELINE,202412,202505,4075,5112,Xolarin,234.869,199.639,270.099
TM1_BASELINE,202412,202506,4075,5112,Xolarin,216.408,183.947,248.87
TM1_BASELINE,202412,202501,4075,5116,Perjenta,202.095,171.78,232.409
TM1_BASELINE,202412,202502,4075,5116,Perjenta,168.972,143.626,194.317
TM1_BASELINE,202412,202503,4075,5116,Perjenta,139.343,118.442,160.244
TM1_BASELINE,202412,202504,4075,5116,Perjenta,170.097,144.583,195.612
TM1_BASELINE,202412,202505,4075,5116,Perjenta,172.488,146.615,198.361
TM1_BASELINE,202412,202506,4075,5116,Perjenta,225.273,191.482,259.064
TM1_BASELINE,202412,202501,4075,5117,Phesgrox,116.674,99.173,134.175
TM1_BASELINE,202412,202502,4075,5117,Phesgrox,98.104,83.389,112.82
TM1_BASELINE,202412,202503,4075,5117,Phesgrox,105.508,89.682,121.335
TM1_BASELINE,202412,202504,4075,5117,Phesgrox,100.886,85.753,116.019
TM1_BASELINE,202412,202505,4075,5117,Phesgrox,95.739,81.378,110.1
TM1_BASELINE,202412,202506,4075,5117,Phesgrox,99.276,84.385,114.168
TM1_BASELINE,202412,202501,4075,5118,Kadcynex,70.2,59.67,80.73
TM1_BASELINE,202412,202502,4075,5118,Kadcynex,73.167,62.192,84.142
TM1_BASELINE,202412,202503,4075,5118,Kadcynex,82.643,70.247,95.04
TM1_BASELINE,202412,202504,4075,5118,Kadcynex,89.291,75.897,102.685
TM1_BASELINE,202412,202505,4075,5118,Kadcynex,66.612,56.62,76.604
TM1_BASELINE,202412,202506,4075,5118,Kadcynex,62.351,52.998,71.703
TM1_BASELINE,202412,202501,4076,5101,Retivue,687.327,584.228,790.426
TM1_BASELINE,202412,202502,4076,5101,Retivue,584.153,496.53,671.776
TM1_BASELINE,202412,202503,4076,5101,Retivue,707.178,601.101,813.254
TM1_BASELINE,202412,202504,4076,5101,Retivue,642.89,546.456,739.323
TM1_BASELINE,202412,202505,4076,5101,Retivue,663.79,564.222,763.359
TM1_BASELINE,202412,202506,4076,5101,Retivue,612.8,520.88,704.72
TM1_BASELINE,202412,202501,4076,5102,Vabyseal,631.727,536.968,726.486
TM1_BASELINE,202412,202502,4076,5102,Vabyseal,399.963,339.968,459.957
TM1_BASELINE,202412,202503,4076,5102,Vabyseal,585.121,497.353,672.89
TM1_BASELINE,202412,202504,4076,5102,Vabyseal,543.089,461.625,624.552
TM1_BASELINE,202412,202505,4076,5102,Vabyseal,478.813,406.991,550.635
TM1_BASELINE,202412,202506,4076,5102,Vabyseal,528.952,449.609,608.294
TM1_BASELINE,202412,202501,4076,5105,Ocretiva,517.442,439.825,595.058
TM1_BASELINE,202412,202502,4076,5105,Ocretiva,481.858,409.579,554.137
TM1_BASELINE,202412,202503,4076,5105,Ocretiva,440.966,374.821,507.111
TM1_BASELINE,202412,202504,4076,5105,Ocretiva,475.683,404.33,547.035
TM1_BASELINE,202412,202505,4076,5105,Ocretiva,509.899,433.414,586.384
TM1_BASELINE,202412,202506,4076,5105,Ocretiva,513.95,436.857,591.042
TM1_BASELINE,202412,202501,4076,5109,Hemvia,1082.921,920.483,1245.359
TM1_BASELINE,202412,202502,4076,5109,Hemvia,1058.702,899.897,1217.508
TM1_BASELINE,202412,202503,4076,5109,Hemvia,1146.027,974.123,1317.931
TM1_BASELINE,202412,202504,4076,5109,Hemvia,1023.52,869.992,1177.048
TM1_BASELINE,202412,202505,4076,5109,Hemvia,1046.087,889.174,1203.0
TM1_BASELINE,202412,202506,4076,5109,Hemvia,1101.98,936.683,1267.277
TM1_BASELINE,202412,202501,4076,5112,Xolarin,1326.132,1127.212,1525.051
TM1_BASELINE,202412,202502,4076,5112,Xolarin,1150.212,977.68,1322.744
TM1_BASELINE,202412,202503,4076,5112,Xolarin,1165.434,990.619,1340.249
TM1_BASELINE,202412,202504,4076,5112,Xolarin,1164.899,990.164,1339.634
TM1_BASELINE,202412,202505,4076,5112,Xolarin,1432.961,1218.017,1647.905
TM1_BASELINE,202412,202506,4076,5112,Xolarin,1261.384,1072.176,1450.591
TM1_BASELINE,202412,202501,4076,5116,Perjenta,747.989,635.791,860.188
TM1_BASELINE,202412,202502,4076,5116,Perjenta,635.713,540.356,731.069
TM1_BASELINE,202412,202503,4076,5116,Perjenta,735.484,625.162,845.807
TM1_BASELINE,202412,202504,4076,5116,Perjenta,907.15,771.077,1043.222
TM1_BASELINE,202412,202505,4076,5116,Perjenta,737.201,626.621,847.781
TM1_BASELINE,202412,202506,4076,5116,Perjenta,792.854,673.926,911.782
TM1_BASELINE,202412,202501,4076,5117,Phesgrox,356.011,302.609,409.413
TM1_BASELINE,202412,202502,4076,5117,Phesgrox,392.154,333.331,450.977
TM1_BASELINE,202412,202503,4076,5117,Phesgrox,386.545,328.563,444.526
TM1_BASELINE,202412,202504,4076,5117,Phesgrox,461.541,392.31,530.772
TM1_BASELINE,202412,202505,4076,5117,Phesgrox,376.443,319.977,432.91
TM1_BASELINE,202412,202506,4076,5117,Phesgrox,386.425,328.461,444.388
TM1_BASELINE,202412,202501,4076,5118,Kadcynex,208.382,177.124,239.639
TM1_BASELINE,202412,202502,4076,5118,Kadcynex,246.256,209.318,283.195
TM1_BASELINE,202412,202503,4076,5118,Kadcynex,199.25,169.363,229.138
TM1_BASELINE,202412,202504,4076,5118,Kadcynex,224.29,190.647,257.934
TM1_BASELINE,202412,202505,4076,5118,Kadcynex,199.4,169.49,229.31
TM1_BASELINE,202412,202506,4076,5118,Kadcynex,225.901,192.016,259.786
TM1_BASELINE,202412,202501,4077,5101,Retivue,50.068,42.557,57.578
TM1_BASELINE,202412,202502,4077,5101,Retivue,59.154,50.281,68.027
TM1_BASELINE,202412,202503,4077,5101,Retivue,57.904,49.218,66.59
TM1_BASELINE,202412,202504,4077,5101,Retivue,55.54,47.209,63.871
TM1_BASELINE,202412,202505,4077,5101,Retivue,44.334,37.684,50.985
TM1_BASELINE,202412,202506,4077,5101,Retivue,49.286,41.893,56.679
TM1_BASELINE,202412,202501,4077,5102,Vabyseal,73.702,62.647,84.758
TM1_BASELINE,202412,202502,4077,5102,Vabyseal,68.211,57.98,78.443
TM1_BASELINE,202412,202503,4077,5102,Vabyseal,72.864,61.934,83.794
TM1_BASELINE,202412,202504,4077,5102,Vabyseal,73.701,62.646,84.756
TM1_BASELINE,202412,202505,4077,5102,Vabyseal,81.692,69.438,93.946
TM1_BASELINE,202412,202506,4077,5102,Vabyseal,76.928,65.388,88.467
TM1_BASELINE,202412,202501,4077,5105,Ocretiva,104.146,88.524,119.768
TM1_BASELINE,202412,202502,4077,5105,Ocretiva,84.152,71.529,96.774
TM1_BASELINE,202412,202503,4077,5105,Ocretiva,87.04,73.984,100.096
TM1_BASELINE,202412,202504,4077,5105,Ocretiva,104.763,89.049,120.478
TM1_BASELINE,202412,202505,4077,5105,Ocretiva,88.099,74.884,101.314
TM1_BASELINE,202412,202506,4077,5105,Ocretiva,95.466,81.146,109.786
TM1_BASELINE,202412,202501,4077,5109,Hemvia,123.774,105.207,142.34
TM1_BASELINE,202412,202502,4077,5109,Hemvia,113.184,96.207,130.162
TM1_BASELINE,202412,202503,4077,5109,Hemvia,106.035,90.13,121.94
TM1_BASELINE,202412,202504,4077,5109,Hemvia,132.196,112.366,152.025
TM1_BASELINE,202412,202505,4077,5109,Hemvia,119.36,101.456,137.264
TM1_BASELINE,202412,202506,4077,5109,Hemvia,141.097,119.932,162.261
TM1_BASELINE,202412,202501,4077,5112,Xolarin,122.578,104.192,140.965
TM1_BASELINE,202412,202502,4077,5112,Xolarin,115.678,98.326,133.03
TM1_BASELINE,202412,202503,4077,5112,Xolarin,121.573,103.337,139.809
TM1_BASELINE,202412,202504,4077,5112,Xolarin,117.157,99.583,134.73
TM1_BASELINE,202412,202505,4077,5112,Xolarin,98.354,83.601,113.107
TM1_BASELINE,202412,202506,4077,5112,Xolarin,139.268,118.378,160.159
TM1_BASELINE,202412,202501,4077,5116,Perjenta,61.313,52.116,70.51
TM1_BASELINE,202412,202502,4077,5116,Perjenta,58.569,49.784,67.354
TM1_BASELINE,202412,202503,4077,5116,Perjenta,65.297,55.503,75.092
TM1_BASELINE,202412,202504,4077,5116,Perjenta,59.277,50.385,68.168
TM1_BASELINE,202412,202505,4077,5116,Perjenta,62.201,52.871,71.531
TM1_BASELINE,202412,202506,4077,5116,Perjenta,61.187,52.009,70.365
TM1_BASELINE,202412,202501,4077,5117,Phesgrox,59.025,50.171,67.879
TM1_BASELINE,202412,202502,4077,5117,Phesgrox,48.673,41.372,55.974
TM1_BASELINE,202412,202503,4077,5117,Phesgrox,68.12,57.902,78.338
TM1_BASELINE,202412,202504,4077,5117,Phesgrox,63.165,53.69,72.639
TM1_BASELINE,202412,202505,4077,5117,Phesgrox,57.737,49.076,66.397
TM1_BASELINE,202412,202506,4077,5117,Phesgrox,56.856,48.328,65.385
TM1_BASELINE,202412,202501,4077,5118,Kadcynex,29.876,25.395,34.357
TM1_BASELINE,202412,202502,4077,5118,Kadcynex,34.462,29.293,39.631
TM1_BASELINE,202412,202503,4077,5118,Kadcynex,31.981,27.184,36.778
TM1_BASELINE,202412,202504,4077,5118,Kadcynex,34.006,28.905,39.107
TM1_BASELINE,202412,202505,4077,5118,Kadcynex,37.307,31.711,42.903
TM1_BASELINE,202412,202506,4077,5118,Kadcynex,33.853,28.775,38.931
TM1_BASELINE,202412,202501,4078,5101,Retivue,132.853,112.925,152.781
TM1_BASELINE,202412,202502,4078,5101,Retivue,170.352,144.799,195.905
TM1_BASELINE,202412,202503,4078,5101,Retivue,140.169,119.143,161.194
TM1_BASELINE,202412,202504,4078,5101,Retivue,160.073,136.062,184.084
TM1_BASELINE,202412,202505,4078,5101,Retivue,143.173,121.697,164.649
TM1_BASELINE,202412,202506,4078,5101,Retivue,141.909,120.623,163.195
TM1_BASELINE,202412,202501,4078,5102,Vabyseal,125.879,106.997,144.761
TM1_BASELINE,202412,202502,4078,5102,Vabyseal,131.813,112.041,151.585
TM1_BASELINE,202412,202503,4078,5102,Vabyseal,107.026,90.972,123.08
TM1_BASELINE,202412,202504,4078,5102,Vabyseal,98.444,83.678,113.211
TM1_BASELINE,202412,202505,4078,5102,Vabyseal,119.389,101.48,137.297
TM1_BASELINE,202412,202506,4078,5102,Vabyseal,117.449,99.832,135.066
TM1_BASELINE,202412,202501,4078,5105,Ocretiva,91.307,77.611,105.003
TM1_BASELINE,202412,202502,4078,5105,Ocretiva,104.435,88.77,120.101
TM1_BASELINE,202412,202503,4078,5105,Ocretiva,97.635,82.99,112.281
TM1_BASELINE,202412,202504,4078,5105,Ocretiva,110.59,94.001,127.178
TM1_BASELINE,202412,202505,4078,5105,Ocretiva,115.102,97.837,132.368
TM1_BASELINE,202412,202506,4078,5105,Ocretiva,107.682,91.53,123.835
TM1_BASELINE,202412,202501,4078,5109,Hemvia,207.314,176.217,238.412
TM1_BASELINE,202412,202502,4078,5109,Hemvia,254.626,216.432,292.82
TM1_BASELINE,202412,202503,4078,5109,Hemvia,215.915,183.528,248.302
TM1_BASELINE,202412,202504,4078,5109,Hemvia,207.816,176.644,238.989
TM1_BASELINE,202412,202505,4078,5109,Hemvia,257.025,218.471,295.579
TM1_BASELINE,202412,202506,4078,5109,Hemvia,239.794,203.825,275.763
TM1_BASELINE,202412,202501,4078,5112,Xolarin,244.773,208.057,281.489
TM1_BASELINE,202412,202502,4078,5112,Xolarin,194.612,165.421,223.804
TM1_BASELINE,202412,202503,4078,5112,Xolarin,237.284,201.691,272.876
TM1_BASELINE,202412,202504,4078,5112,Xolarin,223.312,189.815,256.809
TM1_BASELINE,202412,202505,4078,5112,Xolarin,237.748,202.086,273.411
TM1_BASELINE,202412,202506,4078,5112,Xolarin,215.276,182.984,247.567
TM1_BASELINE,202412,202501,4078,5116,Perjenta,103.803,88.233,119.374
TM1_BASELINE,202412,202502,4078,5116,Perjenta,112.713,95.806,129.62
TM1_BASELINE,202412,202503,4078,5116,Perjenta,96.6,82.11,111.09
TM1_BASELINE,202412,202504,4078,5116,Perjenta,92.321,78.473,106.169
TM1_BASELINE,202412,202505,4078,5116,Perjenta,105.452,89.634,121.269
TM1_BASELINE,202412,202506,4078,5116,Perjenta,105.238,89.452,121.023
TM1_BASELINE,202412,202501,4078,5117,Phesgrox,95.66,81.311,110.008
TM1_BASELINE,202412,202502,4078,5117,Phesgrox,107.457,91.339,123.576
TM1_BASELINE,202412,202503,4078,5117,Phesgrox,100.963,85.819,116.108
TM1_BASELINE,202412,202504,4078,5117,Phesgrox,85.911,73.024,98.798
TM1_BASELINE,202412,202505,4078,5117,Phesgrox,131.531,111.801,151.26
TM1_BASELINE,202412,202506,4078,5117,Phesgrox,113.546,96.514,130.578
TM1_BASELINE,202412,202501,4078,5118,Kadcynex,62.103,52.787,71.418
TM1_BASELINE,202412,202502,4078,5118,Kadcynex,53.117,45.149,61.085
TM1_BASELINE,202412,202503,4078,5118,Kadcynex,64.858,55.129,74.586
TM1_BASELINE,202412,202504,4078,5118,Kadcynex,53.722,45.664,61.781
TM1_BASELINE,202412,202505,4078,5118,Kadcynex,61.829,52.555,71.104
TM1_BASELINE,202412,202506,4078,5118,Kadcynex,61.312,52.115,70.509
TM1_BASELINE,202412,202501,4079,5101,Retivue,1022.172,868.846,1175.498
TM1_BASELINE,202412,202502,4079,5101,Retivue,1112.815,945.892,1279.737
TM1_BASELINE,202412,202503,4079,5101,Retivue,920.375,782.319,1058.431
TM1_BASELINE,202412,202504,4079,5101,Retivue,1062.844,903.417,1222.27
TM1_BASELINE,202412,202505,4079,5101,Retivue,1062.254,902.916,1221.592
TM1_BASELINE,202412,202506,4079,5101,Retivue,984.005,836.405,1131.606
TM1_BASELINE,202412,202501,4079,5102,Vabyseal,599.206,509.325,689.087
TM1_BASELINE,202412,202502,4079,5102,Vabyseal,730.37,620.815,839.926
TM1_BASELINE,202412,202503,4079,5102,Vabyseal,680.315,578.268,782.362
TM1_BASELINE,202412,202504,4079,5102,Vabyseal,565.922,481.033,650.81
TM1_BASELINE,202412,202505,4079,5102,Vabyseal,675.14,573.869,776.411
TM1_BASELINE,202412,202506,4079,5102,Vabyseal,658.953,560.11,757.796
TM1_BASELINE,202412,202501,4079,5105,Ocretiva,1116.976,949.429,1284.522
TM1_BASELINE,202412,202502,4079,5105,Ocretiva,1062.003,902.703,1221.304
TM1_BASELINE,202412,202503,4079,5105,Ocretiva,971.869,826.088,1117.649
TM1_BASELINE,202412,202504,4079,5105,Ocretiva,1009.938,858.447,1161.429
TM1_BASELINE,202412,202505,4079,5105,Ocretiva,1081.027,918.873,1243.181
TM1_BASELINE,202412,202506,4079,5105,Ocretiva,992.624,843.73,1141.517
TM1_BASELINE,202412,202501,4079,5109,Hemvia,2321.604,1973.363,2669.844
TM1_BASELINE,202412,202502,4079,5109,Hemvia,1808.009,1536.807,2079.21
TM1_BASELINE,202412,202503,4079,5109,Hemvia,1986.837,1688.812,2284.863
TM1_BASELINE,202412,202504,4079,5109,Hemvia,1850.894,1573.26,2128.529
TM1_BASELINE,202412,202505,4079,5109,Hemvia,1808.117,1536.9,2079.335
TM1_BASELINE,202412,202506,4079,5109,Hemvia,1932.72,1642.812,2222.628
TM1_BASELINE,202412,202501,4079,5112,Xolarin,827.135,703.065,951.205
TM1_BASELINE,202412,202502,4079,5112,Xolarin,848.453,721.185,975.721
TM1_BASELINE,202412,202503,4079,5112,Xolarin,823.763,700.199,947.328
TM1_BASELINE,202412,202504,4079,5112,Xolarin,991.264,842.574,1139.954
TM1_BASELINE,202412,202505,4079,5112,Xolarin,923.825,785.251,1062.399
TM1_BASELINE,202412,202506,4079,5112,Xolarin,800.925,680.786,921.063
TM1_BASELINE,202412,202501,4079,5116,Perjenta,703.58,598.043,809.117
TM1_BASELINE,202412,202502,4079,5116,Perjenta,894.504,760.329,1028.68
TM1_BASELINE,202412,202503,4079,5116,Perjenta,809.151,687.778,930.523
TM1_BASELINE,202412,202504,4079,5116,Perjenta,781.62,664.377,898.863
TM1_BASELINE,202412,202505,4079,5116,Perjenta,896.65,762.153,1031.148
TM1_BASELINE,202412,202506,4079,5116,Perjenta,771.024,655.37,886.678
TM1_BASELINE,202412,202501,4079,5117,Phesgrox,666.386,566.428,766.344
TM1_BASELINE,202412,202502,4079,5117,Phesgrox,636.848,541.321,732.375
TM1_BASELINE,202412,202503,4079,5117,Phesgrox,695.637,591.292,799.983
TM1_BASELINE,202412,202504,4079,5117,Phesgrox,609.494,518.07,700.918
TM1_BASELINE,202412,202505,4079,5117,Phesgrox,718.953,611.11,826.796
TM1_BASELINE,202412,202506,4079,5117,Phesgrox,650.702,553.096,748.307
TM1_BASELINE,202412,202501,4079,5118,Kadcynex,283.331,240.831,325.831
TM1_BASELINE,202412,202502,4079,5118,Kadcynex,289.282,245.889,332.674
TM1_BASELINE,202412,202503,4079,5118,Kadcynex,272.13,231.311,312.95
TM1_BASELINE,202412,202504,4079,5118,Kadcynex,266.211,226.28,306.143
TM1_BASELINE,202412,202505,4079,5118,Kadcynex,221.524,188.295,254.752
TM1_BASELINE,202412,202506,4079,5118,Kadcynex,303.505,257.98,349.031
