row_id,date_year_month,ecosystem_id,product_brand_id,forecast_units_eqv
H000000,202501,4000,5101,0.0
H000001,202502,4000,5101,0.0
H000002,202503,4000,5101,0.0
H000003,202504,4000,5101,0.0
H000004,202505,4000,5101,0.0
H000005,202506,4000,5101,0.0
H000006,202501,4001,5101,0.0
H000007,202502,4001,5101,0.0
H000008,202503,4001,5101,0.0
H000009,202504,4001,5101,0.0
H000010,202505,4001,5101,0.0
H000011,202506,4001,5101,0.0
H000012,202501,4002,5101,0.0
H000013,202502,4002,5101,0.0
H000014,202503,4002,5101,0.0
H000015,202504,4002,5101,0.0
H000016,202505,4002,5101,0.0
H000017,202506,4002,5101,0.0
H000018,202501,4003,5101,0.0
H000019,202502,4003,5101,0.0
H000020,202503,4003,5101,0.0
H000021,202504,4003,5101,0.0
H000022,202505,4003,5101,0.0
H000023,202506,4003,5101,0.0
H000024,202501,4004,5101,0.0
H000025,202502,4004,5101,0.0
H000026,202503,4004,5101,0.0
H000027,202504,4004,5101,0.0
H000028,202505,4004,5101,0.0
H000029,202506,4004,5101,0.0
H000030,202501,4005,5101,0.0
H000031,202502,4005,5101,0.0
H000032,202503,4005,5101,0.0
H000033,202504,4005,5101,0.0
H000034,202505,4005,5101,0.0
H000035,202506,4005,5101,0.0
H000036,202501,4006,5101,0.0
H000037,202502,4006,5101,0.0
H000038,202503,4006,5101,0.0
H000039,202504,4006,5101,0.0
H000040,202505,4006,5101,0.0
H000041,202506,4006,5101,0.0
H000042,202501,4007,5101,0.0
H000043,202502,4007,5101,0.0
H000044,202503,4007,5101,0.0
H000045,202504,4007,5101,0.0
H000046,202505,4007,5101,0.0
H000047,202506,4007,5101,0.0
H000048,202501,4008,5101,0.0
H000049,202502,4008,5101,0.0
H000050,202503,4008,5101,0.0
H000051,202504,4008,5101,0.0
H000052,202505,4008,5101,0.0
H000053,202506,4008,5101,0.0
H000054,202501,4009,5101,0.0
H000055,202502,4009,5101,0.0
H000056,202503,4009,5101,0.0
H000057,202504,4009,5101,0.0
H000058,202505,4009,5101,0.0
H000059,202506,4009,5101,0.0
H000060,202501,4010,5101,0.0
H000061,202502,4010,5101,0.0
H000062,202503,4010,5101,0.0
H000063,202504,4010,5101,0.0
H000064,202505,4010,5101,0.0
H000065,202506,4010,5101,0.0
H000066,202501,4011,5101,0.0
H000067,202502,4011,5101,0.0
H000068,202503,4011,5101,0.0
H000069,202504,4011,5101,0.0
H000070,202505,4011,5101,0.0
H000071,202506,4011,5101,0.0
H000072,202501,4012,5101,0.0
H000073,202502,4012,5101,0.0
H000074,202503,4012,5101,0.0
H000075,202504,4012,5101,0.0
H000076,202505,4012,5101,0.0
H000077,202506,4012,5101,0.0
H000078,202501,4013,5101,0.0
H000079,202502,4013,5101,0.0
H000080,202503,4013,5101,0.0
H000081,202504,4013,5101,0.0
H000082,202505,4013,5101,0.0
H000083,202506,4013,5101,0.0
H000084,202501,4014,5101,0.0
H000085,202502,4014,5101,0.0
H000086,202503,4014,5101,0.0
H000087,202504,4014,5101,0.0
H000088,202505,4014,5101,0.0
H000089,202506,4014,5101,0.0
H000090,202501,4015,5101,0.0
H000091,202502,4015,5101,0.0
H000092,202503,4015,5101,0.0
H000093,202504,4015,5101,0.0
H000094,202505,4015,5101,0.0
H000095,202506,4015,5101,0.0
H000096,202501,4016,5101,0.0
H000097,202502,4016,5101,0.0
H000098,202503,4016,5101,0.0
H000099,202504,4016,5101,0.0
H000100,202505,4016,5101,0.0
H000101,202506,4016,5101,0.0
H000102,202501,4017,5101,0.0
H000103,202502,4017,5101,0.0
H000104,202503,4017,5101,0.0
H000105,202504,4017,5101,0.0
H000106,202505,4017,5101,0.0
H000107,202506,4017,5101,0.0
H000108,202501,4018,5101,0.0
H000109,202502,4018,5101,0.0
H000110,202503,4018,5101,0.0
H000111,202504,4018,5101,0.0
H000112,202505,4018,5101,0.0
H000113,202506,4018,5101,0.0
H000114,202501,4019,5101,0.0
H000115,202502,4019,5101,0.0
H000116,202503,4019,5101,0.0
H000117,202504,4019,5101,0.0
H000118,202505,4019,5101,0.0
H000119,202506,4019,5101,0.0
H000120,202501,4020,5101,0.0
H000121,202502,4020,5101,0.0
H000122,202503,4020,5101,0.0
H000123,202504,4020,5101,0.0
H000124,202505,4020,5101,0.0
H000125,202506,4020,5101,0.0
H000126,202501,4021,5101,0.0
H000127,202502,4021,5101,0.0
H000128,202503,4021,5101,0.0
H000129,202504,4021,5101,0.0
H000130,202505,4021,5101,0.0
H000131,202506,4021,5101,0.0
H000132,202501,4022,5101,0.0
H000133,202502,4022,5101,0.0
H000134,202503,4022,5101,0.0
H000135,202504,4022,5101,0.0
H000136,202505,4022,5101,0.0
H000137,202506,4022,5101,0.0
H000138,202501,4023,5101,0.0
H000139,202502,4023,5101,0.0
H000140,202503,4023,5101,0.0
H000141,202504,4023,5101,0.0
H000142,202505,4023,5101,0.0
H000143,202506,4023,5101,0.0
H000144,202501,4024,5101,0.0
H000145,202502,4024,5101,0.0
H000146,202503,4024,5101,0.0
H000147,202504,4024,5101,0.0
H000148,202505,4024,5101,0.0
H000149,202506,4024,5101,0.0
H000150,202501,4025,5101,0.0
H000151,202502,4025,5101,0.0
H000152,202503,4025,5101,0.0
H000153,202504,4025,5101,0.0
H000154,202505,4025,5101,0.0
H000155,202506,4025,5101,0.0
H000156,202501,4026,5101,0.0
H000157,202502,4026,5101,0.0
H000158,202503,4026,5101,0.0
H000159,202504,4026,5101,0.0
H000160,202505,4026,5101,0.0
H000161,202506,4026,5101,0.0
H000162,202501,4027,5101,0.0
H000163,202502,4027,5101,0.0
H000164,202503,4027,5101,0.0
H000165,202504,4027,5101,0.0
H000166,202505,4027,5101,0.0
H000167,202506,4027,5101,0.0
H000168,202501,4028,5101,0.0
H000169,202502,4028,5101,0.0
H000170,202503,4028,5101,0.0
H000171,202504,4028,5101,0.0
H000172,202505,4028,5101,0.0
H000173,202506,4028,5101,0.0
H000174,202501,4029,5101,0.0
H000175,202502,4029,5101,0.0
H000176,202503,4029,5101,0.0
H000177,202504,4029,5101,0.0
H000178,202505,4029,5101,0.0
H000179,202506,4029,5101,0.0
H000180,202501,4030,5101,0.0
H000181,202502,4030,5101,0.0
H000182,202503,4030,5101,0.0
H000183,202504,4030,5101,0.0
H000184,202505,4030,5101,0.0
H000185,202506,4030,5101,0.0
H000186,202501,4031,5101,0.0
H000187,202502,4031,5101,0.0
H000188,202503,4031,5101,0.0
H000189,202504,4031,5101,0.0
H000190,202505,4031,5101,0.0
H000191,202506,4031,5101,0.0
H000192,202501,4032,5101,0.0
H000193,202502,4032,5101,0.0
H000194,202503,4032,5101,0.0
H000195,202504,4032,5101,0.0
H000196,202505,4032,5101,0.0
H000197,202506,4032,5101,0.0
H000198,202501,4033,5101,0.0
H000199,202502,4033,5101,0.0
H000200,202503,4033,5101,0.0
H000201,202504,4033,5101,0.0
H000202,202505,4033,5101,0.0
H000203,202506,4033,5101,0.0
H000204,202501,4034,5101,0.0
H000205,202502,4034,5101,0.0
H000206,202503,4034,5101,0.0
H000207,202504,4034,5101,0.0
H000208,202505,4034,5101,0.0
H000209,202506,4034,5101,0.0
H000210,202501,4035,5101,0.0
H000211,202502,4035,5101,0.0
H000212,202503,4035,5101,0.0
H000213,202504,4035,5101,0.0
H000214,202505,4035,5101,0.0
H000215,202506,4035,5101,0.0
H000216,202501,4036,5101,0.0
H000217,202502,4036,5101,0.0
H000218,202503,4036,5101,0.0
H000219,202504,4036,5101,0.0
H000220,202505,4036,5101,0.0
H000221,202506,4036,5101,0.0
H000222,202501,4037,5101,0.0
H000223,202502,4037,5101,0.0
H000224,202503,4037,5101,0.0
H000225,202504,4037,5101,0.0
H000226,202505,4037,5101,0.0
H000227,202506,4037,5101,0.0
H000228,202501,4038,5101,0.0
H000229,202502,4038,5101,0.0
H000230,202503,4038,5101,0.0
H000231,202504,4038,5101,0.0
H000232,202505,4038,5101,0.0
H000233,202506,4038,5101,0.0
H000234,202501,4039,5101,0.0
H000235,202502,4039,5101,0.0
H000236,202503,4039,5101,0.0
H000237,202504,4039,5101,0.0
H000238,202505,4039,5101,0.0
H000239,202506,4039,5101,0.0
H000240,202501,4040,5101,0.0
H000241,202502,4040,5101,0.0
H000242,202503,4040,5101,0.0
H000243,202504,4040,5101,0.0
H000244,202505,4040,5101,0.0
H000245,202506,4040,5101,0.0
H000246,202501,4041,5101,0.0
H000247,202502,4041,5101,0.0
H000248,202503,4041,5101,0.0
H000249,202504,4041,5101,0.0
H000250,202505,4041,5101,0.0
H000251,202506,4041,5101,0.0
H000252,202501,4042,5101,0.0
H000253,202502,4042,5101,0.0
H000254,202503,4042,5101,0.0
H000255,202504,4042,5101,0.0
H000256,202505,4042,5101,0.0
H000257,202506,4042,5101,0.0
H000258,202501,4043,5101,0.0
H000259,202502,4043,5101,0.0
H000260,202503,4043,5101,0.0
H000261,202504,4043,5101,0.0
H000262,202505,4043,5101,0.0
H000263,202506,4043,5101,0.0
H000264,202501,4044,5101,0.0
H000265,202502,4044,5101,0.0
H000266,202503,4044,5101,0.0
H000267,202504,4044,5101,0.0
H000268,202505,4044,5101,0.0
H000269,202506,4044,5101,0.0
H000270,202501,4045,5101,0.0
H000271,202502,4045,5101,0.0
H000272,202503,4045,5101,0.0
H000273,202504,4045,5101,0.0
H000274,202505,4045,5101,0.0
H000275,202506,4045,5101,0.0
H000276,202501,4046,5101,0.0
H000277,202502,4046,5101,0.0
H000278,202503,4046,5101,0.0
H000279,202504,4046,5101,0.0
H000280,202505,4046,5101,0.0
H000281,202506,4046,5101,0.0
H000282,202501,4047,5101,0.0
H000283,202502,4047,5101,0.0
H000284,202503,4047,5101,0.0
H000285,202504,4047,5101,0.0
H000286,202505,4047,5101,0.0
H000287,202506,4047,5101,0.0
H000288,202501,4048,5101,0.0
H000289,202502,4048,5101,0.0
H000290,202503,4048,5101,0.0
H000291,202504,4048,5101,0.0
H000292,202505,4048,5101,0.0
H000293,202506,4048,5101,0.0
H000294,202501,4049,5101,0.0
H000295,202502,4049,5101,0.0
H000296,202503,4049,5101,0.0
H000297,202504,4049,5101,0.0
H000298,202505,4049,5101,0.0
H000299,202506,4049,5101,0.0
H000300,202501,4050,5101,0.0
H000301,202502,4050,5101,0.0
H000302,202503,4050,5101,0.0
H000303,202504,4050,5101,0.0
H000304,202505,4050,5101,0.0
H000305,202506,4050,5101,0.0
H000306,202501,4051,5101,0.0
H000307,202502,4051,5101,0.0
H000308,202503,4051,5101,0.0
H000309,202504,4051,5101,0.0
H000310,202505,4051,5101,0.0
H000311,202506,4051,5101,0.0
H000312,202501,4052,5101,0.0
H000313,202502,4052,5101,0.0
H000314,202503,4052,5101,0.0
H000315,202504,4052,5101,0.0
H000316,202505,4052,5101,0.0
H000317,202506,4052,5101,0.0
H000318,202501,4053,5101,0.0
H000319,202502,4053,5101,0.0
H000320,202503,4053,5101,0.0
H000321,202504,4053,5101,0.0
H000322,202505,4053,5101,0.0
H000323,202506,4053,5101,0.0
H000324,202501,4054,5101,0.0
H000325,202502,4054,5101,0.0
H000326,202503,4054,5101,0.0
H000327,202504,4054,5101,0.0
H000328,202505,4054,5101,0.0
H000329,202506,4054,5101,0.0
H000330,202501,4055,5101,0.0
H000331,202502,4055,5101,0.0
H000332,202503,4055,5101,0.0
H000333,202504,4055,5101,0.0
H000334,202505,4055,5101,0.0
H000335,202506,4055,5101,0.0
H000336,202501,4056,5101,0.0
H000337,202502,4056,5101,0.0
H000338,202503,4056,5101,0.0
H000339,202504,4056,5101,0.0
H000340,202505,4056,5101,0.0
H000341,202506,4056,5101,0.0
H000342,202501,4057,5101,0.0
H000343,202502,4057,5101,0.0
H000344,202503,4057,5101,0.0
H000345,202504,4057,5101,0.0
H000346,202505,4057,5101,0.0
H000347,202506,4057,5101,0.0
H000348,202501,4058,5101,0.0
H000349,202502,4058,5101,0.0
H000350,202503,4058,5101,0.0
H000351,202504,4058,5101,0.0
H000352,202505,4058,5101,0.0
H000353,202506,4058,5101,0.0
H000354,202501,4059,5101,0.0
H000355,202502,4059,5101,0.0
H000356,202503,4059,5101,0.0
H000357,202504,4059,5101,0.0
H000358,202505,4059,5101,0.0
H000359,202506,4059,5101,0.0
H000360,202501,4060,5101,0.0
H000361,202502,4060,5101,0.0
H000362,202503,4060,5101,0.0
H000363,202504,4060,5101,0.0
H000364,202505,4060,5101,0.0
H000365,202506,4060,5101,0.0
H000366,202501,4061,5101,0.0
H000367,202502,4061,5101,0.0
H000368,202503,4061,5101,0.0
H000369,202504,4061,5101,0.0
H000370,202505,4061,5101,0.0
H000371,202506,4061,5101,0.0
H000372,202501,4062,5101,0.0
H000373,202502,4062,5101,0.0
H000374,202503,4062,5101,0.0
H000375,202504,4062,5101,0.0
H000376,202505,4062,5101,0.0
H000377,202506,4062,5101,0.0
H000378,202501,4063,5101,0.0
H000379,202502,4063,5101,0.0
H000380,202503,4063,5101,0.0
H000381,202504,4063,5101,0.0
H000382,202505,4063,5101,0.0
H000383,202506,4063,5101,0.0
H000384,202501,4064,5101,0.0
H000385,202502,4064,5101,0.0
H000386,202503,4064,5101,0.0
H000387,202504,4064,5101,0.0
H000388,202505,4064,5101,0.0
H000389,202506,4064,5101,0.0
H000390,202501,4065,5101,0.0
H000391,202502,4065,5101,0.0
H000392,202503,4065,5101,0.0
H000393,202504,4065,5101,0.0
H000394,202505,4065,5101,0.0
H000395,202506,4065,5101,0.0
H000396,202501,4066,5101,0.0
H000397,202502,4066,5101,0.0
H000398,202503,4066,5101,0.0
H000399,202504,4066,5101,0.0
H000400,202505,4066,5101,0.0
H000401,202506,4066,5101,0.0
H000402,202501,4067,5101,0.0
H000403,202502,4067,5101,0.0
H000404,202503,4067,5101,0.0
H000405,202504,4067,5101,0.0
H000406,202505,4067,5101,0.0
H000407,202506,4067,5101,0.0
H000408,202501,4068,5101,0.0
H000409,202502,4068,5101,0.0
H000410,202503,4068,5101,0.0
H000411,202504,4068,5101,0.0
H000412,202505,4068,5101,0.0
H000413,202506,4068,5101,0.0
H000414,202501,4069,5101,0.0
H000415,202502,4069,5101,0.0
H000416,202503,4069,5101,0.0
H000417,202504,4069,5101,0.0
H000418,202505,4069,5101,0.0
H000419,202506,4069,5101,0.0
H000420,202501,4070,5101,0.0
H000421,202502,4070,5101,0.0
H000422,202503,4070,5101,0.0
H000423,202504,4070,5101,0.0
H000424,202505,4070,5101,0.0
H000425,202506,4070,5101,0.0
H000426,202501,4071,5101,0.0
H000427,202502,4071,5101,0.0
H000428,202503,4071,5101,0.0
H000429,202504,4071,5101,0.0
H000430,202505,4071,5101,0.0
H000431,202506,4071,5101,0.0
H000432,202501,4072,5101,0.0
H000433,202502,4072,5101,0.0
H000434,202503,4072,5101,0.0
H000435,202504,4072,5101,0.0
H000436,202505,4072,5101,0.0
H000437,202506,4072,5101,0.0
H000438,202501,4073,5101,0.0
H000439,202502,4073,5101,0.0
H000440,202503,4073,5101,0.0
H000441,202504,4073,5101,0.0
H000442,202505,4073,5101,0.0
H000443,202506,4073,5101,0.0
H000444,202501,4074,5101,0.0
H000445,202502,4074,5101,0.0
H000446,202503,4074,5101,0.0
H000447,202504,4074,5101,0.0
H000448,202505,4074,5101,0.0
H000449,202506,4074,5101,0.0
H000450,202501,4075,5101,0.0
H000451,202502,4075,5101,0.0
H000452,202503,4075,5101,0.0
H000453,202504,4075,5101,0.0
H000454,202505,4075,5101,0.0
H000455,202506,4075,5101,0.0
H000456,202501,4076,5101,0.0
H000457,202502,4076,5101,0.0
H000458,202503,4076,5101,0.0
H000459,202504,4076,5101,0.0
H000460,202505,4076,5101,0.0
H000461,202506,4076,5101,0.0
H000462,202501,4077,5101,0.0
H000463,202502,4077,5101,0.0
H000464,202503,4077,5101,0.0
H000465,202504,4077,5101,0.0
H000466,202505,4077,5101,0.0
H000467,202506,4077,5101,0.0
H000468,202501,4078,5101,0.0
H000469,202502,4078,5101,0.0
H000470,202503,4078,5101,0.0
H000471,202504,4078,5101,0.0
H000472,202505,4078,5101,0.0
H000473,202506,4078,5101,0.0
H000474,202501,4079,5101,0.0
H000475,202502,4079,5101,0.0
H000476,202503,4079,5101,0.0
H000477,202504,4079,5101,0.0
H000478,202505,4079,5101,0.0
H000479,202506,4079,5101,0.0
H000480,202501,4000,5102,0.0
H000481,202502,4000,5102,0.0
H000482,202503,4000,5102,0.0
H000483,202504,4000,5102,0.0
H000484,202505,4000,5102,0.0
H000485,202506,4000,5102,0.0
H000486,202501,4001,5102,0.0
H000487,202502,4001,5102,0.0
H000488,202503,4001,5102,0.0
H000489,202504,4001,5102,0.0
H000490,202505,4001,5102,0.0
H000491,202506,4001,5102,0.0
H000492,202501,4002,5102,0.0
H000493,202502,4002,5102,0.0
H000494,202503,4002,5102,0.0
H000495,202504,4002,5102,0.0
H000496,202505,4002,5102,0.0
H000497,202506,4002,5102,0.0
H000498,202501,4003,5102,0.0
H000499,202502,4003,5102,0.0
H000500,202503,4003,5102,0.0
H000501,202504,4003,5102,0.0
H000502,202505,4003,5102,0.0
H000503,202506,4003,5102,0.0
H000504,202501,4004,5102,0.0
H000505,202502,4004,5102,0.0
H000506,202503,4004,5102,0.0
H000507,202504,4004,5102,0.0
H000508,202505,4004,5102,0.0
H000509,202506,4004,5102,0.0
H000510,202501,4005,5102,0.0
H000511,202502,4005,5102,0.0
H000512,202503,4005,5102,0.0
H000513,202504,4005,5102,0.0
H000514,202505,4005,5102,0.0
H000515,202506,4005,5102,0.0
H000516,202501,4006,5102,0.0
H000517,202502,4006,5102,0.0
H000518,202503,4006,5102,0.0
H000519,202504,4006,5102,0.0
H000520,202505,4006,5102,0.0
H000521,202506,4006,5102,0.0
H000522,202501,4007,5102,0.0
H000523,202502,4007,5102,0.0
H000524,202503,4007,5102,0.0
H000525,202504,4007,5102,0.0
H000526,202505,4007,5102,0.0
H000527,202506,4007,5102,0.0
H000528,202501,4008,5102,0.0
H000529,202502,4008,5102,0.0
H000530,202503,4008,5102,0.0
H000531,202504,4008,5102,0.0
H000532,202505,4008,5102,0.0
H000533,202506,4008,5102,0.0
H000534,202501,4009,5102,0.0
H000535,202502,4009,5102,0.0
H000536,202503,4009,5102,0.0
H000537,202504,4009,5102,0.0
H000538,202505,4009,5102,0.0
H000539,202506,4009,5102,0.0
H000540,202501,4010,5102,0.0
H000541,202502,4010,5102,0.0
H000542,202503,4010,5102,0.0
H000543,202504,4010,5102,0.0
H000544,202505,4010,5102,0.0
H000545,202506,4010,5102,0.0
H000546,202501,4011,5102,0.0
H000547,202502,4011,5102,0.0
H000548,202503,4011,5102,0.0
H000549,202504,4011,5102,0.0
H000550,202505,4011,5102,0.0
H000551,202506,4011,5102,0.0
H000552,202501,4012,5102,0.0
H000553,202502,4012,5102,0.0
H000554,202503,4012,5102,0.0
H000555,202504,4012,5102,0.0
H000556,202505,4012,5102,0.0
H000557,202506,4012,5102,0.0
H000558,202501,4013,5102,0.0
H000559,202502,4013,5102,0.0
H000560,202503,4013,5102,0.0
H000561,202504,4013,5102,0.0
H000562,202505,4013,5102,0.0
H000563,202506,4013,5102,0.0
H000564,202501,4014,5102,0.0
H000565,202502,4014,5102,0.0
H000566,202503,4014,5102,0.0
H000567,202504,4014,5102,0.0
H000568,202505,4014,5102,0.0
H000569,202506,4014,5102,0.0
H000570,202501,4015,5102,0.0
H000571,202502,4015,5102,0.0
H000572,202503,4015,5102,0.0
H000573,202504,4015,5102,0.0
H000574,202505,4015,5102,0.0
H000575,202506,4015,5102,0.0
H000576,202501,4016,5102,0.0
H000577,202502,4016,5102,0.0
H000578,202503,4016,5102,0.0
H000579,202504,4016,5102,0.0
H000580,202505,4016,5102,0.0
H000581,202506,4016,5102,0.0
H000582,202501,4017,5102,0.0
H000583,202502,4017,5102,0.0
H000584,202503,4017,5102,0.0
H000585,202504,4017,5102,0.0
H000586,202505,4017,5102,0.0
H000587,202506,4017,5102,0.0
H000588,202501,4018,5102,0.0
H000589,202502,4018,5102,0.0
H000590,202503,4018,5102,0.0
H000591,202504,4018,5102,0.0
H000592,202505,4018,5102,0.0
H000593,202506,4018,5102,0.0
H000594,202501,4019,5102,0.0
H000595,202502,4019,5102,0.0
H000596,202503,4019,5102,0.0
H000597,202504,4019,5102,0.0
H000598,202505,4019,5102,0.0
H000599,202506,4019,5102,0.0
H000600,202501,4020,5102,0.0
H000601,202502,4020,5102,0.0
H000602,202503,4020,5102,0.0
H000603,202504,4020,5102,0.0
H000604,202505,4020,5102,0.0
H000605,202506,4020,5102,0.0
H000606,202501,4021,5102,0.0
H000607,202502,4021,5102,0.0
H000608,202503,4021,5102,0.0
H000609,202504,4021,5102,0.0
H000610,202505,4021,5102,0.0
H000611,202506,4021,5102,0.0
H000612,202501,4022,5102,0.0
H000613,202502,4022,5102,0.0
H000614,202503,4022,5102,0.0
H000615,202504,4022,5102,0.0
H000616,202505,4022,5102,0.0
H000617,202506,4022,5102,0.0
H000618,202501,4023,5102,0.0
H000619,202502,4023,5102,0.0
H000620,202503,4023,5102,0.0
H000621,202504,4023,5102,0.0
H000622,202505,4023,5102,0.0
H000623,202506,4023,5102,0.0
H000624,202501,4024,5102,0.0
H000625,202502,4024,5102,0.0
H000626,202503,4024,5102,0.0
H000627,202504,4024,5102,0.0
H000628,202505,4024,5102,0.0
H000629,202506,4024,5102,0.0
H000630,202501,4025,5102,0.0
H000631,202502,4025,5102,0.0
H000632,202503,4025,5102,0.0
H000633,202504,4025,5102,0.0
H000634,202505,4025,5102,0.0
H000635,202506,4025,5102,0.0
H000636,202501,4026,5102,0.0
H000637,202502,4026,5102,0.0
H000638,202503,4026,5102,0.0
H000639,202504,4026,5102,0.0
H000640,202505,4026,5102,0.0
H000641,202506,4026,5102,0.0
H000642,202501,4027,5102,0.0
H000643,202502,4027,5102,0.0
H000644,202503,4027,5102,0.0
H000645,202504,4027,5102,0.0
H000646,202505,4027,5102,0.0
H000647,202506,4027,5102,0.0
H000648,202501,4028,5102,0.0
H000649,202502,4028,5102,0.0
H000650,202503,4028,5102,0.0
H000651,202504,4028,5102,0.0
H000652,202505,4028,5102,0.0
H000653,202506,4028,5102,0.0
H000654,202501,4029,5102,0.0
H000655,202502,4029,5102,0.0
H000656,202503,4029,5102,0.0
H000657,202504,4029,5102,0.0
H000658,202505,4029,5102,0.0
H000659,202506,4029,5102,0.0
H000660,202501,4030,5102,0.0
H000661,202502,4030,5102,0.0
H000662,202503,4030,5102,0.0
H000663,202504,4030,5102,0.0
H000664,202505,4030,5102,0.0
H000665,202506,4030,5102,0.0
H000666,202501,4031,5102,0.0
H000667,202502,4031,5102,0.0
H000668,202503,4031,5102,0.0
H000669,202504,4031,5102,0.0
H000670,202505,4031,5102,0.0
H000671,202506,4031,5102,0.0
H000672,202501,4032,5102,0.0
H000673,202502,4032,5102,0.0
H000674,202503,4032,5102,0.0
H000675,202504,4032,5102,0.0
H000676,202505,4032,5102,0.0
H000677,202506,4032,5102,0.0
H000678,202501,4033,5102,0.0
H000679,202502,4033,5102,0.0
H000680,202503,4033,5102,0.0
H000681,202504,4033,5102,0.0
H000682,202505,4033,5102,0.0
H000683,202506,4033,5102,0.0
H000684,202501,4034,5102,0.0
H000685,202502,4034,5102,0.0
H000686,202503,4034,5102,0.0
H000687,202504,4034,5102,0.0
H000688,202505,4034,5102,0.0
H000689,202506,4034,5102,0.0
H000690,202501,4035,5102,0.0
H000691,202502,4035,5102,0.0
H000692,202503,4035,5102,0.0
H000693,202504,4035,5102,0.0
H000694,202505,4035,5102,0.0
H000695,202506,4035,5102,0.0
H000696,202501,4036,5102,0.0
H000697,202502,4036,5102,0.0
H000698,202503,4036,5102,0.0
H000699,202504,4036,5102,0.0
H000700,202505,4036,5102,0.0
H000701,202506,4036,5102,0.0
H000702,202501,4037,5102,0.0
H000703,202502,4037,5102,0.0
H000704,202503,4037,5102,0.0
H000705,202504,4037,5102,0.0
H000706,202505,4037,5102,0.0
H000707,202506,4037,5102,0.0
H000708,202501,4038,5102,0.0
H000709,202502,4038,5102,0.0
H000710,202503,4038,5102,0.0
H000711,202504,4038,5102,0.0
H000712,202505,4038,5102,0.0
H000713,202506,4038,5102,0.0
H000714,202501,4039,5102,0.0
H000715,202502,4039,5102,0.0
H000716,202503,4039,5102,0.0
H000717,202504,4039,5102,0.0
H000718,202505,4039,5102,0.0
H000719,202506,4039,5102,0.0
H000720,202501,4040,5102,0.0
H000721,202502,4040,5102,0.0
H000722,202503,4040,5102,0.0
H000723,202504,4040,5102,0.0
H000724,202505,4040,5102,0.0
H000725,202506,4040,5102,0.0
H000726,202501,4041,5102,0.0
H000727,202502,4041,5102,0.0
H000728,202503,4041,5102,0.0
H000729,202504,4041,5102,0.0
H000730,202505,4041,5102,0.0
H000731,202506,4041,5102,0.0
H000732,202501,4042,5102,0.0
H000733,202502,4042,5102,0.0
H000734,202503,4042,5102,0.0
H000735,202504,4042,5102,0.0
H000736,202505,4042,5102,0.0
H000737,202506,4042,5102,0.0
H000738,202501,4043,5102,0.0
H000739,202502,4043,5102,0.0
H000740,202503,4043,5102,0.0
H000741,202504,4043,5102,0.0
H000742,202505,4043,5102,0.0
H000743,202506,4043,5102,0.0
H000744,202501,4044,5102,0.0
H000745,202502,4044,5102,0.0
H000746,202503,4044,5102,0.0
H000747,202504,4044,5102,0.0
H000748,202505,4044,5102,0.0
H000749,202506,4044,5102,0.0
H000750,202501,4045,5102,0.0
H000751,202502,4045,5102,0.0
H000752,202503,4045,5102,0.0
H000753,202504,4045,5102,0.0
H000754,202505,4045,5102,0.0
H000755,202506,4045,5102,0.0
H000756,202501,4046,5102,0.0
H000757,202502,4046,5102,0.0
H000758,202503,4046,5102,0.0
H000759,202504,4046,5102,0.0
H000760,202505,4046,5102,0.0
H000761,202506,4046,5102,0.0
H000762,202501,4047,5102,0.0
H000763,202502,4047,5102,0.0
H000764,202503,4047,5102,0.0
H000765,202504,4047,5102,0.0
H000766,202505,4047,5102,0.0
H000767,202506,4047,5102,0.0
H000768,202501,4048,5102,0.0
H000769,202502,4048,5102,0.0
H000770,202503,4048,5102,0.0
H000771,202504,4048,5102,0.0
H000772,202505,4048,5102,0.0
H000773,202506,4048,5102,0.0
H000774,202501,4049,5102,0.0
H000775,202502,4049,5102,0.0
H000776,202503,4049,5102,0.0
H000777,202504,4049,5102,0.0
H000778,202505,4049,5102,0.0
H000779,202506,4049,5102,0.0
H000780,202501,4050,5102,0.0
H000781,202502,4050,5102,0.0
H000782,202503,4050,5102,0.0
H000783,202504,4050,5102,0.0
H000784,202505,4050,5102,0.0
H000785,202506,4050,5102,0.0
H000786,202501,4051,5102,0.0
H000787,202502,4051,5102,0.0
H000788,202503,4051,5102,0.0
H000789,202504,4051,5102,0.0
H000790,202505,4051,5102,0.0
H000791,202506,4051,5102,0.0
H000792,202501,4052,5102,0.0
H000793,202502,4052,5102,0.0
H000794,202503,4052,5102,0.0
H000795,202504,4052,5102,0.0
H000796,202505,4052,5102,0.0
H000797,202506,4052,5102,0.0
H000798,202501,4053,5102,0.0
H000799,202502,4053,5102,0.0
H000800,202503,4053,5102,0.0
H000801,202504,4053,5102,0.0
H000802,202505,4053,5102,0.0
H000803,202506,4053,5102,0.0
H000804,202501,4054,5102,0.0
H000805,202502,4054,5102,0.0
H000806,202503,4054,5102,0.0
H000807,202504,4054,5102,0.0
H000808,202505,4054,5102,0.0
H000809,202506,4054,5102,0.0
H000810,202501,4055,5102,0.0
H000811,202502,4055,5102,0.0
H000812,202503,4055,5102,0.0
H000813,202504,4055,5102,0.0
H000814,202505,4055,5102,0.0
H000815,202506,4055,5102,0.0
H000816,202501,4056,5102,0.0
H000817,202502,4056,5102,0.0
H000818,202503,4056,5102,0.0
H000819,202504,4056,5102,0.0
H000820,202505,4056,5102,0.0
H000821,202506,4056,5102,0.0
H000822,202501,4057,5102,0.0
H000823,202502,4057,5102,0.0
H000824,202503,4057,5102,0.0
H000825,202504,4057,5102,0.0
H000826,202505,4057,5102,0.0
H000827,202506,4057,5102,0.0
H000828,202501,4058,5102,0.0
H000829,202502,4058,5102,0.0
H000830,202503,4058,5102,0.0
H000831,202504,4058,5102,0.0
H000832,202505,4058,5102,0.0
H000833,202506,4058,5102,0.0
H000834,202501,4059,5102,0.0
H000835,202502,4059,5102,0.0
H000836,202503,4059,5102,0.0
H000837,202504,4059,5102,0.0
H000838,202505,4059,5102,0.0
H000839,202506,4059,5102,0.0
H000840,202501,4060,5102,0.0
H000841,202502,4060,5102,0.0
H000842,202503,4060,5102,0.0
H000843,202504,4060,5102,0.0
H000844,202505,4060,5102,0.0
H000845,202506,4060,5102,0.0
H000846,202501,4061,5102,0.0
H000847,202502,4061,5102,0.0
H000848,202503,4061,5102,0.0
H000849,202504,4061,5102,0.0
H000850,202505,4061,5102,0.0
H000851,202506,4061,5102,0.0
H000852,202501,4062,5102,0.0
H000853,202502,4062,5102,0.0
H000854,202503,4062,5102,0.0
H000855,202504,4062,5102,0.0
H000856,202505,4062,5102,0.0
H000857,202506,4062,5102,0.0
H000858,202501,4063,5102,0.0
H000859,202502,4063,5102,0.0
H000860,202503,4063,5102,0.0
H000861,202504,4063,5102,0.0
H000862,202505,4063,5102,0.0
H000863,202506,4063,5102,0.0
H000864,202501,4064,5102,0.0
H000865,202502,4064,5102,0.0
H000866,202503,4064,5102,0.0
H000867,202504,4064,5102,0.0
H000868,202505,4064,5102,0.0
H000869,202506,4064,5102,0.0
H000870,202501,4065,5102,0.0
H000871,202502,4065,5102,0.0
H000872,202503,4065,5102,0.0
H000873,202504,4065,5102,0.0
H000874,202505,4065,5102,0.0
H000875,202506,4065,5102,0.0
H000876,202501,4066,5102,0.0
H000877,202502,4066,5102,0.0
H000878,202503,4066,5102,0.0
H000879,202504,4066,5102,0.0
H000880,202505,4066,5102,0.0
H000881,202506,4066,5102,0.0
H000882,202501,4067,5102,0.0
H000883,202502,4067,5102,0.0
H000884,202503,4067,5102,0.0
H000885,202504,4067,5102,0.0
H000886,202505,4067,5102,0.0
H000887,202506,4067,5102,0.0
H000888,202501,4068,5102,0.0
H000889,202502,4068,5102,0.0
H000890,202503,4068,5102,0.0
H000891,202504,4068,5102,0.0
H000892,202505,4068,5102,0.0
H000893,202506,4068,5102,0.0
H000894,202501,4069,5102,0.0
H000895,202502,4069,5102,0.0
H000896,202503,4069,5102,0.0
H000897,202504,4069,5102,0.0
H000898,202505,4069,5102,0.0
H000899,202506,4069,5102,0.0
H000900,202501,4070,5102,0.0
H000901,202502,4070,5102,0.0
H000902,202503,4070,5102,0.0
H000903,202504,4070,5102,0.0
H000904,202505,4070,5102,0.0
H000905,202506,4070,5102,0.0
H000906,202501,4071,5102,0.0
H000907,202502,4071,5102,0.0
H000908,202503,4071,5102,0.0
H000909,202504,4071,5102,0.0
H000910,202505,4071,5102,0.0
H000911,202506,4071,5102,0.0
H000912,202501,4072,5102,0.0
H000913,202502,4072,5102,0.0
H000914,202503,4072,5102,0.0
H000915,202504,4072,5102,0.0
H000916,202505,4072,5102,0.0
H000917,202506,4072,5102,0.0
H000918,202501,4073,5102,0.0
H000919,202502,4073,5102,0.0
H000920,202503,4073,5102,0.0
H000921,202504,4073,5102,0.0
H000922,202505,4073,5102,0.0
H000923,202506,4073,5102,0.0
H000924,202501,4074,5102,0.0
H000925,202502,4074,5102,0.0
H000926,202503,4074,5102,0.0
H000927,202504,4074,5102,0.0
H000928,202505,4074,5102,0.0
H000929,202506,4074,5102,0.0
H000930,202501,4075,5102,0.0
H000931,202502,4075,5102,0.0
H000932,202503,4075,5102,0.0
H000933,202504,4075,5102,0.0
H000934,202505,4075,5102,0.0
H000935,202506,4075,5102,0.0
H000936,202501,4076,5102,0.0
H000937,202502,4076,5102,0.0
H000938,202503,4076,5102,0.0
H000939,202504,4076,5102,0.0
H000940,202505,4076,5102,0.0
H000941,202506,4076,5102,0.0
H000942,202501,4077,5102,0.0
H000943,202502,4077,5102,0.0
H000944,202503,4077,5102,0.0
H000945,202504,4077,5102,0.0
H000946,202505,4077,5102,0.0
H000947,202506,4077,5102,0.0
H000948,202501,4078,5102,0.0
H000949,202502,4078,5102,0.0
H000950,202503,4078,5102,0.0
H000951,202504,4078,5102,0.0
H000952,202505,4078,5102,0.0
H000953,202506,4078,5102,0.0
H000954,202501,4079,5102,0.0
H000955,202502,4079,5102,0.0
H000956,202503,4079,5102,0.0
H000957,202504,4079,5102,0.0
H000958,202505,4079,5102,0.0
H000959,202506,4079,5102,0.0
H000960,202501,4000,5105,0.0
H000961,202502,4000,5105,0.0
H000962,202503,4000,5105,0.0
H000963,202504,4000,5105,0.0
H000964,202505,4000,5105,0.0
H000965,202506,4000,5105,0.0
H000966,202501,4001,5105,0.0
H000967,202502,4001,5105,0.0
H000968,202503,4001,5105,0.0
H000969,202504,4001,5105,0.0
H000970,202505,4001,5105,0.0
H000971,202506,4001,5105,0.0
H000972,202501,4002,5105,0.0
H000973,202502,4002,5105,0.0
H000974,202503,4002,5105,0.0
H000975,202504,4002,5105,0.0
H000976,202505,4002,5105,0.0
H000977,202506,4002,5105,0.0
H000978,202501,4003,5105,0.0
H000979,202502,4003,5105,0.0
H000980,202503,4003,5105,0.0
H000981,202504,4003,5105,0.0
H000982,202505,4003,5105,0.0
H000983,202506,4003,5105,0.0
H000984,202501,4004,5105,0.0
H000985,202502,4004,5105,0.0
H000986,202503,4004,5105,0.0
H000987,202504,4004,5105,0.0
H000988,202505,4004,5105,0.0
H000989,202506,4004,5105,0.0
H000990,202501,4005,5105,0.0
H000991,202502,4005,5105,0.0
H000992,202503,4005,5105,0.0
H000993,202504,4005,5105,0.0
H000994,202505,4005,5105,0.0
H000995,202506,4005,5105,0.0
H000996,202501,4006,5105,0.0
H000997,202502,4006,5105,0.0
H000998,202503,4006,5105,0.0
H000999,202504,4006,5105,0.0
H001000,202505,4006,5105,0.0
H001001,202506,4006,5105,0.0
H001002,202501,4007,5105,0.0
H001003,202502,4007,5105,0.0
H001004,202503,4007,5105,0.0
H001005,202504,4007,5105,0.0
H001006,202505,4007,5105,0.0
H001007,202506,4007,5105,0.0
H001008,202501,4008,5105,0.0
H001009,202502,4008,5105,0.0
H001010,202503,4008,5105,0.0
H001011,202504,4008,5105,0.0
H001012,202505,4008,5105,0.0
H001013,202506,4008,5105,0.0
H001014,202501,4009,5105,0.0
H001015,202502,4009,5105,0.0
H001016,202503,4009,5105,0.0
H001017,202504,4009,5105,0.0
H001018,202505,4009,5105,0.0
H001019,202506,4009,5105,0.0
H001020,202501,4010,5105,0.0
H001021,202502,4010,5105,0.0
H001022,202503,4010,5105,0.0
H001023,202504,4010,5105,0.0
H001024,202505,4010,5105,0.0
H001025,202506,4010,5105,0.0
H001026,202501,4011,5105,0.0
H001027,202502,4011,5105,0.0
H001028,202503,4011,5105,0.0
H001029,202504,4011,5105,0.0
H001030,202505,4011,5105,0.0
H001031,202506,4011,5105,0.0
H001032,202501,4012,5105,0.0
H001033,202502,4012,5105,0.0
H001034,202503,4012,5105,0.0
H001035,202504,4012,5105,0.0
H001036,202505,4012,5105,0.0
H001037,202506,4012,5105,0.0
H001038,202501,4013,5105,0.0
H001039,202502,4013,5105,0.0
H001040,202503,4013,5105,0.0
H001041,202504,4013,5105,0.0
H001042,202505,4013,5105,0.0
H001043,202506,4013,5105,0.0
H001044,202501,4014,5105,0.0
H001045,202502,4014,5105,0.0
H001046,202503,4014,5105,0.0
H001047,202504,4014,5105,0.0
H001048,202505,4014,5105,0.0
H001049,202506,4014,5105,0.0
H001050,202501,4015,5105,0.0
H001051,202502,4015,5105,0.0
H001052,202503,4015,5105,0.0
H001053,202504,4015,5105,0.0
H001054,202505,4015,5105,0.0
H001055,202506,4015,5105,0.0
H001056,202501,4016,5105,0.0
H001057,202502,4016,5105,0.0
H001058,202503,4016,5105,0.0
H001059,202504,4016,5105,0.0
H001060,202505,4016,5105,0.0
H001061,202506,4016,5105,0.0
H001062,202501,4017,5105,0.0
H001063,202502,4017,5105,0.0
H001064,202503,4017,5105,0.0
H001065,202504,4017,5105,0.0
H001066,202505,4017,5105,0.0
H001067,202506,4017,5105,0.0
H001068,202501,4018,5105,0.0
H001069,202502,4018,5105,0.0
H001070,202503,4018,5105,0.0
H001071,202504,4018,5105,0.0
H001072,202505,4018,5105,0.0
H001073,202506,4018,5105,0.0
H001074,202501,4019,5105,0.0
H001075,202502,4019,5105,0.0
H001076,202503,4019,5105,0.0
H001077,202504,4019,5105,0.0
H001078,202505,4019,5105,0.0
H001079,202506,4019,5105,0.0
H001080,202501,4020,5105,0.0
H001081,202502,4020,5105,0.0
H001082,202503,4020,5105,0.0
H001083,202504,4020,5105,0.0
H001084,202505,4020,5105,0.0
H001085,202506,4020,5105,0.0
H001086,202501,4021,5105,0.0
H001087,202502,4021,5105,0.0
H001088,202503,4021,5105,0.0
H001089,202504,4021,5105,0.0
H001090,202505,4021,5105,0.0
H001091,202506,4021,5105,0.0
H001092,202501,4022,5105,0.0
H001093,202502,4022,5105,0.0
H001094,202503,4022,5105,0.0
H001095,202504,4022,5105,0.0
H001096,202505,4022,5105,0.0
H001097,202506,4022,5105,0.0
H001098,202501,4023,5105,0.0
H001099,202502,4023,5105,0.0
H001100,202503,4023,5105,0.0
H001101,202504,4023,5105,0.0
H001102,202505,4023,5105,0.0
H001103,202506,4023,5105,0.0
H001104,202501,4024,5105,0.0
H001105,202502,4024,5105,0.0
H001106,202503,4024,5105,0.0
H001107,202504,4024,5105,0.0
H001108,202505,4024,5105,0.0
H001109,202506,4024,5105,0.0
H001110,202501,4025,5105,0.0
H001111,202502,4025,5105,0.0
H001112,202503,4025,5105,0.0
H001113,202504,4025,5105,0.0
H001114,202505,4025,5105,0.0
H001115,202506,4025,5105,0.0
H001116,202501,4026,5105,0.0
H001117,202502,4026,5105,0.0
H001118,202503,4026,5105,0.0
H001119,202504,4026,5105,0.0
H001120,202505,4026,5105,0.0
H001121,202506,4026,5105,0.0
H001122,202501,4027,5105,0.0
H001123,202502,4027,5105,0.0
H001124,202503,4027,5105,0.0
H001125,202504,4027,5105,0.0
H001126,202505,4027,5105,0.0
H001127,202506,4027,5105,0.0
H001128,202501,4028,5105,0.0
H001129,202502,4028,5105,0.0
H001130,202503,4028,5105,0.0
H001131,202504,4028,5105,0.0
H001132,202505,4028,5105,0.0
H001133,202506,4028,5105,0.0
H001134,202501,4029,5105,0.0
H001135,202502,4029,5105,0.0
H001136,202503,4029,5105,0.0
H001137,202504,4029,5105,0.0
H001138,202505,4029,5105,0.0
H001139,202506,4029,5105,0.0
H001140,202501,4030,5105,0.0
H001141,202502,4030,5105,0.0
H001142,202503,4030,5105,0.0
H001143,202504,4030,5105,0.0
H001144,202505,4030,5105,0.0
H001145,202506,4030,5105,0.0
H001146,202501,4031,5105,0.0
H001147,202502,4031,5105,0.0
H001148,202503,4031,5105,0.0
H001149,202504,4031,5105,0.0
H001150,202505,4031,5105,0.0
H001151,202506,4031,5105,0.0
H001152,202501,4032,5105,0.0
H001153,202502,4032,5105,0.0
H001154,202503,4032,5105,0.0
H001155,202504,4032,5105,0.0
H001156,202505,4032,5105,0.0
H001157,202506,4032,5105,0.0
H001158,202501,4033,5105,0.0
H001159,202502,4033,5105,0.0
H001160,202503,4033,5105,0.0
H001161,202504,4033,5105,0.0
H001162,202505,4033,5105,0.0
H001163,202506,4033,5105,0.0
H001164,202501,4034,5105,0.0
H001165,202502,4034,5105,0.0
H001166,202503,4034,5105,0.0
H001167,202504,4034,5105,0.0
H001168,202505,4034,5105,0.0
H001169,202506,4034,5105,0.0
H001170,202501,4035,5105,0.0
H001171,202502,4035,5105,0.0
H001172,202503,4035,5105,0.0
H001173,202504,4035,5105,0.0
H001174,202505,4035,5105,0.0
H001175,202506,4035,5105,0.0
H001176,202501,4036,5105,0.0
H001177,202502,4036,5105,0.0
H001178,202503,4036,5105,0.0
H001179,202504,4036,5105,0.0
H001180,202505,4036,5105,0.0
H001181,202506,4036,5105,0.0
H001182,202501,4037,5105,0.0
H001183,202502,4037,5105,0.0
H001184,202503,4037,5105,0.0
H001185,202504,4037,5105,0.0
H001186,202505,4037,5105,0.0
H001187,202506,4037,5105,0.0
H001188,202501,4038,5105,0.0
H001189,202502,4038,5105,0.0
H001190,202503,4038,5105,0.0
H001191,202504,4038,5105,0.0
H001192,202505,4038,5105,0.0
H001193,202506,4038,5105,0.0
H001194,202501,4039,5105,0.0
H001195,202502,4039,5105,0.0
H001196,202503,4039,5105,0.0
H001197,202504,4039,5105,0.0
H001198,202505,4039,5105,0.0
H001199,202506,4039,5105,0.0
H001200,202501,4040,5105,0.0
H001201,202502,4040,5105,0.0
H001202,202503,4040,5105,0.0
H001203,202504,4040,5105,0.0
H001204,202505,4040,5105,0.0
H001205,202506,4040,5105,0.0
H001206,202501,4041,5105,0.0
H001207,202502,4041,5105,0.0
H001208,202503,4041,5105,0.0
H001209,202504,4041,5105,0.0
H001210,202505,4041,5105,0.0
H001211,202506,4041,5105,0.0
H001212,202501,4042,5105,0.0
H001213,202502,4042,5105,0.0
H001214,202503,4042,5105,0.0
H001215,202504,4042,5105,0.0
H001216,202505,4042,5105,0.0
H001217,202506,4042,5105,0.0
H001218,202501,4043,5105,0.0
H001219,202502,4043,5105,0.0
H001220,202503,4043,5105,0.0
H001221,202504,4043,5105,0.0
H001222,202505,4043,5105,0.0
H001223,202506,4043,5105,0.0
H001224,202501,4044,5105,0.0
H001225,202502,4044,5105,0.0
H001226,202503,4044,5105,0.0
H001227,202504,4044,5105,0.0
H001228,202505,4044,5105,0.0
H001229,202506,4044,5105,0.0
H001230,202501,4045,5105,0.0
H001231,202502,4045,5105,0.0
H001232,202503,4045,5105,0.0
H001233,202504,4045,5105,0.0
H001234,202505,4045,5105,0.0
H001235,202506,4045,5105,0.0
H001236,202501,4046,5105,0.0
H001237,202502,4046,5105,0.0
H001238,202503,4046,5105,0.0
H001239,202504,4046,5105,0.0
H001240,202505,4046,5105,0.0
H001241,202506,4046,5105,0.0
H001242,202501,4047,5105,0.0
H001243,202502,4047,5105,0.0
H001244,202503,4047,5105,0.0
H001245,202504,4047,5105,0.0
H001246,202505,4047,5105,0.0
H001247,202506,4047,5105,0.0
H001248,202501,4048,5105,0.0
H001249,202502,4048,5105,0.0
H001250,202503,4048,5105,0.0
H001251,202504,4048,5105,0.0
H001252,202505,4048,5105,0.0
H001253,202506,4048,5105,0.0
H001254,202501,4049,5105,0.0
H001255,202502,4049,5105,0.0
H001256,202503,4049,5105,0.0
H001257,202504,4049,5105,0.0
H001258,202505,4049,5105,0.0
H001259,202506,4049,5105,0.0
H001260,202501,4050,5105,0.0
H001261,202502,4050,5105,0.0
H001262,202503,4050,5105,0.0
H001263,202504,4050,5105,0.0
H001264,202505,4050,5105,0.0
H001265,202506,4050,5105,0.0
H001266,202501,4051,5105,0.0
H001267,202502,4051,5105,0.0
H001268,202503,4051,5105,0.0
H001269,202504,4051,5105,0.0
H001270,202505,4051,5105,0.0
H001271,202506,4051,5105,0.0
H001272,202501,4052,5105,0.0
H001273,202502,4052,5105,0.0
H001274,202503,4052,5105,0.0
H001275,202504,4052,5105,0.0
H001276,202505,4052,5105,0.0
H001277,202506,4052,5105,0.0
H001278,202501,4053,5105,0.0
H001279,202502,4053,5105,0.0
H001280,202503,4053,5105,0.0
H001281,202504,4053,5105,0.0
H001282,202505,4053,5105,0.0
H001283,202506,4053,5105,0.0
H001284,202501,4054,5105,0.0
H001285,202502,4054,5105,0.0
H001286,202503,4054,5105,0.0
H001287,202504,4054,5105,0.0
H001288,202505,4054,5105,0.0
H001289,202506,4054,5105,0.0
H001290,202501,4055,5105,0.0
H001291,202502,4055,5105,0.0
H001292,202503,4055,5105,0.0
H001293,202504,4055,5105,0.0
H001294,202505,4055,5105,0.0
H001295,202506,4055,5105,0.0
H001296,202501,4056,5105,0.0
H001297,202502,4056,5105,0.0
H001298,202503,4056,5105,0.0
H001299,202504,4056,5105,0.0
H001300,202505,4056,5105,0.0
H001301,202506,4056,5105,0.0
H001302,202501,4057,5105,0.0
H001303,202502,4057,5105,0.0
H001304,202503,4057,5105,0.0
H001305,202504,4057,5105,0.0
H001306,202505,4057,5105,0.0
H001307,202506,4057,5105,0.0
H001308,202501,4058,5105,0.0
H001309,202502,4058,5105,0.0
H001310,202503,4058,5105,0.0
H001311,202504,4058,5105,0.0
H001312,202505,4058,5105,0.0
H001313,202506,4058,5105,0.0
H001314,202501,4059,5105,0.0
H001315,202502,4059,5105,0.0
H001316,202503,4059,5105,0.0
H001317,202504,4059,5105,0.0
H001318,202505,4059,5105,0.0
H001319,202506,4059,5105,0.0
H001320,202501,4060,5105,0.0
H001321,202502,4060,5105,0.0
H001322,202503,4060,5105,0.0
H001323,202504,4060,5105,0.0
H001324,202505,4060,5105,0.0
H001325,202506,4060,5105,0.0
H001326,202501,4061,5105,0.0
H001327,202502,4061,5105,0.0
H001328,202503,4061,5105,0.0
H001329,202504,4061,5105,0.0
H001330,202505,4061,5105,0.0
H001331,202506,4061,5105,0.0
H001332,202501,4062,5105,0.0
H001333,202502,4062,5105,0.0
H001334,202503,4062,5105,0.0
H001335,202504,4062,5105,0.0
H001336,202505,4062,5105,0.0
H001337,202506,4062,5105,0.0
H001338,202501,4063,5105,0.0
H001339,202502,4063,5105,0.0
H001340,202503,4063,5105,0.0
H001341,202504,4063,5105,0.0
H001342,202505,4063,5105,0.0
H001343,202506,4063,5105,0.0
H001344,202501,4064,5105,0.0
H001345,202502,4064,5105,0.0
H001346,202503,4064,5105,0.0
H001347,202504,4064,5105,0.0
H001348,202505,4064,5105,0.0
H001349,202506,4064,5105,0.0
H001350,202501,4065,5105,0.0
H001351,202502,4065,5105,0.0
H001352,202503,4065,5105,0.0
H001353,202504,4065,5105,0.0
H001354,202505,4065,5105,0.0
H001355,202506,4065,5105,0.0
H001356,202501,4066,5105,0.0
H001357,202502,4066,5105,0.0
H001358,202503,4066,5105,0.0
H001359,202504,4066,5105,0.0
H001360,202505,4066,5105,0.0
H001361,202506,4066,5105,0.0
H001362,202501,4067,5105,0.0
H001363,202502,4067,5105,0.0
H001364,202503,4067,5105,0.0
H001365,202504,4067,5105,0.0
H001366,202505,4067,5105,0.0
H001367,202506,4067,5105,0.0
H001368,202501,4068,5105,0.0
H001369,202502,4068,5105,0.0
H001370,202503,4068,5105,0.0
H001371,202504,4068,5105,0.0
H001372,202505,4068,5105,0.0
H001373,202506,4068,5105,0.0
H001374,202501,4069,5105,0.0
H001375,202502,4069,5105,0.0
H001376,202503,4069,5105,0.0
H001377,202504,4069,5105,0.0
H001378,202505,4069,5105,0.0
H001379,202506,4069,5105,0.0
H001380,202501,4070,5105,0.0
H001381,202502,4070,5105,0.0
H001382,202503,4070,5105,0.0
H001383,202504,4070,5105,0.0
H001384,202505,4070,5105,0.0
H001385,202506,4070,5105,0.0
H001386,202501,4071,5105,0.0
H001387,202502,4071,5105,0.0
H001388,202503,4071,5105,0.0
H001389,202504,4071,5105,0.0
H001390,202505,4071,5105,0.0
H001391,202506,4071,5105,0.0
H001392,202501,4072,5105,0.0
H001393,202502,4072,5105,0.0
H001394,202503,4072,5105,0.0
H001395,202504,4072,5105,0.0
H001396,202505,4072,5105,0.0
H001397,202506,4072,5105,0.0
H001398,202501,4073,5105,0.0
H001399,202502,4073,5105,0.0
H001400,202503,4073,5105,0.0
H001401,202504,4073,5105,0.0
H001402,202505,4073,5105,0.0
H001403,202506,4073,5105,0.0
H001404,202501,4074,5105,0.0
H001405,202502,4074,5105,0.0
H001406,202503,4074,5105,0.0
H001407,202504,4074,5105,0.0
H001408,202505,4074,5105,0.0
H001409,202506,4074,5105,0.0
H001410,202501,4075,5105,0.0
H001411,202502,4075,5105,0.0
H001412,202503,4075,5105,0.0
H001413,202504,4075,5105,0.0
H001414,202505,4075,5105,0.0
H001415,202506,4075,5105,0.0
H001416,202501,4076,5105,0.0
H001417,202502,4076,5105,0.0
H001418,202503,4076,5105,0.0
H001419,202504,4076,5105,0.0
H001420,202505,4076,5105,0.0
H001421,202506,4076,5105,0.0
H001422,202501,4077,5105,0.0
H001423,202502,4077,5105,0.0
H001424,202503,4077,5105,0.0
H001425,202504,4077,5105,0.0
H001426,202505,4077,5105,0.0
H001427,202506,4077,5105,0.0
H001428,202501,4078,5105,0.0
H001429,202502,4078,5105,0.0
H001430,202503,4078,5105,0.0
H001431,202504,4078,5105,0.0
H001432,202505,4078,5105,0.0
H001433,202506,4078,5105,0.0
H001434,202501,4079,5105,0.0
H001435,202502,4079,5105,0.0
H001436,202503,4079,5105,0.0
H001437,202504,4079,5105,0.0
H001438,202505,4079,5105,0.0
H001439,202506,4079,5105,0.0
H001440,202501,4000,5109,0.0
H001441,202502,4000,5109,0.0
H001442,202503,4000,5109,0.0
H001443,202504,4000,5109,0.0
H001444,202505,4000,5109,0.0
H001445,202506,4000,5109,0.0
H001446,202501,4001,5109,0.0
H001447,202502,4001,5109,0.0
H001448,202503,4001,5109,0.0
H001449,202504,4001,5109,0.0
H001450,202505,4001,5109,0.0
H001451,202506,4001,5109,0.0
H001452,202501,4002,5109,0.0
H001453,202502,4002,5109,0.0
H001454,202503,4002,5109,0.0
H001455,202504,4002,5109,0.0
H001456,202505,4002,5109,0.0
H001457,202506,4002,5109,0.0
H001458,202501,4003,5109,0.0
H001459,202502,4003,5109,0.0
H001460,202503,4003,5109,0.0
H001461,202504,4003,5109,0.0
H001462,202505,4003,5109,0.0
H001463,202506,4003,5109,0.0
H001464,202501,4004,5109,0.0
H001465,202502,4004,5109,0.0
H001466,202503,4004,5109,0.0
H001467,202504,4004,5109,0.0
H001468,202505,4004,5109,0.0
H001469,202506,4004,5109,0.0
H001470,202501,4005,5109,0.0
H001471,202502,4005,5109,0.0
H001472,202503,4005,5109,0.0
H001473,202504,4005,5109,0.0
H001474,202505,4005,5109,0.0
H001475,202506,4005,5109,0.0
H001476,202501,4006,5109,0.0
H001477,202502,4006,5109,0.0
H001478,202503,4006,5109,0.0
H001479,202504,4006,5109,0.0
H001480,202505,4006,5109,0.0
H001481,202506,4006,5109,0.0
H001482,202501,4007,5109,0.0
H001483,202502,4007,5109,0.0
H001484,202503,4007,5109,0.0
H001485,202504,4007,5109,0.0
H001486,202505,4007,5109,0.0
H001487,202506,4007,5109,0.0
H001488,202501,4008,5109,0.0
H001489,202502,4008,5109,0.0
H001490,202503,4008,5109,0.0
H001491,202504,4008,5109,0.0
H001492,202505,4008,5109,0.0
H001493,202506,4008,5109,0.0
H001494,202501,4009,5109,0.0
H001495,202502,4009,5109,0.0
H001496,202503,4009,5109,0.0
H001497,202504,4009,5109,0.0
H001498,202505,4009,5109,0.0
H001499,202506,4009,5109,0.0
H001500,202501,4010,5109,0.0
H001501,202502,4010,5109,0.0
H001502,202503,4010,5109,0.0
H001503,202504,4010,5109,0.0
H001504,202505,4010,5109,0.0
H001505,202506,4010,5109,0.0
H001506,202501,4011,5109,0.0
H001507,202502,4011,5109,0.0
H001508,202503,4011,5109,0.0
H001509,202504,4011,5109,0.0
H001510,202505,4011,5109,0.0
H001511,202506,4011,5109,0.0
H001512,202501,4012,5109,0.0
H001513,202502,4012,5109,0.0
H001514,202503,4012,5109,0.0
H001515,202504,4012,5109,0.0
H001516,202505,4012,5109,0.0
H001517,202506,4012,5109,0.0
H001518,202501,4013,5109,0.0
H001519,202502,4013,5109,0.0
H001520,202503,4013,5109,0.0
H001521,202504,4013,5109,0.0
H001522,202505,4013,5109,0.0
H001523,202506,4013,5109,0.0
H001524,202501,4014,5109,0.0
H001525,202502,4014,5109,0.0
H001526,202503,4014,5109,0.0
H001527,202504,4014,5109,0.0
H001528,202505,4014,5109,0.0
H001529,202506,4014,5109,0.0
H001530,202501,4015,5109,0.0
H001531,202502,4015,5109,0.0
H001532,202503,4015,5109,0.0
H001533,202504,4015,5109,0.0
H001534,202505,4015,5109,0.0
H001535,202506,4015,5109,0.0
H001536,202501,4016,5109,0.0
H001537,202502,4016,5109,0.0
H001538,202503,4016,5109,0.0
H001539,202504,4016,5109,0.0
H001540,202505,4016,5109,0.0
H001541,202506,4016,5109,0.0
H001542,202501,4017,5109,0.0
H001543,202502,4017,5109,0.0
H001544,202503,4017,5109,0.0
H001545,202504,4017,5109,0.0
H001546,202505,4017,5109,0.0
H001547,202506,4017,5109,0.0
H001548,202501,4018,5109,0.0
H001549,202502,4018,5109,0.0
H001550,202503,4018,5109,0.0
H001551,202504,4018,5109,0.0
H001552,202505,4018,5109,0.0
H001553,202506,4018,5109,0.0
H001554,202501,4019,5109,0.0
H001555,202502,4019,5109,0.0
H001556,202503,4019,5109,0.0
H001557,202504,4019,5109,0.0
H001558,202505,4019,5109,0.0
H001559,202506,4019,5109,0.0
H001560,202501,4020,5109,0.0
H001561,202502,4020,5109,0.0
H001562,202503,4020,5109,0.0
H001563,202504,4020,5109,0.0
H001564,202505,4020,5109,0.0
H001565,202506,4020,5109,0.0
H001566,202501,4021,5109,0.0
H001567,202502,4021,5109,0.0
H001568,202503,4021,5109,0.0
H001569,202504,4021,5109,0.0
H001570,202505,4021,5109,0.0
H001571,202506,4021,5109,0.0
H001572,202501,4022,5109,0.0
H001573,202502,4022,5109,0.0
H001574,202503,4022,5109,0.0
H001575,202504,4022,5109,0.0
H001576,202505,4022,5109,0.0
H001577,202506,4022,5109,0.0
H001578,202501,4023,5109,0.0
H001579,202502,4023,5109,0.0
H001580,202503,4023,5109,0.0
H001581,202504,4023,5109,0.0
H001582,202505,4023,5109,0.0
H001583,202506,4023,5109,0.0
H001584,202501,4024,5109,0.0
H001585,202502,4024,5109,0.0
H001586,202503,4024,5109,0.0
H001587,202504,4024,5109,0.0
H001588,202505,4024,5109,0.0
H001589,202506,4024,5109,0.0
H001590,202501,4025,5109,0.0
H001591,202502,4025,5109,0.0
H001592,202503,4025,5109,0.0
H001593,202504,4025,5109,0.0
H001594,202505,4025,5109,0.0
H001595,202506,4025,5109,0.0
H001596,202501,4026,5109,0.0
H001597,202502,4026,5109,0.0
H001598,202503,4026,5109,0.0
H001599,202504,4026,5109,0.0
H001600,202505,4026,5109,0.0
H001601,202506,4026,5109,0.0
H001602,202501,4027,5109,0.0
H001603,202502,4027,5109,0.0
H001604,202503,4027,5109,0.0
H001605,202504,4027,5109,0.0
H001606,202505,4027,5109,0.0
H001607,202506,4027,5109,0.0
H001608,202501,4028,5109,0.0
H001609,202502,4028,5109,0.0
H001610,202503,4028,5109,0.0
H001611,202504,4028,5109,0.0
H001612,202505,4028,5109,0.0
H001613,202506,4028,5109,0.0
H001614,202501,4029,5109,0.0
H001615,202502,4029,5109,0.0
H001616,202503,4029,5109,0.0
H001617,202504,4029,5109,0.0
H001618,202505,4029,5109,0.0
H001619,202506,4029,5109,0.0
H001620,202501,4030,5109,0.0
H001621,202502,4030,5109,0.0
H001622,202503,4030,5109,0.0
H001623,202504,4030,5109,0.0
H001624,202505,4030,5109,0.0
H001625,202506,4030,5109,0.0
H001626,202501,4031,5109,0.0
H001627,202502,4031,5109,0.0
H001628,202503,4031,5109,0.0
H001629,202504,4031,5109,0.0
H001630,202505,4031,5109,0.0
H001631,202506,4031,5109,0.0
H001632,202501,4032,5109,0.0
H001633,202502,4032,5109,0.0
H001634,202503,4032,5109,0.0
H001635,202504,4032,5109,0.0
H001636,202505,4032,5109,0.0
H001637,202506,4032,5109,0.0
H001638,202501,4033,5109,0.0
H001639,202502,4033,5109,0.0
H001640,202503,4033,5109,0.0
H001641,202504,4033,5109,0.0
H001642,202505,4033,5109,0.0
H001643,202506,4033,5109,0.0
H001644,202501,4034,5109,0.0
H001645,202502,4034,5109,0.0
H001646,202503,4034,5109,0.0
H001647,202504,4034,5109,0.0
H001648,202505,4034,5109,0.0
H001649,202506,4034,5109,0.0
H001650,202501,4035,5109,0.0
H001651,202502,4035,5109,0.0
H001652,202503,4035,5109,0.0
H001653,202504,4035,5109,0.0
H001654,202505,4035,5109,0.0
H001655,202506,4035,5109,0.0
H001656,202501,4036,5109,0.0
H001657,202502,4036,5109,0.0
H001658,202503,4036,5109,0.0
H001659,202504,4036,5109,0.0
H001660,202505,4036,5109,0.0
H001661,202506,4036,5109,0.0
H001662,202501,4037,5109,0.0
H001663,202502,4037,5109,0.0
H001664,202503,4037,5109,0.0
H001665,202504,4037,5109,0.0
H001666,202505,4037,5109,0.0
H001667,202506,4037,5109,0.0
H001668,202501,4038,5109,0.0
H001669,202502,4038,5109,0.0
H001670,202503,4038,5109,0.0
H001671,202504,4038,5109,0.0
H001672,202505,4038,5109,0.0
H001673,202506,4038,5109,0.0
H001674,202501,4039,5109,0.0
H001675,202502,4039,5109,0.0
H001676,202503,4039,5109,0.0
H001677,202504,4039,5109,0.0
H001678,202505,4039,5109,0.0
H001679,202506,4039,5109,0.0
H001680,202501,4040,5109,0.0
H001681,202502,4040,5109,0.0
H001682,202503,4040,5109,0.0
H001683,202504,4040,5109,0.0
H001684,202505,4040,5109,0.0
H001685,202506,4040,5109,0.0
H001686,202501,4041,5109,0.0
H001687,202502,4041,5109,0.0
H001688,202503,4041,5109,0.0
H001689,202504,4041,5109,0.0
H001690,202505,4041,5109,0.0
H001691,202506,4041,5109,0.0
H001692,202501,4042,5109,0.0
H001693,202502,4042,5109,0.0
H001694,202503,4042,5109,0.0
H001695,202504,4042,5109,0.0
H001696,202505,4042,5109,0.0
H001697,202506,4042,5109,0.0
H001698,202501,4043,5109,0.0
H001699,202502,4043,5109,0.0
H001700,202503,4043,5109,0.0
H001701,202504,4043,5109,0.0
H001702,202505,4043,5109,0.0
H001703,202506,4043,5109,0.0
H001704,202501,4044,5109,0.0
H001705,202502,4044,5109,0.0
H001706,202503,4044,5109,0.0
H001707,202504,4044,5109,0.0
H001708,202505,4044,5109,0.0
H001709,202506,4044,5109,0.0
H001710,202501,4045,5109,0.0
H001711,202502,4045,5109,0.0
H001712,202503,4045,5109,0.0
H001713,202504,4045,5109,0.0
H001714,202505,4045,5109,0.0
H001715,202506,4045,5109,0.0
H001716,202501,4046,5109,0.0
H001717,202502,4046,5109,0.0
H001718,202503,4046,5109,0.0
H001719,202504,4046,5109,0.0
H001720,202505,4046,5109,0.0
H001721,202506,4046,5109,0.0
H001722,202501,4047,5109,0.0
H001723,202502,4047,5109,0.0
H001724,202503,4047,5109,0.0
H001725,202504,4047,5109,0.0
H001726,202505,4047,5109,0.0
H001727,202506,4047,5109,0.0
H001728,202501,4048,5109,0.0
H001729,202502,4048,5109,0.0
H001730,202503,4048,5109,0.0
H001731,202504,4048,5109,0.0
H001732,202505,4048,5109,0.0
H001733,202506,4048,5109,0.0
H001734,202501,4049,5109,0.0
H001735,202502,4049,5109,0.0
H001736,202503,4049,5109,0.0
H001737,202504,4049,5109,0.0
H001738,202505,4049,5109,0.0
H001739,202506,4049,5109,0.0
H001740,202501,4050,5109,0.0
H001741,202502,4050,5109,0.0
H001742,202503,4050,5109,0.0
H001743,202504,4050,5109,0.0
H001744,202505,4050,5109,0.0
H001745,202506,4050,5109,0.0
H001746,202501,4051,5109,0.0
H001747,202502,4051,5109,0.0
H001748,202503,4051,5109,0.0
H001749,202504,4051,5109,0.0
H001750,202505,4051,5109,0.0
H001751,202506,4051,5109,0.0
H001752,202501,4052,5109,0.0
H001753,202502,4052,5109,0.0
H001754,202503,4052,5109,0.0
H001755,202504,4052,5109,0.0
H001756,202505,4052,5109,0.0
H001757,202506,4052,5109,0.0
H001758,202501,4053,5109,0.0
H001759,202502,4053,5109,0.0
H001760,202503,4053,5109,0.0
H001761,202504,4053,5109,0.0
H001762,202505,4053,5109,0.0
H001763,202506,4053,5109,0.0
H001764,202501,4054,5109,0.0
H001765,202502,4054,5109,0.0
H001766,202503,4054,5109,0.0
H001767,202504,4054,5109,0.0
H001768,202505,4054,5109,0.0
H001769,202506,4054,5109,0.0
H001770,202501,4055,5109,0.0
H001771,202502,4055,5109,0.0
H001772,202503,4055,5109,0.0
H001773,202504,4055,5109,0.0
H001774,202505,4055,5109,0.0
H001775,202506,4055,5109,0.0
H001776,202501,4056,5109,0.0
H001777,202502,4056,5109,0.0
H001778,202503,4056,5109,0.0
H001779,202504,4056,5109,0.0
H001780,202505,4056,5109,0.0
H001781,202506,4056,5109,0.0
H001782,202501,4057,5109,0.0
H001783,202502,4057,5109,0.0
H001784,202503,4057,5109,0.0
H001785,202504,4057,5109,0.0
H001786,202505,4057,5109,0.0
H001787,202506,4057,5109,0.0
H001788,202501,4058,5109,0.0
H001789,202502,4058,5109,0.0
H001790,202503,4058,5109,0.0
H001791,202504,4058,5109,0.0
H001792,202505,4058,5109,0.0
H001793,202506,4058,5109,0.0
H001794,202501,4059,5109,0.0
H001795,202502,4059,5109,0.0
H001796,202503,4059,5109,0.0
H001797,202504,4059,5109,0.0
H001798,202505,4059,5109,0.0
H001799,202506,4059,5109,0.0
H001800,202501,4060,5109,0.0
H001801,202502,4060,5109,0.0
H001802,202503,4060,5109,0.0
H001803,202504,4060,5109,0.0
H001804,202505,4060,5109,0.0
H001805,202506,4060,5109,0.0
H001806,202501,4061,5109,0.0
H001807,202502,4061,5109,0.0
H001808,202503,4061,5109,0.0
H001809,202504,4061,5109,0.0
H001810,202505,4061,5109,0.0
H001811,202506,4061,5109,0.0
H001812,202501,4062,5109,0.0
H001813,202502,4062,5109,0.0
H001814,202503,4062,5109,0.0
H001815,202504,4062,5109,0.0
H001816,202505,4062,5109,0.0
H001817,202506,4062,5109,0.0
H001818,202501,4063,5109,0.0
H001819,202502,4063,5109,0.0
H001820,202503,4063,5109,0.0
H001821,202504,4063,5109,0.0
H001822,202505,4063,5109,0.0
H001823,202506,4063,5109,0.0
H001824,202501,4064,5109,0.0
H001825,202502,4064,5109,0.0
H001826,202503,4064,5109,0.0
H001827,202504,4064,5109,0.0
H001828,202505,4064,5109,0.0
H001829,202506,4064,5109,0.0
H001830,202501,4065,5109,0.0
H001831,202502,4065,5109,0.0
H001832,202503,4065,5109,0.0
H001833,202504,4065,5109,0.0
H001834,202505,4065,5109,0.0
H001835,202506,4065,5109,0.0
H001836,202501,4066,5109,0.0
H001837,202502,4066,5109,0.0
H001838,202503,4066,5109,0.0
H001839,202504,4066,5109,0.0
H001840,202505,4066,5109,0.0
H001841,202506,4066,5109,0.0
H001842,202501,4067,5109,0.0
H001843,202502,4067,5109,0.0
H001844,202503,4067,5109,0.0
H001845,202504,4067,5109,0.0
H001846,202505,4067,5109,0.0
H001847,202506,4067,5109,0.0
H001848,202501,4068,5109,0.0
H001849,202502,4068,5109,0.0
H001850,202503,4068,5109,0.0
H001851,202504,4068,5109,0.0
H001852,202505,4068,5109,0.0
H001853,202506,4068,5109,0.0
H001854,202501,4069,5109,0.0
H001855,202502,4069,5109,0.0
H001856,202503,4069,5109,0.0
H001857,202504,4069,5109,0.0
H001858,202505,4069,5109,0.0
H001859,202506,4069,5109,0.0
H001860,202501,4070,5109,0.0
H001861,202502,4070,5109,0.0
H001862,202503,4070,5109,0.0
H001863,202504,4070,5109,0.0
H001864,202505,4070,5109,0.0
H001865,202506,4070,5109,0.0
H001866,202501,4071,5109,0.0
H001867,202502,4071,5109,0.0
H001868,202503,4071,5109,0.0
H001869,202504,4071,5109,0.0
H001870,202505,4071,5109,0.0
H001871,202506,4071,5109,0.0
H001872,202501,4072,5109,0.0
H001873,202502,4072,5109,0.0
H001874,202503,4072,5109,0.0
H001875,202504,4072,5109,0.0
H001876,202505,4072,5109,0.0
H001877,202506,4072,5109,0.0
H001878,202501,4073,5109,0.0
H001879,202502,4073,5109,0.0
H001880,202503,4073,5109,0.0
H001881,202504,4073,5109,0.0
H001882,202505,4073,5109,0.0
H001883,202506,4073,5109,0.0
H001884,202501,4074,5109,0.0
H001885,202502,4074,5109,0.0
H001886,202503,4074,5109,0.0
H001887,202504,4074,5109,0.0
H001888,202505,4074,5109,0.0
H001889,202506,4074,5109,0.0
H001890,202501,4075,5109,0.0
H001891,202502,4075,5109,0.0
H001892,202503,4075,5109,0.0
H001893,202504,4075,5109,0.0
H001894,202505,4075,5109,0.0
H001895,202506,4075,5109,0.0
H001896,202501,4076,5109,0.0
H001897,202502,4076,5109,0.0
H001898,202503,4076,5109,0.0
H001899,202504,4076,5109,0.0
H001900,202505,4076,5109,0.0
H001901,202506,4076,5109,0.0
H001902,202501,4077,5109,0.0
H001903,202502,4077,5109,0.0
H001904,202503,4077,5109,0.0
H001905,202504,4077,5109,0.0
H001906,202505,4077,5109,0.0
H001907,202506,4077,5109,0.0
H001908,202501,4078,5109,0.0
H001909,202502,4078,5109,0.0
H001910,202503,4078,5109,0.0
H001911,202504,4078,5109,0.0
H001912,202505,4078,5109,0.0
H001913,202506,4078,5109,0.0
H001914,202501,4079,5109,0.0
H001915,202502,4079,5109,0.0
H001916,202503,4079,5109,0.0
H001917,202504,4079,5109,0.0
H001918,202505,4079,5109,0.0
H001919,202506,4079,5109,0.0
H001920,202501,4000,5112,0.0
H001921,202502,4000,5112,0.0
H001922,202503,4000,5112,0.0
H001923,202504,4000,5112,0.0
H001924,202505,4000,5112,0.0
H001925,202506,4000,5112,0.0
H001926,202501,4001,5112,0.0
H001927,202502,4001,5112,0.0
H001928,202503,4001,5112,0.0
H001929,202504,4001,5112,0.0
H001930,202505,4001,5112,0.0
H001931,202506,4001,5112,0.0
H001932,202501,4002,5112,0.0
H001933,202502,4002,5112,0.0
H001934,202503,4002,5112,0.0
H001935,202504,4002,5112,0.0
H001936,202505,4002,5112,0.0
H001937,202506,4002,5112,0.0
H001938,202501,4003,5112,0.0
H001939,202502,4003,5112,0.0
H001940,202503,4003,5112,0.0
H001941,202504,4003,5112,0.0
H001942,202505,4003,5112,0.0
H001943,202506,4003,5112,0.0
H001944,202501,4004,5112,0.0
H001945,202502,4004,5112,0.0
H001946,202503,4004,5112,0.0
H001947,202504,4004,5112,0.0
H001948,202505,4004,5112,0.0
H001949,202506,4004,5112,0.0
H001950,202501,4005,5112,0.0
H001951,202502,4005,5112,0.0
H001952,202503,4005,5112,0.0
H001953,202504,4005,5112,0.0
H001954,202505,4005,5112,0.0
H001955,202506,4005,5112,0.0
H001956,202501,4006,5112,0.0
H001957,202502,4006,5112,0.0
H001958,202503,4006,5112,0.0
H001959,202504,4006,5112,0.0
H001960,202505,4006,5112,0.0
H001961,202506,4006,5112,0.0
H001962,202501,4007,5112,0.0
H001963,202502,4007,5112,0.0
H001964,202503,4007,5112,0.0
H001965,202504,4007,5112,0.0
H001966,202505,4007,5112,0.0
H001967,202506,4007,5112,0.0
H001968,202501,4008,5112,0.0
H001969,202502,4008,5112,0.0
H001970,202503,4008,5112,0.0
H001971,202504,4008,5112,0.0
H001972,202505,4008,5112,0.0
H001973,202506,4008,5112,0.0
H001974,202501,4009,5112,0.0
H001975,202502,4009,5112,0.0
H001976,202503,4009,5112,0.0
H001977,202504,4009,5112,0.0
H001978,202505,4009,5112,0.0
H001979,202506,4009,5112,0.0
H001980,202501,4010,5112,0.0
H001981,202502,4010,5112,0.0
H001982,202503,4010,5112,0.0
H001983,202504,4010,5112,0.0
H001984,202505,4010,5112,0.0
H001985,202506,4010,5112,0.0
H001986,202501,4011,5112,0.0
H001987,202502,4011,5112,0.0
H001988,202503,4011,5112,0.0
H001989,202504,4011,5112,0.0
H001990,202505,4011,5112,0.0
H001991,202506,4011,5112,0.0
H001992,202501,4012,5112,0.0
H001993,202502,4012,5112,0.0
H001994,202503,4012,5112,0.0
H001995,202504,4012,5112,0.0
H001996,202505,4012,5112,0.0
H001997,202506,4012,5112,0.0
H001998,202501,4013,5112,0.0
H001999,202502,4013,5112,0.0
H002000,202503,4013,5112,0.0
H002001,202504,4013,5112,0.0
H002002,202505,4013,5112,0.0
H002003,202506,4013,5112,0.0
H002004,202501,4014,5112,0.0
H002005,202502,4014,5112,0.0
H002006,202503,4014,5112,0.0
H002007,202504,4014,5112,0.0
H002008,202505,4014,5112,0.0
H002009,202506,4014,5112,0.0
H002010,202501,4015,5112,0.0
H002011,202502,4015,5112,0.0
H002012,202503,4015,5112,0.0
H002013,202504,4015,5112,0.0
H002014,202505,4015,5112,0.0
H002015,202506,4015,5112,0.0
H002016,202501,4016,5112,0.0
H002017,202502,4016,5112,0.0
H002018,202503,4016,5112,0.0
H002019,202504,4016,5112,0.0
H002020,202505,4016,5112,0.0
H002021,202506,4016,5112,0.0
H002022,202501,4017,5112,0.0
H002023,202502,4017,5112,0.0
H002024,202503,4017,5112,0.0
H002025,202504,4017,5112,0.0
H002026,202505,4017,5112,0.0
H002027,202506,4017,5112,0.0
H002028,202501,4018,5112,0.0
H002029,202502,4018,5112,0.0
H002030,202503,4018,5112,0.0
H002031,202504,4018,5112,0.0
H002032,202505,4018,5112,0.0
H002033,202506,4018,5112,0.0
H002034,202501,4019,5112,0.0
H002035,202502,4019,5112,0.0
H002036,202503,4019,5112,0.0
H002037,202504,4019,5112,0.0
H002038,202505,4019,5112,0.0
H002039,202506,4019,5112,0.0
H002040,202501,4020,5112,0.0
H002041,202502,4020,5112,0.0
H002042,202503,4020,5112,0.0
H002043,202504,4020,5112,0.0
H002044,202505,4020,5112,0.0
H002045,202506,4020,5112,0.0
H002046,202501,4021,5112,0.0
H002047,202502,4021,5112,0.0
H002048,202503,4021,5112,0.0
H002049,202504,4021,5112,0.0
H002050,202505,4021,5112,0.0
H002051,202506,4021,5112,0.0
H002052,202501,4022,5112,0.0
H002053,202502,4022,5112,0.0
H002054,202503,4022,5112,0.0
H002055,202504,4022,5112,0.0
H002056,202505,4022,5112,0.0
H002057,202506,4022,5112,0.0
H002058,202501,4023,5112,0.0
H002059,202502,4023,5112,0.0
H002060,202503,4023,5112,0.0
H002061,202504,4023,5112,0.0
H002062,202505,4023,5112,0.0
H002063,202506,4023,5112,0.0
H002064,202501,4024,5112,0.0
H002065,202502,4024,5112,0.0
H002066,202503,4024,5112,0.0
H002067,202504,4024,5112,0.0
H002068,202505,4024,5112,0.0
H002069,202506,4024,5112,0.0
H002070,202501,4025,5112,0.0
H002071,202502,4025,5112,0.0
H002072,202503,4025,5112,0.0
H002073,202504,4025,5112,0.0
H002074,202505,4025,5112,0.0
H002075,202506,4025,5112,0.0
H002076,202501,4026,5112,0.0
H002077,202502,4026,5112,0.0
H002078,202503,4026,5112,0.0
H002079,202504,4026,5112,0.0
H002080,202505,4026,5112,0.0
H002081,202506,4026,5112,0.0
H002082,202501,4027,5112,0.0
H002083,202502,4027,5112,0.0
H002084,202503,4027,5112,0.0
H002085,202504,4027,5112,0.0
H002086,202505,4027,5112,0.0
H002087,202506,4027,5112,0.0
H002088,202501,4028,5112,0.0
H002089,202502,4028,5112,0.0
H002090,202503,4028,5112,0.0
H002091,202504,4028,5112,0.0
H002092,202505,4028,5112,0.0
H002093,202506,4028,5112,0.0
H002094,202501,4029,5112,0.0
H002095,202502,4029,5112,0.0
H002096,202503,4029,5112,0.0
H002097,202504,4029,5112,0.0
H002098,202505,4029,5112,0.0
H002099,202506,4029,5112,0.0
H002100,202501,4030,5112,0.0
H002101,202502,4030,5112,0.0
H002102,202503,4030,5112,0.0
H002103,202504,4030,5112,0.0
H002104,202505,4030,5112,0.0
H002105,202506,4030,5112,0.0
H002106,202501,4031,5112,0.0
H002107,202502,4031,5112,0.0
H002108,202503,4031,5112,0.0
H002109,202504,4031,5112,0.0
H002110,202505,4031,5112,0.0
H002111,202506,4031,5112,0.0
H002112,202501,4032,5112,0.0
H002113,202502,4032,5112,0.0
H002114,202503,4032,5112,0.0
H002115,202504,4032,5112,0.0
H002116,202505,4032,5112,0.0
H002117,202506,4032,5112,0.0
H002118,202501,4033,5112,0.0
H002119,202502,4033,5112,0.0
H002120,202503,4033,5112,0.0
H002121,202504,4033,5112,0.0
H002122,202505,4033,5112,0.0
H002123,202506,4033,5112,0.0
H002124,202501,4034,5112,0.0
H002125,202502,4034,5112,0.0
H002126,202503,4034,5112,0.0
H002127,202504,4034,5112,0.0
H002128,202505,4034,5112,0.0
H002129,202506,4034,5112,0.0
H002130,202501,4035,5112,0.0
H002131,202502,4035,5112,0.0
H002132,202503,4035,5112,0.0
H002133,202504,4035,5112,0.0
H002134,202505,4035,5112,0.0
H002135,202506,4035,5112,0.0
H002136,202501,4036,5112,0.0
H002137,202502,4036,5112,0.0
H002138,202503,4036,5112,0.0
H002139,202504,4036,5112,0.0
H002140,202505,4036,5112,0.0
H002141,202506,4036,5112,0.0
H002142,202501,4037,5112,0.0
H002143,202502,4037,5112,0.0
H002144,202503,4037,5112,0.0
H002145,202504,4037,5112,0.0
H002146,202505,4037,5112,0.0
H002147,202506,4037,5112,0.0
H002148,202501,4038,5112,0.0
H002149,202502,4038,5112,0.0
H002150,202503,4038,5112,0.0
H002151,202504,4038,5112,0.0
H002152,202505,4038,5112,0.0
H002153,202506,4038,5112,0.0
H002154,202501,4039,5112,0.0
H002155,202502,4039,5112,0.0
H002156,202503,4039,5112,0.0
H002157,202504,4039,5112,0.0
H002158,202505,4039,5112,0.0
H002159,202506,4039,5112,0.0
H002160,202501,4040,5112,0.0
H002161,202502,4040,5112,0.0
H002162,202503,4040,5112,0.0
H002163,202504,4040,5112,0.0
H002164,202505,4040,5112,0.0
H002165,202506,4040,5112,0.0
H002166,202501,4041,5112,0.0
H002167,202502,4041,5112,0.0
H002168,202503,4041,5112,0.0
H002169,202504,4041,5112,0.0
H002170,202505,4041,5112,0.0
H002171,202506,4041,5112,0.0
H002172,202501,4042,5112,0.0
H002173,202502,4042,5112,0.0
H002174,202503,4042,5112,0.0
H002175,202504,4042,5112,0.0
H002176,202505,4042,5112,0.0
H002177,202506,4042,5112,0.0
H002178,202501,4043,5112,0.0
H002179,202502,4043,5112,0.0
H002180,202503,4043,5112,0.0
H002181,202504,4043,5112,0.0
H002182,202505,4043,5112,0.0
H002183,202506,4043,5112,0.0
H002184,202501,4044,5112,0.0
H002185,202502,4044,5112,0.0
H002186,202503,4044,5112,0.0
H002187,202504,4044,5112,0.0
H002188,202505,4044,5112,0.0
H002189,202506,4044,5112,0.0
H002190,202501,4045,5112,0.0
H002191,202502,4045,5112,0.0
H002192,202503,4045,5112,0.0
H002193,202504,4045,5112,0.0
H002194,202505,4045,5112,0.0
H002195,202506,4045,5112,0.0
H002196,202501,4046,5112,0.0
H002197,202502,4046,5112,0.0
H002198,202503,4046,5112,0.0
H002199,202504,4046,5112,0.0
H002200,202505,4046,5112,0.0
H002201,202506,4046,5112,0.0
H002202,202501,4047,5112,0.0
H002203,202502,4047,5112,0.0
H002204,202503,4047,5112,0.0
H002205,202504,4047,5112,0.0
H002206,202505,4047,5112,0.0
H002207,202506,4047,5112,0.0
H002208,202501,4048,5112,0.0
H002209,202502,4048,5112,0.0
H002210,202503,4048,5112,0.0
H002211,202504,4048,5112,0.0
H002212,202505,4048,5112,0.0
H002213,202506,4048,5112,0.0
H002214,202501,4049,5112,0.0
H002215,202502,4049,5112,0.0
H002216,202503,4049,5112,0.0
H002217,202504,4049,5112,0.0
H002218,202505,4049,5112,0.0
H002219,202506,4049,5112,0.0
H002220,202501,4050,5112,0.0
H002221,202502,4050,5112,0.0
H002222,202503,4050,5112,0.0
H002223,202504,4050,5112,0.0
H002224,202505,4050,5112,0.0
H002225,202506,4050,5112,0.0
H002226,202501,4051,5112,0.0
H002227,202502,4051,5112,0.0
H002228,202503,4051,5112,0.0
H002229,202504,4051,5112,0.0
H002230,202505,4051,5112,0.0
H002231,202506,4051,5112,0.0
H002232,202501,4052,5112,0.0
H002233,202502,4052,5112,0.0
H002234,202503,4052,5112,0.0
H002235,202504,4052,5112,0.0
H002236,202505,4052,5112,0.0
H002237,202506,4052,5112,0.0
H002238,202501,4053,5112,0.0
H002239,202502,4053,5112,0.0
H002240,202503,4053,5112,0.0
H002241,202504,4053,5112,0.0
H002242,202505,4053,5112,0.0
H002243,202506,4053,5112,0.0
H002244,202501,4054,5112,0.0
H002245,202502,4054,5112,0.0
H002246,202503,4054,5112,0.0
H002247,202504,4054,5112,0.0
H002248,202505,4054,5112,0.0
H002249,202506,4054,5112,0.0
H002250,202501,4055,5112,0.0
H002251,202502,4055,5112,0.0
H002252,202503,4055,5112,0.0
H002253,202504,4055,5112,0.0
H002254,202505,4055,5112,0.0
H002255,202506,4055,5112,0.0
H002256,202501,4056,5112,0.0
H002257,202502,4056,5112,0.0
H002258,202503,4056,5112,0.0
H002259,202504,4056,5112,0.0
H002260,202505,4056,5112,0.0
H002261,202506,4056,5112,0.0
H002262,202501,4057,5112,0.0
H002263,202502,4057,5112,0.0
H002264,202503,4057,5112,0.0
H002265,202504,4057,5112,0.0
H002266,202505,4057,5112,0.0
H002267,202506,4057,5112,0.0
H002268,202501,4058,5112,0.0
H002269,202502,4058,5112,0.0
H002270,202503,4058,5112,0.0
H002271,202504,4058,5112,0.0
H002272,202505,4058,5112,0.0
H002273,202506,4058,5112,0.0
H002274,202501,4059,5112,0.0
H002275,202502,4059,5112,0.0
H002276,202503,4059,5112,0.0
H002277,202504,4059,5112,0.0
H002278,202505,4059,5112,0.0
H002279,202506,4059,5112,0.0
H002280,202501,4060,5112,0.0
H002281,202502,4060,5112,0.0
H002282,202503,4060,5112,0.0
H002283,202504,4060,5112,0.0
H002284,202505,4060,5112,0.0
H002285,202506,4060,5112,0.0
H002286,202501,4061,5112,0.0
H002287,202502,4061,5112,0.0
H002288,202503,4061,5112,0.0
H002289,202504,4061,5112,0.0
H002290,202505,4061,5112,0.0
H002291,202506,4061,5112,0.0
H002292,202501,4062,5112,0.0
H002293,202502,4062,5112,0.0
H002294,202503,4062,5112,0.0
H002295,202504,4062,5112,0.0
H002296,202505,4062,5112,0.0
H002297,202506,4062,5112,0.0
H002298,202501,4063,5112,0.0
H002299,202502,4063,5112,0.0
H002300,202503,4063,5112,0.0
H002301,202504,4063,5112,0.0
H002302,202505,4063,5112,0.0
H002303,202506,4063,5112,0.0
H002304,202501,4064,5112,0.0
H002305,202502,4064,5112,0.0
H002306,202503,4064,5112,0.0
H002307,202504,4064,5112,0.0
H002308,202505,4064,5112,0.0
H002309,202506,4064,5112,0.0
H002310,202501,4065,5112,0.0
H002311,202502,4065,5112,0.0
H002312,202503,4065,5112,0.0
H002313,202504,4065,5112,0.0
H002314,202505,4065,5112,0.0
H002315,202506,4065,5112,0.0
H002316,202501,4066,5112,0.0
H002317,202502,4066,5112,0.0
H002318,202503,4066,5112,0.0
H002319,202504,4066,5112,0.0
H002320,202505,4066,5112,0.0
H002321,202506,4066,5112,0.0
H002322,202501,4067,5112,0.0
H002323,202502,4067,5112,0.0
H002324,202503,4067,5112,0.0
H002325,202504,4067,5112,0.0
H002326,202505,4067,5112,0.0
H002327,202506,4067,5112,0.0
H002328,202501,4068,5112,0.0
H002329,202502,4068,5112,0.0
H002330,202503,4068,5112,0.0
H002331,202504,4068,5112,0.0
H002332,202505,4068,5112,0.0
H002333,202506,4068,5112,0.0
H002334,202501,4069,5112,0.0
H002335,202502,4069,5112,0.0
H002336,202503,4069,5112,0.0
H002337,202504,4069,5112,0.0
H002338,202505,4069,5112,0.0
H002339,202506,4069,5112,0.0
H002340,202501,4070,5112,0.0
H002341,202502,4070,5112,0.0
H002342,202503,4070,5112,0.0
H002343,202504,4070,5112,0.0
H002344,202505,4070,5112,0.0
H002345,202506,4070,5112,0.0
H002346,202501,4071,5112,0.0
H002347,202502,4071,5112,0.0
H002348,202503,4071,5112,0.0
H002349,202504,4071,5112,0.0
H002350,202505,4071,5112,0.0
H002351,202506,4071,5112,0.0
H002352,202501,4072,5112,0.0
H002353,202502,4072,5112,0.0
H002354,202503,4072,5112,0.0
H002355,202504,4072,5112,0.0
H002356,202505,4072,5112,0.0
H002357,202506,4072,5112,0.0
H002358,202501,4073,5112,0.0
H002359,202502,4073,5112,0.0
H002360,202503,4073,5112,0.0
H002361,202504,4073,5112,0.0
H002362,202505,4073,5112,0.0
H002363,202506,4073,5112,0.0
H002364,202501,4074,5112,0.0
H002365,202502,4074,5112,0.0
H002366,202503,4074,5112,0.0
H002367,202504,4074,5112,0.0
H002368,202505,4074,5112,0.0
H002369,202506,4074,5112,0.0
H002370,202501,4075,5112,0.0
H002371,202502,4075,5112,0.0
H002372,202503,4075,5112,0.0
H002373,202504,4075,5112,0.0
H002374,202505,4075,5112,0.0
H002375,202506,4075,5112,0.0
H002376,202501,4076,5112,0.0
H002377,202502,4076,5112,0.0
H002378,202503,4076,5112,0.0
H002379,202504,4076,5112,0.0
H002380,202505,4076,5112,0.0
H002381,202506,4076,5112,0.0
H002382,202501,4077,5112,0.0
H002383,202502,4077,5112,0.0
H002384,202503,4077,5112,0.0
H002385,202504,4077,5112,0.0
H002386,202505,4077,5112,0.0
H002387,202506,4077,5112,0.0
H002388,202501,4078,5112,0.0
H002389,202502,4078,5112,0.0
H002390,202503,4078,5112,0.0
H002391,202504,4078,5112,0.0
H002392,202505,4078,5112,0.0
H002393,202506,4078,5112,0.0
H002394,202501,4079,5112,0.0
H002395,202502,4079,5112,0.0
H002396,202503,4079,5112,0.0
H002397,202504,4079,5112,0.0
H002398,202505,4079,5112,0.0
H002399,202506,4079,5112,0.0
H002400,202501,4000,5116,0.0
H002401,202502,4000,5116,0.0
H002402,202503,4000,5116,0.0
H002403,202504,4000,5116,0.0
H002404,202505,4000,5116,0.0
H002405,202506,4000,5116,0.0
H002406,202501,4001,5116,0.0
H002407,202502,4001,5116,0.0
H002408,202503,4001,5116,0.0
H002409,202504,4001,5116,0.0
H002410,202505,4001,5116,0.0
H002411,202506,4001,5116,0.0
H002412,202501,4002,5116,0.0
H002413,202502,4002,5116,0.0
H002414,202503,4002,5116,0.0
H002415,202504,4002,5116,0.0
H002416,202505,4002,5116,0.0
H002417,202506,4002,5116,0.0
H002418,202501,4003,5116,0.0
H002419,202502,4003,5116,0.0
H002420,202503,4003,5116,0.0
H002421,202504,4003,5116,0.0
H002422,202505,4003,5116,0.0
H002423,202506,4003,5116,0.0
H002424,202501,4004,5116,0.0
H002425,202502,4004,5116,0.0
H002426,202503,4004,5116,0.0
H002427,202504,4004,5116,0.0
H002428,202505,4004,5116,0.0
H002429,202506,4004,5116,0.0
H002430,202501,4005,5116,0.0
H002431,202502,4005,5116,0.0
H002432,202503,4005,5116,0.0
H002433,202504,4005,5116,0.0
H002434,202505,4005,5116,0.0
H002435,202506,4005,5116,0.0
H002436,202501,4006,5116,0.0
H002437,202502,4006,5116,0.0
H002438,202503,4006,5116,0.0
H002439,202504,4006,5116,0.0
H002440,202505,4006,5116,0.0
H002441,202506,4006,5116,0.0
H002442,202501,4007,5116,0.0
H002443,202502,4007,5116,0.0
H002444,202503,4007,5116,0.0
H002445,202504,4007,5116,0.0
H002446,202505,4007,5116,0.0
H002447,202506,4007,5116,0.0
H002448,202501,4008,5116,0.0
H002449,202502,4008,5116,0.0
H002450,202503,4008,5116,0.0
H002451,202504,4008,5116,0.0
H002452,202505,4008,5116,0.0
H002453,202506,4008,5116,0.0
H002454,202501,4009,5116,0.0
H002455,202502,4009,5116,0.0
H002456,202503,4009,5116,0.0
H002457,202504,4009,5116,0.0
H002458,202505,4009,5116,0.0
H002459,202506,4009,5116,0.0
H002460,202501,4010,5116,0.0
H002461,202502,4010,5116,0.0
H002462,202503,4010,5116,0.0
H002463,202504,4010,5116,0.0
H002464,202505,4010,5116,0.0
H002465,202506,4010,5116,0.0
H002466,202501,4011,5116,0.0
H002467,202502,4011,5116,0.0
H002468,202503,4011,5116,0.0
H002469,202504,4011,5116,0.0
H002470,202505,4011,5116,0.0
H002471,202506,4011,5116,0.0
H002472,202501,4012,5116,0.0
H002473,202502,4012,5116,0.0
H002474,202503,4012,5116,0.0
H002475,202504,4012,5116,0.0
H002476,202505,4012,5116,0.0
H002477,202506,4012,5116,0.0
H002478,202501,4013,5116,0.0
H002479,202502,4013,5116,0.0
H002480,202503,4013,5116,0.0
H002481,202504,4013,5116,0.0
H002482,202505,4013,5116,0.0
H002483,202506,4013,5116,0.0
H002484,202501,4014,5116,0.0
H002485,202502,4014,5116,0.0
H002486,202503,4014,5116,0.0
H002487,202504,4014,5116,0.0
H002488,202505,4014,5116,0.0
H002489,202506,4014,5116,0.0
H002490,202501,4015,5116,0.0
H002491,202502,4015,5116,0.0
H002492,202503,4015,5116,0.0
H002493,202504,4015,5116,0.0
H002494,202505,4015,5116,0.0
H002495,202506,4015,5116,0.0
H002496,202501,4016,5116,0.0
H002497,202502,4016,5116,0.0
H002498,202503,4016,5116,0.0
H002499,202504,4016,5116,0.0
H002500,202505,4016,5116,0.0
H002501,202506,4016,5116,0.0
H002502,202501,4017,5116,0.0
H002503,202502,4017,5116,0.0
H002504,202503,4017,5116,0.0
H002505,202504,4017,5116,0.0
H002506,202505,4017,5116,0.0
H002507,202506,4017,5116,0.0
H002508,202501,4018,5116,0.0
H002509,202502,4018,5116,0.0
H002510,202503,4018,5116,0.0
H002511,202504,4018,5116,0.0
H002512,202505,4018,5116,0.0
H002513,202506,4018,5116,0.0
H002514,202501,4019,5116,0.0
H002515,202502,4019,5116,0.0
H002516,202503,4019,5116,0.0
H002517,202504,4019,5116,0.0
H002518,202505,4019,5116,0.0
H002519,202506,4019,5116,0.0
H002520,202501,4020,5116,0.0
H002521,202502,4020,5116,0.0
H002522,202503,4020,5116,0.0
H002523,202504,4020,5116,0.0
H002524,202505,4020,5116,0.0
H002525,202506,4020,5116,0.0
H002526,202501,4021,5116,0.0
H002527,202502,4021,5116,0.0
H002528,202503,4021,5116,0.0
H002529,202504,4021,5116,0.0
H002530,202505,4021,5116,0.0
H002531,202506,4021,5116,0.0
H002532,202501,4022,5116,0.0
H002533,202502,4022,5116,0.0
H002534,202503,4022,5116,0.0
H002535,202504,4022,5116,0.0
H002536,202505,4022,5116,0.0
H002537,202506,4022,5116,0.0
H002538,202501,4023,5116,0.0
H002539,202502,4023,5116,0.0
H002540,202503,4023,5116,0.0
H002541,202504,4023,5116,0.0
H002542,202505,4023,5116,0.0
H002543,202506,4023,5116,0.0
H002544,202501,4024,5116,0.0
H002545,202502,4024,5116,0.0
H002546,202503,4024,5116,0.0
H002547,202504,4024,5116,0.0
H002548,202505,4024,5116,0.0
H002549,202506,4024,5116,0.0
H002550,202501,4025,5116,0.0
H002551,202502,4025,5116,0.0
H002552,202503,4025,5116,0.0
H002553,202504,4025,5116,0.0
H002554,202505,4025,5116,0.0
H002555,202506,4025,5116,0.0
H002556,202501,4026,5116,0.0
H002557,202502,4026,5116,0.0
H002558,202503,4026,5116,0.0
H002559,202504,4026,5116,0.0
H002560,202505,4026,5116,0.0
H002561,202506,4026,5116,0.0
H002562,202501,4027,5116,0.0
H002563,202502,4027,5116,0.0
H002564,202503,4027,5116,0.0
H002565,202504,4027,5116,0.0
H002566,202505,4027,5116,0.0
H002567,202506,4027,5116,0.0
H002568,202501,4028,5116,0.0
H002569,202502,4028,5116,0.0
H002570,202503,4028,5116,0.0
H002571,202504,4028,5116,0.0
H002572,202505,4028,5116,0.0
H002573,202506,4028,5116,0.0
H002574,202501,4029,5116,0.0
H002575,202502,4029,5116,0.0
H002576,202503,4029,5116,0.0
H002577,202504,4029,5116,0.0
H002578,202505,4029,5116,0.0
H002579,202506,4029,5116,0.0
H002580,202501,4030,5116,0.0
H002581,202502,4030,5116,0.0
H002582,202503,4030,5116,0.0
H002583,202504,4030,5116,0.0
H002584,202505,4030,5116,0.0
H002585,202506,4030,5116,0.0
H002586,202501,4031,5116,0.0
H002587,202502,4031,5116,0.0
H002588,202503,4031,5116,0.0
H002589,202504,4031,5116,0.0
H002590,202505,4031,5116,0.0
H002591,202506,4031,5116,0.0
H002592,202501,4032,5116,0.0
H002593,202502,4032,5116,0.0
H002594,202503,4032,5116,0.0
H002595,202504,4032,5116,0.0
H002596,202505,4032,5116,0.0
H002597,202506,4032,5116,0.0
H002598,202501,4033,5116,0.0
H002599,202502,4033,5116,0.0
H002600,202503,4033,5116,0.0
H002601,202504,4033,5116,0.0
H002602,202505,4033,5116,0.0
H002603,202506,4033,5116,0.0
H002604,202501,4034,5116,0.0
H002605,202502,4034,5116,0.0
H002606,202503,4034,5116,0.0
H002607,202504,4034,5116,0.0
H002608,202505,4034,5116,0.0
H002609,202506,4034,5116,0.0
H002610,202501,4035,5116,0.0
H002611,202502,4035,5116,0.0
H002612,202503,4035,5116,0.0
H002613,202504,4035,5116,0.0
H002614,202505,4035,5116,0.0
H002615,202506,4035,5116,0.0
H002616,202501,4036,5116,0.0
H002617,202502,4036,5116,0.0
H002618,202503,4036,5116,0.0
H002619,202504,4036,5116,0.0
H002620,202505,4036,5116,0.0
H002621,202506,4036,5116,0.0
H002622,202501,4037,5116,0.0
H002623,202502,4037,5116,0.0
H002624,202503,4037,5116,0.0
H002625,202504,4037,5116,0.0
H002626,202505,4037,5116,0.0
H002627,202506,4037,5116,0.0
H002628,202501,4038,5116,0.0
H002629,202502,4038,5116,0.0
H002630,202503,4038,5116,0.0
H002631,202504,4038,5116,0.0
H002632,202505,4038,5116,0.0
H002633,202506,4038,5116,0.0
H002634,202501,4039,5116,0.0
H002635,202502,4039,5116,0.0
H002636,202503,4039,5116,0.0
H002637,202504,4039,5116,0.0
H002638,202505,4039,5116,0.0
H002639,202506,4039,5116,0.0
H002640,202501,4040,5116,0.0
H002641,202502,4040,5116,0.0
H002642,202503,4040,5116,0.0
H002643,202504,4040,5116,0.0
H002644,202505,4040,5116,0.0
H002645,202506,4040,5116,0.0
H002646,202501,4041,5116,0.0
H002647,202502,4041,5116,0.0
H002648,202503,4041,5116,0.0
H002649,202504,4041,5116,0.0
H002650,202505,4041,5116,0.0
H002651,202506,4041,5116,0.0
H002652,202501,4042,5116,0.0
H002653,202502,4042,5116,0.0
H002654,202503,4042,5116,0.0
H002655,202504,4042,5116,0.0
H002656,202505,4042,5116,0.0
H002657,202506,4042,5116,0.0
H002658,202501,4043,5116,0.0
H002659,202502,4043,5116,0.0
H002660,202503,4043,5116,0.0
H002661,202504,4043,5116,0.0
H002662,202505,4043,5116,0.0
H002663,202506,4043,5116,0.0
H002664,202501,4044,5116,0.0
H002665,202502,4044,5116,0.0
H002666,202503,4044,5116,0.0
H002667,202504,4044,5116,0.0
H002668,202505,4044,5116,0.0
H002669,202506,4044,5116,0.0
H002670,202501,4045,5116,0.0
H002671,202502,4045,5116,0.0
H002672,202503,4045,5116,0.0
H002673,202504,4045,5116,0.0
H002674,202505,4045,5116,0.0
H002675,202506,4045,5116,0.0
H002676,202501,4046,5116,0.0
H002677,202502,4046,5116,0.0
H002678,202503,4046,5116,0.0
H002679,202504,4046,5116,0.0
H002680,202505,4046,5116,0.0
H002681,202506,4046,5116,0.0
H002682,202501,4047,5116,0.0
H002683,202502,4047,5116,0.0
H002684,202503,4047,5116,0.0
H002685,202504,4047,5116,0.0
H002686,202505,4047,5116,0.0
H002687,202506,4047,5116,0.0
H002688,202501,4048,5116,0.0
H002689,202502,4048,5116,0.0
H002690,202503,4048,5116,0.0
H002691,202504,4048,5116,0.0
H002692,202505,4048,5116,0.0
H002693,202506,4048,5116,0.0
H002694,202501,4049,5116,0.0
H002695,202502,4049,5116,0.0
H002696,202503,4049,5116,0.0
H002697,202504,4049,5116,0.0
H002698,202505,4049,5116,0.0
H002699,202506,4049,5116,0.0
H002700,202501,4050,5116,0.0
H002701,202502,4050,5116,0.0
H002702,202503,4050,5116,0.0
H002703,202504,4050,5116,0.0
H002704,202505,4050,5116,0.0
H002705,202506,4050,5116,0.0
H002706,202501,4051,5116,0.0
H002707,202502,4051,5116,0.0
H002708,202503,4051,5116,0.0
H002709,202504,4051,5116,0.0
H002710,202505,4051,5116,0.0
H002711,202506,4051,5116,0.0
H002712,202501,4052,5116,0.0
H002713,202502,4052,5116,0.0
H002714,202503,4052,5116,0.0
H002715,202504,4052,5116,0.0
H002716,202505,4052,5116,0.0
H002717,202506,4052,5116,0.0
H002718,202501,4053,5116,0.0
H002719,202502,4053,5116,0.0
H002720,202503,4053,5116,0.0
H002721,202504,4053,5116,0.0
H002722,202505,4053,5116,0.0
H002723,202506,4053,5116,0.0
H002724,202501,4054,5116,0.0
H002725,202502,4054,5116,0.0
H002726,202503,4054,5116,0.0
H002727,202504,4054,5116,0.0
H002728,202505,4054,5116,0.0
H002729,202506,4054,5116,0.0
H002730,202501,4055,5116,0.0
H002731,202502,4055,5116,0.0
H002732,202503,4055,5116,0.0
H002733,202504,4055,5116,0.0
H002734,202505,4055,5116,0.0
H002735,202506,4055,5116,0.0
H002736,202501,4056,5116,0.0
H002737,202502,4056,5116,0.0
H002738,202503,4056,5116,0.0
H002739,202504,4056,5116,0.0
H002740,202505,4056,5116,0.0
H002741,202506,4056,5116,0.0
H002742,202501,4057,5116,0.0
H002743,202502,4057,5116,0.0
H002744,202503,4057,5116,0.0
H002745,202504,4057,5116,0.0
H002746,202505,4057,5116,0.0
H002747,202506,4057,5116,0.0
H002748,202501,4058,5116,0.0
H002749,202502,4058,5116,0.0
H002750,202503,4058,5116,0.0
H002751,202504,4058,5116,0.0
H002752,202505,4058,5116,0.0
H002753,202506,4058,5116,0.0
H002754,202501,4059,5116,0.0
H002755,202502,4059,5116,0.0
H002756,202503,4059,5116,0.0
H002757,202504,4059,5116,0.0
H002758,202505,4059,5116,0.0
H002759,202506,4059,5116,0.0
H002760,202501,4060,5116,0.0
H002761,202502,4060,5116,0.0
H002762,202503,4060,5116,0.0
H002763,202504,4060,5116,0.0
H002764,202505,4060,5116,0.0
H002765,202506,4060,5116,0.0
H002766,202501,4061,5116,0.0
H002767,202502,4061,5116,0.0
H002768,202503,4061,5116,0.0
H002769,202504,4061,5116,0.0
H002770,202505,4061,5116,0.0
H002771,202506,4061,5116,0.0
H002772,202501,4062,5116,0.0
H002773,202502,4062,5116,0.0
H002774,202503,4062,5116,0.0
H002775,202504,4062,5116,0.0
H002776,202505,4062,5116,0.0
H002777,202506,4062,5116,0.0
H002778,202501,4063,5116,0.0
H002779,202502,4063,5116,0.0
H002780,202503,4063,5116,0.0
H002781,202504,4063,5116,0.0
H002782,202505,4063,5116,0.0
H002783,202506,4063,5116,0.0
H002784,202501,4064,5116,0.0
H002785,202502,4064,5116,0.0
H002786,202503,4064,5116,0.0
H002787,202504,4064,5116,0.0
H002788,202505,4064,5116,0.0
H002789,202506,4064,5116,0.0
H002790,202501,4065,5116,0.0
H002791,202502,4065,5116,0.0
H002792,202503,4065,5116,0.0
H002793,202504,4065,5116,0.0
H002794,202505,4065,5116,0.0
H002795,202506,4065,5116,0.0
H002796,202501,4066,5116,0.0
H002797,202502,4066,5116,0.0
H002798,202503,4066,5116,0.0
H002799,202504,4066,5116,0.0
H002800,202505,4066,5116,0.0
H002801,202506,4066,5116,0.0
H002802,202501,4067,5116,0.0
H002803,202502,4067,5116,0.0
H002804,202503,4067,5116,0.0
H002805,202504,4067,5116,0.0
H002806,202505,4067,5116,0.0
H002807,202506,4067,5116,0.0
H002808,202501,4068,5116,0.0
H002809,202502,4068,5116,0.0
H002810,202503,4068,5116,0.0
H002811,202504,4068,5116,0.0
H002812,202505,4068,5116,0.0
H002813,202506,4068,5116,0.0
H002814,202501,4069,5116,0.0
H002815,202502,4069,5116,0.0
H002816,202503,4069,5116,0.0
H002817,202504,4069,5116,0.0
H002818,202505,4069,5116,0.0
H002819,202506,4069,5116,0.0
H002820,202501,4070,5116,0.0
H002821,202502,4070,5116,0.0
H002822,202503,4070,5116,0.0
H002823,202504,4070,5116,0.0
H002824,202505,4070,5116,0.0
H002825,202506,4070,5116,0.0
H002826,202501,4071,5116,0.0
H002827,202502,4071,5116,0.0
H002828,202503,4071,5116,0.0
H002829,202504,4071,5116,0.0
H002830,202505,4071,5116,0.0
H002831,202506,4071,5116,0.0
H002832,202501,4072,5116,0.0
H002833,202502,4072,5116,0.0
H002834,202503,4072,5116,0.0
H002835,202504,4072,5116,0.0
H002836,202505,4072,5116,0.0
H002837,202506,4072,5116,0.0
H002838,202501,4073,5116,0.0
H002839,202502,4073,5116,0.0
H002840,202503,4073,5116,0.0
H002841,202504,4073,5116,0.0
H002842,202505,4073,5116,0.0
H002843,202506,4073,5116,0.0
H002844,202501,4074,5116,0.0
H002845,202502,4074,5116,0.0
H002846,202503,4074,5116,0.0
H002847,202504,4074,5116,0.0
H002848,202505,4074,5116,0.0
H002849,202506,4074,5116,0.0
H002850,202501,4075,5116,0.0
H002851,202502,4075,5116,0.0
H002852,202503,4075,5116,0.0
H002853,202504,4075,5116,0.0
H002854,202505,4075,5116,0.0
H002855,202506,4075,5116,0.0
H002856,202501,4076,5116,0.0
H002857,202502,4076,5116,0.0
H002858,202503,4076,5116,0.0
H002859,202504,4076,5116,0.0
H002860,202505,4076,5116,0.0
H002861,202506,4076,5116,0.0
H002862,202501,4077,5116,0.0
H002863,202502,4077,5116,0.0
H002864,202503,4077,5116,0.0
H002865,202504,4077,5116,0.0
H002866,202505,4077,5116,0.0
H002867,202506,4077,5116,0.0
H002868,202501,4078,5116,0.0
H002869,202502,4078,5116,0.0
H002870,202503,4078,5116,0.0
H002871,202504,4078,5116,0.0
H002872,202505,4078,5116,0.0
H002873,202506,4078,5116,0.0
H002874,202501,4079,5116,0.0
H002875,202502,4079,5116,0.0
H002876,202503,4079,5116,0.0
H002877,202504,4079,5116,0.0
H002878,202505,4079,5116,0.0
H002879,202506,4079,5116,0.0
H002880,202501,4000,5117,0.0
H002881,202502,4000,5117,0.0
H002882,202503,4000,5117,0.0
H002883,202504,4000,5117,0.0
H002884,202505,4000,5117,0.0
H002885,202506,4000,5117,0.0
H002886,202501,4001,5117,0.0
H002887,202502,4001,5117,0.0
H002888,202503,4001,5117,0.0
H002889,202504,4001,5117,0.0
H002890,202505,4001,5117,0.0
H002891,202506,4001,5117,0.0
H002892,202501,4002,5117,0.0
H002893,202502,4002,5117,0.0
H002894,202503,4002,5117,0.0
H002895,202504,4002,5117,0.0
H002896,202505,4002,5117,0.0
H002897,202506,4002,5117,0.0
H002898,202501,4003,5117,0.0
H002899,202502,4003,5117,0.0
H002900,202503,4003,5117,0.0
H002901,202504,4003,5117,0.0
H002902,202505,4003,5117,0.0
H002903,202506,4003,5117,0.0
H002904,202501,4004,5117,0.0
H002905,202502,4004,5117,0.0
H002906,202503,4004,5117,0.0
H002907,202504,4004,5117,0.0
H002908,202505,4004,5117,0.0
H002909,202506,4004,5117,0.0
H002910,202501,4005,5117,0.0
H002911,202502,4005,5117,0.0
H002912,202503,4005,5117,0.0
H002913,202504,4005,5117,0.0
H002914,202505,4005,5117,0.0
H002915,202506,4005,5117,0.0
H002916,202501,4006,5117,0.0
H002917,202502,4006,5117,0.0
H002918,202503,4006,5117,0.0
H002919,202504,4006,5117,0.0
H002920,202505,4006,5117,0.0
H002921,202506,4006,5117,0.0
H002922,202501,4007,5117,0.0
H002923,202502,4007,5117,0.0
H002924,202503,4007,5117,0.0
H002925,202504,4007,5117,0.0
H002926,202505,4007,5117,0.0
H002927,202506,4007,5117,0.0
H002928,202501,4008,5117,0.0
H002929,202502,4008,5117,0.0
H002930,202503,4008,5117,0.0
H002931,202504,4008,5117,0.0
H002932,202505,4008,5117,0.0
H002933,202506,4008,5117,0.0
H002934,202501,4009,5117,0.0
H002935,202502,4009,5117,0.0
H002936,202503,4009,5117,0.0
H002937,202504,4009,5117,0.0
H002938,202505,4009,5117,0.0
H002939,202506,4009,5117,0.0
H002940,202501,4010,5117,0.0
H002941,202502,4010,5117,0.0
H002942,202503,4010,5117,0.0
H002943,202504,4010,5117,0.0
H002944,202505,4010,5117,0.0
H002945,202506,4010,5117,0.0
H002946,202501,4011,5117,0.0
H002947,202502,4011,5117,0.0
H002948,202503,4011,5117,0.0
H002949,202504,4011,5117,0.0
H002950,202505,4011,5117,0.0
H002951,202506,4011,5117,0.0
H002952,202501,4012,5117,0.0
H002953,202502,4012,5117,0.0
H002954,202503,4012,5117,0.0
H002955,202504,4012,5117,0.0
H002956,202505,4012,5117,0.0
H002957,202506,4012,5117,0.0
H002958,202501,4013,5117,0.0
H002959,202502,4013,5117,0.0
H002960,202503,4013,5117,0.0
H002961,202504,4013,5117,0.0
H002962,202505,4013,5117,0.0
H002963,202506,4013,5117,0.0
H002964,202501,4014,5117,0.0
H002965,202502,4014,5117,0.0
H002966,202503,4014,5117,0.0
H002967,202504,4014,5117,0.0
H002968,202505,4014,5117,0.0
H002969,202506,4014,5117,0.0
H002970,202501,4015,5117,0.0
H002971,202502,4015,5117,0.0
H002972,202503,4015,5117,0.0
H002973,202504,4015,5117,0.0
H002974,202505,4015,5117,0.0
H002975,202506,4015,5117,0.0
H002976,202501,4016,5117,0.0
H002977,202502,4016,5117,0.0
H002978,202503,4016,5117,0.0
H002979,202504,4016,5117,0.0
H002980,202505,4016,5117,0.0
H002981,202506,4016,5117,0.0
H002982,202501,4017,5117,0.0
H002983,202502,4017,5117,0.0
H002984,202503,4017,5117,0.0
H002985,202504,4017,5117,0.0
H002986,202505,4017,5117,0.0
H002987,202506,4017,5117,0.0
H002988,202501,4018,5117,0.0
H002989,202502,4018,5117,0.0
H002990,202503,4018,5117,0.0
H002991,202504,4018,5117,0.0
H002992,202505,4018,5117,0.0
H002993,202506,4018,5117,0.0
H002994,202501,4019,5117,0.0
H002995,202502,4019,5117,0.0
H002996,202503,4019,5117,0.0
H002997,202504,4019,5117,0.0
H002998,202505,4019,5117,0.0
H002999,202506,4019,5117,0.0
H003000,202501,4020,5117,0.0
H003001,202502,4020,5117,0.0
H003002,202503,4020,5117,0.0
H003003,202504,4020,5117,0.0
H003004,202505,4020,5117,0.0
H003005,202506,4020,5117,0.0
H003006,202501,4021,5117,0.0
H003007,202502,4021,5117,0.0
H003008,202503,4021,5117,0.0
H003009,202504,4021,5117,0.0
H003010,202505,4021,5117,0.0
H003011,202506,4021,5117,0.0
H003012,202501,4022,5117,0.0
H003013,202502,4022,5117,0.0
H003014,202503,4022,5117,0.0
H003015,202504,4022,5117,0.0
H003016,202505,4022,5117,0.0
H003017,202506,4022,5117,0.0
H003018,202501,4023,5117,0.0
H003019,202502,4023,5117,0.0
H003020,202503,4023,5117,0.0
H003021,202504,4023,5117,0.0
H003022,202505,4023,5117,0.0
H003023,202506,4023,5117,0.0
H003024,202501,4024,5117,0.0
H003025,202502,4024,5117,0.0
H003026,202503,4024,5117,0.0
H003027,202504,4024,5117,0.0
H003028,202505,4024,5117,0.0
H003029,202506,4024,5117,0.0
H003030,202501,4025,5117,0.0
H003031,202502,4025,5117,0.0
H003032,202503,4025,5117,0.0
H003033,202504,4025,5117,0.0
H003034,202505,4025,5117,0.0
H003035,202506,4025,5117,0.0
H003036,202501,4026,5117,0.0
H003037,202502,4026,5117,0.0
H003038,202503,4026,5117,0.0
H003039,202504,4026,5117,0.0
H003040,202505,4026,5117,0.0
H003041,202506,4026,5117,0.0
H003042,202501,4027,5117,0.0
H003043,202502,4027,5117,0.0
H003044,202503,4027,5117,0.0
H003045,202504,4027,5117,0.0
H003046,202505,4027,5117,0.0
H003047,202506,4027,5117,0.0
H003048,202501,4028,5117,0.0
H003049,202502,4028,5117,0.0
H003050,202503,4028,5117,0.0
H003051,202504,4028,5117,0.0
H003052,202505,4028,5117,0.0
H003053,202506,4028,5117,0.0
H003054,202501,4029,5117,0.0
H003055,202502,4029,5117,0.0
H003056,202503,4029,5117,0.0
H003057,202504,4029,5117,0.0
H003058,202505,4029,5117,0.0
H003059,202506,4029,5117,0.0
H003060,202501,4030,5117,0.0
H003061,202502,4030,5117,0.0
H003062,202503,4030,5117,0.0
H003063,202504,4030,5117,0.0
H003064,202505,4030,5117,0.0
H003065,202506,4030,5117,0.0
H003066,202501,4031,5117,0.0
H003067,202502,4031,5117,0.0
H003068,202503,4031,5117,0.0
H003069,202504,4031,5117,0.0
H003070,202505,4031,5117,0.0
H003071,202506,4031,5117,0.0
H003072,202501,4032,5117,0.0
H003073,202502,4032,5117,0.0
H003074,202503,4032,5117,0.0
H003075,202504,4032,5117,0.0
H003076,202505,4032,5117,0.0
H003077,202506,4032,5117,0.0
H003078,202501,4033,5117,0.0
H003079,202502,4033,5117,0.0
H003080,202503,4033,5117,0.0
H003081,202504,4033,5117,0.0
H003082,202505,4033,5117,0.0
H003083,202506,4033,5117,0.0
H003084,202501,4034,5117,0.0
H003085,202502,4034,5117,0.0
H003086,202503,4034,5117,0.0
H003087,202504,4034,5117,0.0
H003088,202505,4034,5117,0.0
H003089,202506,4034,5117,0.0
H003090,202501,4035,5117,0.0
H003091,202502,4035,5117,0.0
H003092,202503,4035,5117,0.0
H003093,202504,4035,5117,0.0
H003094,202505,4035,5117,0.0
H003095,202506,4035,5117,0.0
H003096,202501,4036,5117,0.0
H003097,202502,4036,5117,0.0
H003098,202503,4036,5117,0.0
H003099,202504,4036,5117,0.0
H003100,202505,4036,5117,0.0
H003101,202506,4036,5117,0.0
H003102,202501,4037,5117,0.0
H003103,202502,4037,5117,0.0
H003104,202503,4037,5117,0.0
H003105,202504,4037,5117,0.0
H003106,202505,4037,5117,0.0
H003107,202506,4037,5117,0.0
H003108,202501,4038,5117,0.0
H003109,202502,4038,5117,0.0
H003110,202503,4038,5117,0.0
H003111,202504,4038,5117,0.0
H003112,202505,4038,5117,0.0
H003113,202506,4038,5117,0.0
H003114,202501,4039,5117,0.0
H003115,202502,4039,5117,0.0
H003116,202503,4039,5117,0.0
H003117,202504,4039,5117,0.0
H003118,202505,4039,5117,0.0
H003119,202506,4039,5117,0.0
H003120,202501,4040,5117,0.0
H003121,202502,4040,5117,0.0
H003122,202503,4040,5117,0.0
H003123,202504,4040,5117,0.0
H003124,202505,4040,5117,0.0
H003125,202506,4040,5117,0.0
H003126,202501,4041,5117,0.0
H003127,202502,4041,5117,0.0
H003128,202503,4041,5117,0.0
H003129,202504,4041,5117,0.0
H003130,202505,4041,5117,0.0
H003131,202506,4041,5117,0.0
H003132,202501,4042,5117,0.0
H003133,202502,4042,5117,0.0
H003134,202503,4042,5117,0.0
H003135,202504,4042,5117,0.0
H003136,202505,4042,5117,0.0
H003137,202506,4042,5117,0.0
H003138,202501,4043,5117,0.0
H003139,202502,4043,5117,0.0
H003140,202503,4043,5117,0.0
H003141,202504,4043,5117,0.0
H003142,202505,4043,5117,0.0
H003143,202506,4043,5117,0.0
H003144,202501,4044,5117,0.0
H003145,202502,4044,5117,0.0
H003146,202503,4044,5117,0.0
H003147,202504,4044,5117,0.0
H003148,202505,4044,5117,0.0
H003149,202506,4044,5117,0.0
H003150,202501,4045,5117,0.0
H003151,202502,4045,5117,0.0
H003152,202503,4045,5117,0.0
H003153,202504,4045,5117,0.0
H003154,202505,4045,5117,0.0
H003155,202506,4045,5117,0.0
H003156,202501,4046,5117,0.0
H003157,202502,4046,5117,0.0
H003158,202503,4046,5117,0.0
H003159,202504,4046,5117,0.0
H003160,202505,4046,5117,0.0
H003161,202506,4046,5117,0.0
H003162,202501,4047,5117,0.0
H003163,202502,4047,5117,0.0
H003164,202503,4047,5117,0.0
H003165,202504,4047,5117,0.0
H003166,202505,4047,5117,0.0
H003167,202506,4047,5117,0.0
H003168,202501,4048,5117,0.0
H003169,202502,4048,5117,0.0
H003170,202503,4048,5117,0.0
H003171,202504,4048,5117,0.0
H003172,202505,4048,5117,0.0
H003173,202506,4048,5117,0.0
H003174,202501,4049,5117,0.0
H003175,202502,4049,5117,0.0
H003176,202503,4049,5117,0.0
H003177,202504,4049,5117,0.0
H003178,202505,4049,5117,0.0
H003179,202506,4049,5117,0.0
H003180,202501,4050,5117,0.0
H003181,202502,4050,5117,0.0
H003182,202503,4050,5117,0.0
H003183,202504,4050,5117,0.0
H003184,202505,4050,5117,0.0
H003185,202506,4050,5117,0.0
H003186,202501,4051,5117,0.0
H003187,202502,4051,5117,0.0
H003188,202503,4051,5117,0.0
H003189,202504,4051,5117,0.0
H003190,202505,4051,5117,0.0
H003191,202506,4051,5117,0.0
H003192,202501,4052,5117,0.0
H003193,202502,4052,5117,0.0
H003194,202503,4052,5117,0.0
H003195,202504,4052,5117,0.0
H003196,202505,4052,5117,0.0
H003197,202506,4052,5117,0.0
H003198,202501,4053,5117,0.0
H003199,202502,4053,5117,0.0
H003200,202503,4053,5117,0.0
H003201,202504,4053,5117,0.0
H003202,202505,4053,5117,0.0
H003203,202506,4053,5117,0.0
H003204,202501,4054,5117,0.0
H003205,202502,4054,5117,0.0
H003206,202503,4054,5117,0.0
H003207,202504,4054,5117,0.0
H003208,202505,4054,5117,0.0
H003209,202506,4054,5117,0.0
H003210,202501,4055,5117,0.0
H003211,202502,4055,5117,0.0
H003212,202503,4055,5117,0.0
H003213,202504,4055,5117,0.0
H003214,202505,4055,5117,0.0
H003215,202506,4055,5117,0.0
H003216,202501,4056,5117,0.0
H003217,202502,4056,5117,0.0
H003218,202503,4056,5117,0.0
H003219,202504,4056,5117,0.0
H003220,202505,4056,5117,0.0
H003221,202506,4056,5117,0.0
H003222,202501,4057,5117,0.0
H003223,202502,4057,5117,0.0
H003224,202503,4057,5117,0.0
H003225,202504,4057,5117,0.0
H003226,202505,4057,5117,0.0
H003227,202506,4057,5117,0.0
H003228,202501,4058,5117,0.0
H003229,202502,4058,5117,0.0
H003230,202503,4058,5117,0.0
H003231,202504,4058,5117,0.0
H003232,202505,4058,5117,0.0
H003233,202506,4058,5117,0.0
H003234,202501,4059,5117,0.0
H003235,202502,4059,5117,0.0
H003236,202503,4059,5117,0.0
H003237,202504,4059,5117,0.0
H003238,202505,4059,5117,0.0
H003239,202506,4059,5117,0.0
H003240,202501,4060,5117,0.0
H003241,202502,4060,5117,0.0
H003242,202503,4060,5117,0.0
H003243,202504,4060,5117,0.0
H003244,202505,4060,5117,0.0
H003245,202506,4060,5117,0.0
H003246,202501,4061,5117,0.0
H003247,202502,4061,5117,0.0
H003248,202503,4061,5117,0.0
H003249,202504,4061,5117,0.0
H003250,202505,4061,5117,0.0
H003251,202506,4061,5117,0.0
H003252,202501,4062,5117,0.0
H003253,202502,4062,5117,0.0
H003254,202503,4062,5117,0.0
H003255,202504,4062,5117,0.0
H003256,202505,4062,5117,0.0
H003257,202506,4062,5117,0.0
H003258,202501,4063,5117,0.0
H003259,202502,4063,5117,0.0
H003260,202503,4063,5117,0.0
H003261,202504,4063,5117,0.0
H003262,202505,4063,5117,0.0
H003263,202506,4063,5117,0.0
H003264,202501,4064,5117,0.0
H003265,202502,4064,5117,0.0
H003266,202503,4064,5117,0.0
H003267,202504,4064,5117,0.0
H003268,202505,4064,5117,0.0
H003269,202506,4064,5117,0.0
H003270,202501,4065,5117,0.0
H003271,202502,4065,5117,0.0
H003272,202503,4065,5117,0.0
H003273,202504,4065,5117,0.0
H003274,202505,4065,5117,0.0
H003275,202506,4065,5117,0.0
H003276,202501,4066,5117,0.0
H003277,202502,4066,5117,0.0
H003278,202503,4066,5117,0.0
H003279,202504,4066,5117,0.0
H003280,202505,4066,5117,0.0
H003281,202506,4066,5117,0.0
H003282,202501,4067,5117,0.0
H003283,202502,4067,5117,0.0
H003284,202503,4067,5117,0.0
H003285,202504,4067,5117,0.0
H003286,202505,4067,5117,0.0
H003287,202506,4067,5117,0.0
H003288,202501,4068,5117,0.0
H003289,202502,4068,5117,0.0
H003290,202503,4068,5117,0.0
H003291,202504,4068,5117,0.0
H003292,202505,4068,5117,0.0
H003293,202506,4068,5117,0.0
H003294,202501,4069,5117,0.0
H003295,202502,4069,5117,0.0
H003296,202503,4069,5117,0.0
H003297,202504,4069,5117,0.0
H003298,202505,4069,5117,0.0
H003299,202506,4069,5117,0.0
H003300,202501,4070,5117,0.0
H003301,202502,4070,5117,0.0
H003302,202503,4070,5117,0.0
H003303,202504,4070,5117,0.0
H003304,202505,4070,5117,0.0
H003305,202506,4070,5117,0.0
H003306,202501,4071,5117,0.0
H003307,202502,4071,5117,0.0
H003308,202503,4071,5117,0.0
H003309,202504,4071,5117,0.0
H003310,202505,4071,5117,0.0
H003311,202506,4071,5117,0.0
H003312,202501,4072,5117,0.0
H003313,202502,4072,5117,0.0
H003314,202503,4072,5117,0.0
H003315,202504,4072,5117,0.0
H003316,202505,4072,5117,0.0
H003317,202506,4072,5117,0.0
H003318,202501,4073,5117,0.0
H003319,202502,4073,5117,0.0
H003320,202503,4073,5117,0.0
H003321,202504,4073,5117,0.0
H003322,202505,4073,5117,0.0
H003323,202506,4073,5117,0.0
H003324,202501,4074,5117,0.0
H003325,202502,4074,5117,0.0
H003326,202503,4074,5117,0.0
H003327,202504,4074,5117,0.0
H003328,202505,4074,5117,0.0
H003329,202506,4074,5117,0.0
H003330,202501,4075,5117,0.0
H003331,202502,4075,5117,0.0
H003332,202503,4075,5117,0.0
H003333,202504,4075,5117,0.0
H003334,202505,4075,5117,0.0
H003335,202506,4075,5117,0.0
H003336,202501,4076,5117,0.0
H003337,202502,4076,5117,0.0
H003338,202503,4076,5117,0.0
H003339,202504,4076,5117,0.0
H003340,202505,4076,5117,0.0
H003341,202506,4076,5117,0.0
H003342,202501,4077,5117,0.0
H003343,202502,4077,5117,0.0
H003344,202503,4077,5117,0.0
H003345,202504,4077,5117,0.0
H003346,202505,4077,5117,0.0
H003347,202506,4077,5117,0.0
H003348,202501,4078,5117,0.0
H003349,202502,4078,5117,0.0
H003350,202503,4078,5117,0.0
H003351,202504,4078,5117,0.0
H003352,202505,4078,5117,0.0
H003353,202506,4078,5117,0.0
H003354,202501,4079,5117,0.0
H003355,202502,4079,5117,0.0
H003356,202503,4079,5117,0.0
H003357,202504,4079,5117,0.0
H003358,202505,4079,5117,0.0
H003359,202506,4079,5117,0.0
H003360,202501,4000,5118,0.0
H003361,202502,4000,5118,0.0
H003362,202503,4000,5118,0.0
H003363,202504,4000,5118,0.0
H003364,202505,4000,5118,0.0
H003365,202506,4000,5118,0.0
H003366,202501,4001,5118,0.0
H003367,202502,4001,5118,0.0
H003368,202503,4001,5118,0.0
H003369,202504,4001,5118,0.0
H003370,202505,4001,5118,0.0
H003371,202506,4001,5118,0.0
H003372,202501,4002,5118,0.0
H003373,202502,4002,5118,0.0
H003374,202503,4002,5118,0.0
H003375,202504,4002,5118,0.0
H003376,202505,4002,5118,0.0
H003377,202506,4002,5118,0.0
H003378,202501,4003,5118,0.0
H003379,202502,4003,5118,0.0
H003380,202503,4003,5118,0.0
H003381,202504,4003,5118,0.0
H003382,202505,4003,5118,0.0
H003383,202506,4003,5118,0.0
H003384,202501,4004,5118,0.0
H003385,202502,4004,5118,0.0
H003386,202503,4004,5118,0.0
H003387,202504,4004,5118,0.0
H003388,202505,4004,5118,0.0
H003389,202506,4004,5118,0.0
H003390,202501,4005,5118,0.0
H003391,202502,4005,5118,0.0
H003392,202503,4005,5118,0.0
H003393,202504,4005,5118,0.0
H003394,202505,4005,5118,0.0
H003395,202506,4005,5118,0.0
H003396,202501,4006,5118,0.0
H003397,202502,4006,5118,0.0
H003398,202503,4006,5118,0.0
H003399,202504,4006,5118,0.0
H003400,202505,4006,5118,0.0
H003401,202506,4006,5118,0.0
H003402,202501,4007,5118,0.0
H003403,202502,4007,5118,0.0
H003404,202503,4007,5118,0.0
H003405,202504,4007,5118,0.0
H003406,202505,4007,5118,0.0
H003407,202506,4007,5118,0.0
H003408,202501,4008,5118,0.0
H003409,202502,4008,5118,0.0
H003410,202503,4008,5118,0.0
H003411,202504,4008,5118,0.0
H003412,202505,4008,5118,0.0
H003413,202506,4008,5118,0.0
H003414,202501,4009,5118,0.0
H003415,202502,4009,5118,0.0
H003416,202503,4009,5118,0.0
H003417,202504,4009,5118,0.0
H003418,202505,4009,5118,0.0
H003419,202506,4009,5118,0.0
H003420,202501,4010,5118,0.0
H003421,202502,4010,5118,0.0
H003422,202503,4010,5118,0.0
H003423,202504,4010,5118,0.0
H003424,202505,4010,5118,0.0
H003425,202506,4010,5118,0.0
H003426,202501,4011,5118,0.0
H003427,202502,4011,5118,0.0
H003428,202503,4011,5118,0.0
H003429,202504,4011,5118,0.0
H003430,202505,4011,5118,0.0
H003431,202506,4011,5118,0.0
H003432,202501,4012,5118,0.0
H003433,202502,4012,5118,0.0
H003434,202503,4012,5118,0.0
H003435,202504,4012,5118,0.0
H003436,202505,4012,5118,0.0
H003437,202506,4012,5118,0.0
H003438,202501,4013,5118,0.0
H003439,202502,4013,5118,0.0
H003440,202503,4013,5118,0.0
H003441,202504,4013,5118,0.0
H003442,202505,4013,5118,0.0
H003443,202506,4013,5118,0.0
H003444,202501,4014,5118,0.0
H003445,202502,4014,5118,0.0
H003446,202503,4014,5118,0.0
H003447,202504,4014,5118,0.0
H003448,202505,4014,5118,0.0
H003449,202506,4014,5118,0.0
H003450,202501,4015,5118,0.0
H003451,202502,4015,5118,0.0
H003452,202503,4015,5118,0.0
H003453,202504,4015,5118,0.0
H003454,202505,4015,5118,0.0
H003455,202506,4015,5118,0.0
H003456,202501,4016,5118,0.0
H003457,202502,4016,5118,0.0
H003458,202503,4016,5118,0.0
H003459,202504,4016,5118,0.0
H003460,202505,4016,5118,0.0
H003461,202506,4016,5118,0.0
H003462,202501,4017,5118,0.0
H003463,202502,4017,5118,0.0
H003464,202503,4017,5118,0.0
H003465,202504,4017,5118,0.0
H003466,202505,4017,5118,0.0
H003467,202506,4017,5118,0.0
H003468,202501,4018,5118,0.0
H003469,202502,4018,5118,0.0
H003470,202503,4018,5118,0.0
H003471,202504,4018,5118,0.0
H003472,202505,4018,5118,0.0
H003473,202506,4018,5118,0.0
H003474,202501,4019,5118,0.0
H003475,202502,4019,5118,0.0
H003476,202503,4019,5118,0.0
H003477,202504,4019,5118,0.0
H003478,202505,4019,5118,0.0
H003479,202506,4019,5118,0.0
H003480,202501,4020,5118,0.0
H003481,202502,4020,5118,0.0
H003482,202503,4020,5118,0.0
H003483,202504,4020,5118,0.0
H003484,202505,4020,5118,0.0
H003485,202506,4020,5118,0.0
H003486,202501,4021,5118,0.0
H003487,202502,4021,5118,0.0
H003488,202503,4021,5118,0.0
H003489,202504,4021,5118,0.0
H003490,202505,4021,5118,0.0
H003491,202506,4021,5118,0.0
H003492,202501,4022,5118,0.0
H003493,202502,4022,5118,0.0
H003494,202503,4022,5118,0.0
H003495,202504,4022,5118,0.0
H003496,202505,4022,5118,0.0
H003497,202506,4022,5118,0.0
H003498,202501,4023,5118,0.0
H003499,202502,4023,5118,0.0
H003500,202503,4023,5118,0.0
H003501,202504,4023,5118,0.0
H003502,202505,4023,5118,0.0
H003503,202506,4023,5118,0.0
H003504,202501,4024,5118,0.0
H003505,202502,4024,5118,0.0
H003506,202503,4024,5118,0.0
H003507,202504,4024,5118,0.0
H003508,202505,4024,5118,0.0
H003509,202506,4024,5118,0.0
H003510,202501,4025,5118,0.0
H003511,202502,4025,5118,0.0
H003512,202503,4025,5118,0.0
H003513,202504,4025,5118,0.0
H003514,202505,4025,5118,0.0
H003515,202506,4025,5118,0.0
H003516,202501,4026,5118,0.0
H003517,202502,4026,5118,0.0
H003518,202503,4026,5118,0.0
H003519,202504,4026,5118,0.0
H003520,202505,4026,5118,0.0
H003521,202506,4026,5118,0.0
H003522,202501,4027,5118,0.0
H003523,202502,4027,5118,0.0
H003524,202503,4027,5118,0.0
H003525,202504,4027,5118,0.0
H003526,202505,4027,5118,0.0
H003527,202506,4027,5118,0.0
H003528,202501,4028,5118,0.0
H003529,202502,4028,5118,0.0
H003530,202503,4028,5118,0.0
H003531,202504,4028,5118,0.0
H003532,202505,4028,5118,0.0
H003533,202506,4028,5118,0.0
H003534,202501,4029,5118,0.0
H003535,202502,4029,5118,0.0
H003536,202503,4029,5118,0.0
H003537,202504,4029,5118,0.0
H003538,202505,4029,5118,0.0
H003539,202506,4029,5118,0.0
H003540,202501,4030,5118,0.0
H003541,202502,4030,5118,0.0
H003542,202503,4030,5118,0.0
H003543,202504,4030,5118,0.0
H003544,202505,4030,5118,0.0
H003545,202506,4030,5118,0.0
H003546,202501,4031,5118,0.0
H003547,202502,4031,5118,0.0
H003548,202503,4031,5118,0.0
H003549,202504,4031,5118,0.0
H003550,202505,4031,5118,0.0
H003551,202506,4031,5118,0.0
H003552,202501,4032,5118,0.0
H003553,202502,4032,5118,0.0
H003554,202503,4032,5118,0.0
H003555,202504,4032,5118,0.0
H003556,202505,4032,5118,0.0
H003557,202506,4032,5118,0.0
H003558,202501,4033,5118,0.0
H003559,202502,4033,5118,0.0
H003560,202503,4033,5118,0.0
H003561,202504,4033,5118,0.0
H003562,202505,4033,5118,0.0
H003563,202506,4033,5118,0.0
H003564,202501,4034,5118,0.0
H003565,202502,4034,5118,0.0
H003566,202503,4034,5118,0.0
H003567,202504,4034,5118,0.0
H003568,202505,4034,5118,0.0
H003569,202506,4034,5118,0.0
H003570,202501,4035,5118,0.0
H003571,202502,4035,5118,0.0
H003572,202503,4035,5118,0.0
H003573,202504,4035,5118,0.0
H003574,202505,4035,5118,0.0
H003575,202506,4035,5118,0.0
H003576,202501,4036,5118,0.0
H003577,202502,4036,5118,0.0
H003578,202503,4036,5118,0.0
H003579,202504,4036,5118,0.0
H003580,202505,4036,5118,0.0
H003581,202506,4036,5118,0.0
H003582,202501,4037,5118,0.0
H003583,202502,4037,5118,0.0
H003584,202503,4037,5118,0.0
H003585,202504,4037,5118,0.0
H003586,202505,4037,5118,0.0
H003587,202506,4037,5118,0.0
H003588,202501,4038,5118,0.0
H003589,202502,4038,5118,0.0
H003590,202503,4038,5118,0.0
H003591,202504,4038,5118,0.0
H003592,202505,4038,5118,0.0
H003593,202506,4038,5118,0.0
H003594,202501,4039,5118,0.0
H003595,202502,4039,5118,0.0
H003596,202503,4039,5118,0.0
H003597,202504,4039,5118,0.0
H003598,202505,4039,5118,0.0
H003599,202506,4039,5118,0.0
H003600,202501,4040,5118,0.0
H003601,202502,4040,5118,0.0
H003602,202503,4040,5118,0.0
H003603,202504,4040,5118,0.0
H003604,202505,4040,5118,0.0
H003605,202506,4040,5118,0.0
H003606,202501,4041,5118,0.0
H003607,202502,4041,5118,0.0
H003608,202503,4041,5118,0.0
H003609,202504,4041,5118,0.0
H003610,202505,4041,5118,0.0
H003611,202506,4041,5118,0.0
H003612,202501,4042,5118,0.0
H003613,202502,4042,5118,0.0
H003614,202503,4042,5118,0.0
H003615,202504,4042,5118,0.0
H003616,202505,4042,5118,0.0
H003617,202506,4042,5118,0.0
H003618,202501,4043,5118,0.0
H003619,202502,4043,5118,0.0
H003620,202503,4043,5118,0.0
H003621,202504,4043,5118,0.0
H003622,202505,4043,5118,0.0
H003623,202506,4043,5118,0.0
H003624,202501,4044,5118,0.0
H003625,202502,4044,5118,0.0
H003626,202503,4044,5118,0.0
H003627,202504,4044,5118,0.0
H003628,202505,4044,5118,0.0
H003629,202506,4044,5118,0.0
H003630,202501,4045,5118,0.0
H003631,202502,4045,5118,0.0
H003632,202503,4045,5118,0.0
H003633,202504,4045,5118,0.0
H003634,202505,4045,5118,0.0
H003635,202506,4045,5118,0.0
H003636,202501,4046,5118,0.0
H003637,202502,4046,5118,0.0
H003638,202503,4046,5118,0.0
H003639,202504,4046,5118,0.0
H003640,202505,4046,5118,0.0
H003641,202506,4046,5118,0.0
H003642,202501,4047,5118,0.0
H003643,202502,4047,5118,0.0
H003644,202503,4047,5118,0.0
H003645,202504,4047,5118,0.0
H003646,202505,4047,5118,0.0
H003647,202506,4047,5118,0.0
H003648,202501,4048,5118,0.0
H003649,202502,4048,5118,0.0
H003650,202503,4048,5118,0.0
H003651,202504,4048,5118,0.0
H003652,202505,4048,5118,0.0
H003653,202506,4048,5118,0.0
H003654,202501,4049,5118,0.0
H003655,202502,4049,5118,0.0
H003656,202503,4049,5118,0.0
H003657,202504,4049,5118,0.0
H003658,202505,4049,5118,0.0
H003659,202506,4049,5118,0.0
H003660,202501,4050,5118,0.0
H003661,202502,4050,5118,0.0
H003662,202503,4050,5118,0.0
H003663,202504,4050,5118,0.0
H003664,202505,4050,5118,0.0
H003665,202506,4050,5118,0.0
H003666,202501,4051,5118,0.0
H003667,202502,4051,5118,0.0
H003668,202503,4051,5118,0.0
H003669,202504,4051,5118,0.0
H003670,202505,4051,5118,0.0
H003671,202506,4051,5118,0.0
H003672,202501,4052,5118,0.0
H003673,202502,4052,5118,0.0
H003674,202503,4052,5118,0.0
H003675,202504,4052,5118,0.0
H003676,202505,4052,5118,0.0
H003677,202506,4052,5118,0.0
H003678,202501,4053,5118,0.0
H003679,202502,4053,5118,0.0
H003680,202503,4053,5118,0.0
H003681,202504,4053,5118,0.0
H003682,202505,4053,5118,0.0
H003683,202506,4053,5118,0.0
H003684,202501,4054,5118,0.0
H003685,202502,4054,5118,0.0
H003686,202503,4054,5118,0.0
H003687,202504,4054,5118,0.0
H003688,202505,4054,5118,0.0
H003689,202506,4054,5118,0.0
H003690,202501,4055,5118,0.0
H003691,202502,4055,5118,0.0
H003692,202503,4055,5118,0.0
H003693,202504,4055,5118,0.0
H003694,202505,4055,5118,0.0
H003695,202506,4055,5118,0.0
H003696,202501,4056,5118,0.0
H003697,202502,4056,5118,0.0
H003698,202503,4056,5118,0.0
H003699,202504,4056,5118,0.0
H003700,202505,4056,5118,0.0
H003701,202506,4056,5118,0.0
H003702,202501,4057,5118,0.0
H003703,202502,4057,5118,0.0
H003704,202503,4057,5118,0.0
H003705,202504,4057,5118,0.0
H003706,202505,4057,5118,0.0
H003707,202506,4057,5118,0.0
H003708,202501,4058,5118,0.0
H003709,202502,4058,5118,0.0
H003710,202503,4058,5118,0.0
H003711,202504,4058,5118,0.0
H003712,202505,4058,5118,0.0
H003713,202506,4058,5118,0.0
H003714,202501,4059,5118,0.0
H003715,202502,4059,5118,0.0
H003716,202503,4059,5118,0.0
H003717,202504,4059,5118,0.0
H003718,202505,4059,5118,0.0
H003719,202506,4059,5118,0.0
H003720,202501,4060,5118,0.0
H003721,202502,4060,5118,0.0
H003722,202503,4060,5118,0.0
H003723,202504,4060,5118,0.0
H003724,202505,4060,5118,0.0
H003725,202506,4060,5118,0.0
H003726,202501,4061,5118,0.0
H003727,202502,4061,5118,0.0
H003728,202503,4061,5118,0.0
H003729,202504,4061,5118,0.0
H003730,202505,4061,5118,0.0
H003731,202506,4061,5118,0.0
H003732,202501,4062,5118,0.0
H003733,202502,4062,5118,0.0
H003734,202503,4062,5118,0.0
H003735,202504,4062,5118,0.0
H003736,202505,4062,5118,0.0
H003737,202506,4062,5118,0.0
H003738,202501,4063,5118,0.0
H003739,202502,4063,5118,0.0
H003740,202503,4063,5118,0.0
H003741,202504,4063,5118,0.0
H003742,202505,4063,5118,0.0
H003743,202506,4063,5118,0.0
H003744,202501,4064,5118,0.0
H003745,202502,4064,5118,0.0
H003746,202503,4064,5118,0.0
H003747,202504,4064,5118,0.0
H003748,202505,4064,5118,0.0
H003749,202506,4064,5118,0.0
H003750,202501,4065,5118,0.0
H003751,202502,4065,5118,0.0
H003752,202503,4065,5118,0.0
H003753,202504,4065,5118,0.0
H003754,202505,4065,5118,0.0
H003755,202506,4065,5118,0.0
H003756,202501,4066,5118,0.0
H003757,202502,4066,5118,0.0
H003758,202503,4066,5118,0.0
H003759,202504,4066,5118,0.0
H003760,202505,4066,5118,0.0
H003761,202506,4066,5118,0.0
H003762,202501,4067,5118,0.0
H003763,202502,4067,5118,0.0
H003764,202503,4067,5118,0.0
H003765,202504,4067,5118,0.0
H003766,202505,4067,5118,0.0
H003767,202506,4067,5118,0.0
H003768,202501,4068,5118,0.0
H003769,202502,4068,5118,0.0
H003770,202503,4068,5118,0.0
H003771,202504,4068,5118,0.0
H003772,202505,4068,5118,0.0
H003773,202506,4068,5118,0.0
H003774,202501,4069,5118,0.0
H003775,202502,4069,5118,0.0
H003776,202503,4069,5118,0.0
H003777,202504,4069,5118,0.0
H003778,202505,4069,5118,0.0
H003779,202506,4069,5118,0.0
H003780,202501,4070,5118,0.0
H003781,202502,4070,5118,0.0
H003782,202503,4070,5118,0.0
H003783,202504,4070,5118,0.0
H003784,202505,4070,5118,0.0
H003785,202506,4070,5118,0.0
H003786,202501,4071,5118,0.0
H003787,202502,4071,5118,0.0
H003788,202503,4071,5118,0.0
H003789,202504,4071,5118,0.0
H003790,202505,4071,5118,0.0
H003791,202506,4071,5118,0.0
H003792,202501,4072,5118,0.0
H003793,202502,4072,5118,0.0
H003794,202503,4072,5118,0.0
H003795,202504,4072,5118,0.0
H003796,202505,4072,5118,0.0
H003797,202506,4072,5118,0.0
H003798,202501,4073,5118,0.0
H003799,202502,4073,5118,0.0
H003800,202503,4073,5118,0.0
H003801,202504,4073,5118,0.0
H003802,202505,4073,5118,0.0
H003803,202506,4073,5118,0.0
H003804,202501,4074,5118,0.0
H003805,202502,4074,5118,0.0
H003806,202503,4074,5118,0.0
H003807,202504,4074,5118,0.0
H003808,202505,4074,5118,0.0
H003809,202506,4074,5118,0.0
H003810,202501,4075,5118,0.0
H003811,202502,4075,5118,0.0
H003812,202503,4075,5118,0.0
H003813,202504,4075,5118,0.0
H003814,202505,4075,5118,0.0
H003815,202506,4075,5118,0.0
H003816,202501,4076,5118,0.0
H003817,202502,4076,5118,0.0
H003818,202503,4076,5118,0.0
H003819,202504,4076,5118,0.0
H003820,202505,4076,5118,0.0
H003821,202506,4076,5118,0.0
H003822,202501,4077,5118,0.0
H003823,202502,4077,5118,0.0
H003824,202503,4077,5118,0.0
H003825,202504,4077,5118,0.0
H003826,202505,4077,5118,0.0
H003827,202506,4077,5118,0.0
H003828,202501,4078,5118,0.0
H003829,202502,4078,5118,0.0
H003830,202503,4078,5118,0.0
H003831,202504,4078,5118,0.0
H003832,202505,4078,5118,0.0
H003833,202506,4078,5118,0.0
H003834,202501,4079,5118,0.0
H003835,202502,4079,5118,0.0
H003836,202503,4079,5118,0.0
H003837,202504,4079,5118,0.0
H003838,202505,4079,5118,0.0
H003839,202506,4079,5118,0.0
